0,0,0,0,0,0,0,0,0,2047,2047,2047,2047,2047,2047,2047,0,0,0,0,0,0,0,0,0,0,0,0,0,0,0,0,2047,2047,2047,2047,2047,2047,2047,2047,2047,2047,2047,0,0,0,0,0,0,0,0,0,0,0,0,2047,2047,2047,2047,2047,2047,2047,2047,2047,2047,2047,2047,2047,2047,2047,0,0,0,0,0,0,0,0,0,2047,2047,2047,2047,2047,2047,2047,2047,2047,2047,2047,2047,2047,2047,2047,2047,2047,0,0,0,0,0,0,0,2047,2047,2047,2047,2047,2047,2047,2047,2047,2047,2047,2047,2047,2047,2047,2047,2047,2047,2047,0,0,0,0,0,2047,2047,2047,2047,2047,2047,2047,2047,2047,2047,2047,2047,2047,2047,2047,2047,2047,2047,2047,2047,2047,0,0,0,0,2047,2047,2047,2047,2047,2047,2047,2047,2047,2047,2047,2047,2047,2047,2047,2047,2047,2047,2047,2047,2047,0,0,0,2047,2047,2047,2047,2047,2047,2047,2047,2047,2047,2047,2047,2047,2047,2047,2047,2047,2047,2047,2047,2047,2047,2047,0,0,2047,2047,2047,2047,2047,2047,2047,2047,2047,2047,2047,2047,2047,2047,2047,2047,2047,2047,2047,2047,2047,2047,2047,0,2047,2047,2047,2047,2047,2047,2047,2047,2047,2047,2047,2047,2047,2047,2047,2047,2047,2047,2047,2047,2047,2047,2047,2047,2047,2047,2047,2047,2047,2047,2047,2047,2047,2047,2047,2047,2047,2047,2047,2047,2047,2047,2047,2047,2047,2047,2047,2047,2047,2047,2047,2047,2047,2047,2047,2047,2047,2047,2047,2047,2047,2047,2047,2047,2047,2047,2047,2047,2047,2047,2047,2047,2047,2047,2047,2047,2047,2047,2047,2047,2047,2047,2047,2047,2047,2047,2047,2047,2047,2047,2047,2047,2047,2047,2047,2047,2047,2047,2047,2047,2047,2047,2047,2047,2047,2047,2047,2047,2047,2047,2047,2047,2047,2047,2047,2047,2047,2047,2047,2047,2047,2047,2047,2047,2047,2047,2047,2047,2047,2047,2047,2047,2047,2047,2047,2047,2047,2047,2047,2047,2047,2047,2047,2047,2047,2047,2047,2047,2047,2047,2047,2047,2047,2047,2047,2047,2047,2047,2047,2047,2047,2047,2047,2047,2047,2047,2047,2047,2047,2047,2047,2047,2047,2047,2047,0,2047,2047,2047,2047,2047,2047,2047,2047,2047,2047,2047,2047,2047,2047,2047,2047,2047,2047,2047,2047,2047,2047,2047,0,0,2047,2047,2047,2047,2047,2047,2047,2047,2047,2047,2047,2047,2047,2047,2047,2047,2047,2047,2047,2047,2047,2047,2047,0,0,0,2047,2047,2047,2047,2047,2047,2047,2047,2047,2047,2047,2047,2047,2047,2047,2047,2047,2047,2047,2047,2047,0,0,0,0,2047,2047,2047,2047,2047,2047,2047,2047,2047,2047,2047,2047,2047,2047,2047,2047,2047,2047,2047,2047,2047,0,0,0,0,0,2047,2047,2047,2047,2047,2047,2047,2047,2047,2047,2047,2047,2047,2047,2047,2047,2047,2047,2047,0,0,0,0,0,0,0,2047,2047,2047,2047,2047,2047,2047,2047,2047,2047,2047,2047,2047,2047,2047,2047,2047,0,0,0,0,0,0,0,0,0,2047,2047,2047,2047,2047,2047,2047,2047,2047,2047,2047,2047,2047,2047,2047,0,0,0,0,0,0,0,0,0,0,0,0,2047,2047,2047,2047,2047,2047,2047,2047,2047,2047,2047,0,0,0,0,0,0,0,0,0,0,0,0,0,0,0,0,2047,2047,2047,2047,2047,2047,2047,0,0,0,0,0,0,0,0,0,
0,0,0,0,0,0,0,0,0,2047,2047,2047,2047,2047,2047,2047,0,0,0,0,0,0,0,0,0,0,0,0,0,0,0,0,2047,2047,2047,2047,2047,2047,2047,2047,2047,2047,2047,0,0,0,0,0,0,0,0,0,0,0,0,2047,2047,2047,2047,2047,2047,2047,2047,2047,2047,2047,2047,2047,2047,2047,0,0,0,0,0,0,0,0,0,2047,2047,2047,2047,2047,2047,2047,2047,2047,2047,2047,2047,2047,2047,2047,2047,2047,0,0,0,0,0,0,0,2047,2047,2047,2047,2047,2047,2047,2047,2047,2047,2047,2047,2047,2047,2047,2047,2047,2047,2047,0,0,0,0,0,2047,2047,2047,2047,2047,2047,2047,2047,2047,2047,2047,2047,2047,2047,2047,2047,2047,2047,2047,2047,2047,0,0,0,0,2047,2047,2047,2047,2047,2047,2047,2047,2047,2047,2047,2047,2047,2047,2047,2047,2047,2047,2047,2047,2047,0,0,0,2047,2047,2047,2047,2047,2047,2047,2047,2047,2047,2047,2047,2047,2047,2047,2047,2047,2047,2047,2047,2047,2047,2047,0,0,2047,2047,2047,2047,2047,2047,2047,2047,2047,2047,2047,2047,2047,2047,2047,2047,2047,2047,2047,2047,2047,2047,2047,0,2047,2047,2047,2047,2047,2047,2047,2047,2047,2047,2047,2047,2047,2047,2047,2047,2047,2047,2047,2047,2047,2047,2047,2047,2047,2047,2047,2047,2047,2047,2047,2047,2047,2047,2047,2047,2047,2047,2047,2047,2047,2047,2047,2047,2047,2047,2047,2047,2047,2047,2047,2047,2047,2047,2047,2047,2047,2047,2047,2047,2047,2047,2047,2047,2047,2047,2047,2047,2047,2047,2047,2047,2047,2047,2047,2047,2047,2047,2047,2047,2047,2047,2047,2047,2047,2047,2047,2047,2047,2047,2047,2047,2047,2047,2047,2047,2047,2047,2047,2047,2047,2047,2047,2047,2047,2047,2047,2047,2047,2047,2047,2047,2047,2047,2047,2047,2047,2047,2047,2047,2047,2047,2047,2047,2047,2047,2047,2047,2047,2047,2047,2047,2047,2047,2047,2047,2047,2047,2047,2047,2047,2047,2047,2047,2047,2047,2047,2047,2047,2047,2047,2047,2047,2047,2047,2047,2047,2047,2047,2047,2047,2047,2047,2047,2047,2047,2047,2047,2047,2047,2047,2047,2047,2047,2047,0,2047,2047,2047,2047,2047,2047,2047,2047,2047,2047,2047,2047,2047,2047,2047,2047,2047,2047,2047,2047,2047,2047,2047,0,0,2047,2047,2047,2047,2047,2047,2047,2047,2047,2047,2047,2047,2047,2047,2047,2047,2047,2047,2047,2047,2047,2047,2047,0,0,0,2047,2047,2047,2047,2047,2047,2047,2047,2047,2047,2047,2047,2047,2047,2047,2047,2047,2047,2047,2047,2047,0,0,0,0,2047,2047,2047,2047,2047,2047,2047,2047,2047,2047,2047,2047,2047,2047,2047,2047,2047,2047,2047,2047,2047,0,0,0,0,0,2047,2047,2047,2047,2047,2047,2047,2047,2047,2047,2047,2047,2047,2047,2047,2047,2047,2047,2047,0,0,0,0,0,0,0,2047,2047,2047,2047,2047,2047,2047,2047,2047,2047,2047,2047,2047,2047,2047,2047,2047,0,0,0,0,0,0,0,0,0,2047,2047,2047,2047,2047,2047,2047,2047,2047,2047,2047,2047,2047,2047,2047,0,0,0,0,0,0,0,0,0,0,0,0,2047,2047,2047,2047,2047,2047,2047,2047,2047,2047,2047,0,0,0,0,0,0,0,0,0,0,0,0,0,0,0,0,2047,2047,2047,2047,2047,2047,2047,0,0,0,0,0,0,0,0,0,
0,0,0,0,0,0,0,0,0,2047,2047,2047,2047,2047,2047,2047,0,0,0,0,0,0,0,0,0,0,0,0,0,0,0,0,2047,2047,2047,2047,2047,2047,2047,2047,2047,2047,2047,0,0,0,0,0,0,0,0,0,0,0,0,2047,2047,2047,2047,2047,2047,2047,2047,2047,2047,2047,2047,2047,2047,2047,0,0,0,0,0,0,0,0,0,2047,2047,2047,2047,2047,2047,2047,2047,2047,2047,2047,2047,2047,2047,2047,2047,2047,0,0,0,0,0,0,0,2047,2047,2047,2047,2047,2047,2047,2047,2047,2047,2047,2047,2047,2047,2047,2047,2047,2047,2047,0,0,0,0,0,2047,2047,2047,2047,2047,2047,2047,2047,2047,2047,2047,2047,2047,2047,2047,2047,2047,2047,2047,2047,2047,0,0,0,0,2047,2047,2047,2047,2047,2047,2047,2047,2047,2047,2047,2047,2047,2047,2047,2047,2047,2047,2047,2047,2047,0,0,0,2047,2047,2047,2047,2047,2047,2047,2047,2047,2047,2047,2047,2047,2047,2047,2047,2047,2047,2047,2047,2047,2047,2047,0,0,2047,2047,2047,2047,2047,2047,2047,2047,2047,2047,2047,2047,2047,2047,2047,2047,2047,2047,2047,2047,2047,2047,2047,0,2047,2047,2047,2047,2047,2047,2047,2047,2047,2047,2047,2047,2047,2047,2047,2047,2047,2047,2047,2047,2047,2047,2047,2047,2047,2047,2047,2047,2047,2047,2047,2047,2047,2047,2047,2047,2047,2047,2047,2047,2047,2047,2047,2047,2047,2047,2047,2047,2047,2047,2047,2047,2047,2047,2047,2047,2047,2047,2047,2047,2047,2047,2047,2047,2047,2047,2047,2047,2047,2047,2047,2047,2047,2047,2047,2047,2047,2047,2047,2047,2047,2047,2047,2047,2047,2047,2047,2047,2047,2047,2047,2047,2047,2047,2047,2047,2047,2047,2047,2047,2047,2047,2047,2047,2047,2047,2047,2047,2047,2047,2047,2047,2047,2047,2047,2047,2047,2047,2047,2047,2047,2047,2047,2047,2047,2047,2047,2047,2047,2047,2047,2047,2047,2047,2047,2047,2047,2047,2047,2047,2047,2047,2047,2047,2047,2047,2047,2047,2047,2047,2047,2047,2047,2047,2047,2047,2047,2047,2047,2047,2047,2047,2047,2047,2047,2047,2047,2047,2047,2047,2047,2047,2047,2047,2047,0,2047,2047,2047,2047,2047,2047,2047,2047,2047,2047,2047,2047,2047,2047,2047,2047,2047,2047,2047,2047,2047,2047,2047,0,0,2047,2047,2047,2047,2047,2047,2047,2047,2047,2047,2047,2047,2047,2047,2047,2047,2047,2047,2047,2047,2047,2047,2047,0,0,0,2047,2047,2047,2047,2047,2047,2047,2047,2047,2047,2047,2047,2047,2047,2047,2047,2047,2047,2047,2047,2047,0,0,0,0,2047,2047,2047,2047,2047,2047,2047,2047,2047,2047,2047,2047,2047,2047,2047,2047,2047,2047,2047,2047,2047,0,0,0,0,0,2047,2047,2047,2047,2047,2047,2047,2047,2047,2047,2047,2047,2047,2047,2047,2047,2047,2047,2047,0,0,0,0,0,0,0,2047,2047,2047,2047,2047,2047,2047,2047,2047,2047,2047,2047,2047,2047,2047,2047,2047,0,0,0,0,0,0,0,0,0,2047,2047,2047,2047,2047,2047,2047,2047,2047,2047,2047,2047,2047,2047,2047,0,0,0,0,0,0,0,0,0,0,0,0,2047,2047,2047,2047,2047,2047,2047,2047,2047,2047,2047,0,0,0,0,0,0,0,0,0,0,0,0,0,0,0,0,2047,2047,2047,2047,2047,2047,2047,0,0,0,0,0,0,0,0,0,
0,0,0,0,0,0,0,0,0,2047,2047,2047,2047,2047,2047,2047,0,0,0,0,0,0,0,0,0,0,0,0,0,0,0,0,2047,2047,2047,2047,2047,2047,2047,2047,2047,2047,2047,0,0,0,0,0,0,0,0,0,0,0,0,2047,2047,2047,2047,2047,2047,2047,2047,2047,2047,2047,2047,2047,2047,2047,0,0,0,0,0,0,0,0,0,2047,2047,2047,2047,2047,2047,2047,2047,2047,2047,2047,2047,2047,2047,2047,2047,2047,0,0,0,0,0,0,0,2047,2047,2047,2047,2047,2047,2047,2047,2047,2047,2047,2047,2047,2047,2047,2047,2047,2047,2047,0,0,0,0,0,2047,2047,2047,2047,2047,2047,2047,2047,2047,2047,2047,2047,2047,2047,2047,2047,2047,2047,2047,2047,2047,0,0,0,0,2047,2047,2047,2047,2047,2047,2047,2047,2047,2047,2047,2047,2047,2047,2047,2047,2047,2047,2047,2047,2047,0,0,0,2047,2047,2047,2047,2047,2047,2047,2047,2047,2047,2047,2047,2047,2047,2047,2047,2047,2047,2047,2047,2047,2047,2047,0,0,2047,2047,2047,2047,2047,2047,2047,2047,2047,2047,2047,2047,2047,2047,2047,2047,2047,2047,2047,2047,2047,2047,2047,0,2047,2047,2047,2047,2047,2047,2047,2047,2047,2047,2047,2047,2047,2047,2047,2047,2047,2047,2047,2047,2047,2047,2047,2047,2047,2047,2047,2047,2047,2047,2047,2047,2047,2047,2047,2047,2047,2047,2047,2047,2047,2047,2047,2047,2047,2047,2047,2047,2047,2047,2047,2047,2047,2047,2047,2047,2047,2047,2047,2047,2047,2047,2047,2047,2047,2047,2047,2047,2047,2047,2047,2047,2047,2047,2047,2047,2047,2047,2047,2047,2047,2047,2047,2047,2047,2047,2047,2047,2047,2047,2047,2047,2047,2047,2047,2047,2047,2047,2047,2047,2047,2047,2047,2047,2047,2047,2047,2047,2047,2047,2047,2047,2047,2047,2047,2047,2047,2047,2047,2047,2047,2047,2047,2047,2047,2047,2047,2047,2047,2047,2047,2047,2047,2047,2047,2047,2047,2047,2047,2047,2047,2047,2047,2047,2047,2047,2047,2047,2047,2047,2047,2047,2047,2047,2047,2047,2047,2047,2047,2047,2047,2047,2047,2047,2047,2047,2047,2047,2047,2047,2047,2047,2047,2047,2047,0,2047,2047,2047,2047,2047,2047,2047,2047,2047,2047,2047,2047,2047,2047,2047,2047,2047,2047,2047,2047,2047,2047,2047,0,0,2047,2047,2047,2047,2047,2047,2047,2047,2047,2047,2047,2047,2047,2047,2047,2047,2047,2047,2047,2047,2047,2047,2047,0,0,0,2047,2047,2047,2047,2047,2047,2047,2047,2047,2047,2047,2047,2047,2047,2047,2047,2047,2047,2047,2047,2047,0,0,0,0,2047,2047,2047,2047,2047,2047,2047,2047,2047,2047,2047,2047,2047,2047,2047,2047,2047,2047,2047,2047,2047,0,0,0,0,0,2047,2047,2047,2047,2047,2047,2047,2047,2047,2047,2047,2047,2047,2047,2047,2047,2047,2047,2047,0,0,0,0,0,0,0,2047,2047,2047,2047,2047,2047,2047,2047,2047,2047,2047,2047,2047,2047,2047,2047,2047,0,0,0,0,0,0,0,0,0,2047,2047,2047,2047,2047,2047,2047,2047,2047,2047,2047,2047,2047,2047,2047,0,0,0,0,0,0,0,0,0,0,0,0,2047,2047,2047,2047,2047,2047,2047,2047,2047,2047,2047,0,0,0,0,0,0,0,0,0,0,0,0,0,0,0,0,2047,2047,2047,2047,2047,2047,2047,0,0,0,0,0,0,0,0,0,
0,0,0,0,0,0,0,0,0,2047,2047,2047,2047,2047,2047,2047,0,0,0,0,0,0,0,0,0,0,0,0,0,0,0,0,2047,2047,2047,2047,2047,2047,2047,2047,2047,2047,2047,0,0,0,0,0,0,0,0,0,0,0,0,2047,2047,2047,2047,2047,2047,2047,2047,2047,2047,2047,2047,2047,2047,2047,0,0,0,0,0,0,0,0,0,2047,2047,2047,2047,2047,2047,2047,2047,2047,2047,2047,2047,2047,2047,2047,2047,2047,0,0,0,0,0,0,0,2047,2047,2047,2047,2047,2047,2047,2047,2047,2047,2047,2047,2047,2047,2047,2047,2047,2047,2047,0,0,0,0,0,2047,2047,2047,2047,2047,2047,2047,2047,2047,2047,2047,2047,2047,2047,2047,2047,2047,2047,2047,2047,2047,0,0,0,0,2047,2047,2047,2047,2047,2047,2047,2047,2047,2047,2047,2047,2047,2047,2047,2047,2047,2047,2047,2047,2047,0,0,0,2047,2047,2047,2047,2047,2047,2047,2047,2047,2047,2047,2047,2047,2047,2047,2047,2047,2047,2047,2047,2047,2047,2047,0,0,2047,2047,2047,2047,2047,2047,2047,2047,2047,2047,2047,2047,2047,2047,2047,2047,2047,2047,2047,2047,2047,2047,2047,0,2047,2047,2047,2047,2047,2047,2047,2047,2047,2047,2047,2047,2047,2047,2047,2047,2047,2047,2047,2047,2047,2047,2047,2047,2047,2047,2047,2047,2047,2047,2047,2047,2047,2047,2047,2047,2047,2047,2047,2047,2047,2047,2047,2047,2047,2047,2047,2047,2047,2047,2047,2047,2047,2047,2047,2047,2047,2047,2047,2047,2047,2047,2047,2047,2047,2047,2047,2047,2047,2047,2047,2047,2047,2047,2047,2047,2047,2047,2047,2047,2047,2047,2047,2047,2047,2047,2047,2047,2047,2047,2047,2047,2047,2047,2047,2047,2047,2047,2047,2047,2047,2047,2047,2047,2047,2047,2047,2047,2047,2047,2047,2047,2047,2047,2047,2047,2047,2047,2047,2047,2047,2047,2047,2047,2047,2047,2047,2047,2047,2047,2047,2047,2047,2047,2047,2047,2047,2047,2047,2047,2047,2047,2047,2047,2047,2047,2047,2047,2047,2047,2047,2047,2047,2047,2047,2047,2047,2047,2047,2047,2047,2047,2047,2047,2047,2047,2047,2047,2047,2047,2047,2047,2047,2047,2047,0,2047,2047,2047,2047,2047,2047,2047,2047,2047,2047,2047,2047,2047,2047,2047,2047,2047,2047,2047,2047,2047,2047,2047,0,0,2047,2047,2047,2047,2047,2047,2047,2047,2047,2047,2047,2047,2047,2047,2047,2047,2047,2047,2047,2047,2047,2047,2047,0,0,0,2047,2047,2047,2047,2047,2047,2047,2047,2047,2047,2047,2047,2047,2047,2047,2047,2047,2047,2047,2047,2047,0,0,0,0,2047,2047,2047,2047,2047,2047,2047,2047,2047,2047,2047,2047,2047,2047,2047,2047,2047,2047,2047,2047,2047,0,0,0,0,0,2047,2047,2047,2047,2047,2047,2047,2047,2047,2047,2047,2047,2047,2047,2047,2047,2047,2047,2047,0,0,0,0,0,0,0,2047,2047,2047,2047,2047,2047,2047,2047,2047,2047,2047,2047,2047,2047,2047,2047,2047,0,0,0,0,0,0,0,0,0,2047,2047,2047,2047,2047,2047,2047,2047,2047,2047,2047,2047,2047,2047,2047,0,0,0,0,0,0,0,0,0,0,0,0,2047,2047,2047,2047,2047,2047,2047,2047,2047,2047,2047,0,0,0,0,0,0,0,0,0,0,0,0,0,0,0,0,2047,2047,2047,2047,2047,2047,2047,0,0,0,0,0,0,0,0,0,
0,0,0,0,0,0,0,0,0,2047,2047,2047,2047,2047,2047,2047,0,0,0,0,0,0,0,0,0,0,0,0,0,0,0,0,2047,2047,2047,2047,2047,2047,2047,2047,2047,2047,2047,0,0,0,0,0,0,0,0,0,0,0,0,2047,2047,2047,2047,2047,2047,2047,2047,2047,2047,2047,2047,2047,2047,2047,0,0,0,0,0,0,0,0,0,2047,2047,2047,2047,2047,2047,2047,2047,2047,2047,2047,2047,2047,2047,2047,2047,2047,0,0,0,0,0,0,0,2047,2047,2047,2047,2047,2047,2047,2047,2047,2047,2047,2047,2047,2047,2047,2047,2047,2047,2047,0,0,0,0,0,2047,2047,2047,2047,2047,2047,2047,2047,2047,2047,2047,2047,2047,2047,2047,2047,2047,2047,2047,2047,2047,0,0,0,0,2047,2047,2047,2047,2047,2047,2047,2047,2047,2047,2047,2047,2047,2047,2047,2047,2047,2047,2047,2047,2047,0,0,0,2047,2047,2047,2047,2047,2047,2047,2047,2047,2047,2047,2047,2047,2047,2047,2047,2047,2047,2047,2047,2047,2047,2047,0,0,2047,2047,2047,2047,2047,2047,2047,2047,2047,2047,2047,2047,2047,2047,2047,2047,2047,2047,2047,2047,2047,2047,2047,0,2047,2047,2047,2047,2047,2047,2047,2047,2047,2047,2047,2047,2047,2047,2047,2047,2047,2047,2047,2047,2047,2047,2047,2047,2047,2047,2047,2047,2047,2047,2047,2047,2047,2047,2047,2047,2047,2047,2047,2047,2047,2047,2047,2047,2047,2047,2047,2047,2047,2047,2047,2047,2047,2047,2047,2047,2047,2047,2047,2047,2047,2047,2047,2047,2047,2047,2047,2047,2047,2047,2047,2047,2047,2047,2047,2047,2047,2047,2047,2047,2047,2047,2047,2047,2047,2047,2047,2047,2047,2047,2047,2047,2047,2047,2047,2047,2047,2047,2047,2047,2047,2047,2047,2047,2047,2047,2047,2047,2047,2047,2047,2047,2047,2047,2047,2047,2047,2047,2047,2047,2047,2047,2047,2047,2047,2047,2047,2047,2047,2047,2047,2047,2047,2047,2047,2047,2047,2047,2047,2047,2047,2047,2047,2047,2047,2047,2047,2047,2047,2047,2047,2047,2047,2047,2047,2047,2047,2047,2047,2047,2047,2047,2047,2047,2047,2047,2047,2047,2047,2047,2047,2047,2047,2047,2047,0,2047,2047,2047,2047,2047,2047,2047,2047,2047,2047,2047,2047,2047,2047,2047,2047,2047,2047,2047,2047,2047,2047,2047,0,0,2047,2047,2047,2047,2047,2047,2047,2047,2047,2047,2047,2047,2047,2047,2047,2047,2047,2047,2047,2047,2047,2047,2047,0,0,0,2047,2047,2047,2047,2047,2047,2047,2047,2047,2047,2047,2047,2047,2047,2047,2047,2047,2047,2047,2047,2047,0,0,0,0,2047,2047,2047,2047,2047,2047,2047,2047,2047,2047,2047,2047,2047,2047,2047,2047,2047,2047,2047,2047,2047,0,0,0,0,0,2047,2047,2047,2047,2047,2047,2047,2047,2047,2047,2047,2047,2047,2047,2047,2047,2047,2047,2047,0,0,0,0,0,0,0,2047,2047,2047,2047,2047,2047,2047,2047,2047,2047,2047,2047,2047,2047,2047,2047,2047,0,0,0,0,0,0,0,0,0,2047,2047,2047,2047,2047,2047,2047,2047,2047,2047,2047,2047,2047,2047,2047,0,0,0,0,0,0,0,0,0,0,0,0,2047,2047,2047,2047,2047,2047,2047,2047,2047,2047,2047,0,0,0,0,0,0,0,0,0,0,0,0,0,0,0,0,2047,2047,2047,2047,2047,2047,2047,0,0,0,0,0,0,0,0,0,
0,0,0,0,0,0,0,0,0,2047,2047,2047,2047,2047,2047,2047,0,0,0,0,0,0,0,0,0,0,0,0,0,0,0,0,2047,2047,2047,2047,2047,2047,2047,2047,2047,2047,2047,0,0,0,0,0,0,0,0,0,0,0,0,2047,2047,2047,2047,2047,2047,2047,2047,2047,2047,2047,2047,2047,2047,2047,0,0,0,0,0,0,0,0,0,2047,2047,2047,2047,2047,2047,2047,2047,2047,2047,2047,2047,2047,2047,2047,2047,2047,0,0,0,0,0,0,0,2047,2047,2047,2047,2047,2047,2047,2047,2047,2047,2047,2047,2047,2047,2047,2047,2047,2047,2047,0,0,0,0,0,2047,2047,2047,2047,2047,2047,2047,2047,2047,2047,2047,2047,2047,2047,2047,2047,2047,2047,2047,2047,2047,0,0,0,0,2047,2047,2047,2047,2047,2047,2047,2047,2047,2047,2047,2047,2047,2047,2047,2047,2047,2047,2047,2047,2047,0,0,0,2047,2047,2047,2047,2047,2047,2047,2047,2047,2047,2047,2047,2047,2047,2047,2047,2047,2047,2047,2047,2047,2047,2047,0,0,2047,2047,2047,2047,2047,2047,2047,2047,2047,2047,2047,2047,2047,2047,2047,2047,2047,2047,2047,2047,2047,2047,2047,0,2047,2047,2047,2047,2047,2047,2047,2047,2047,2047,2047,2047,2047,2047,2047,2047,2047,2047,2047,2047,2047,2047,2047,2047,2047,2047,2047,2047,2047,2047,2047,2047,2047,2047,2047,2047,2047,2047,2047,2047,2047,2047,2047,2047,2047,2047,2047,2047,2047,2047,2047,2047,2047,2047,2047,2047,2047,2047,2047,2047,2047,2047,2047,2047,2047,2047,2047,2047,2047,2047,2047,2047,2047,2047,2047,2047,2047,2047,2047,2047,2047,2047,2047,2047,2047,2047,2047,2047,2047,2047,2047,2047,2047,2047,2047,2047,2047,2047,2047,2047,2047,2047,2047,2047,2047,2047,2047,2047,2047,2047,2047,2047,2047,2047,2047,2047,2047,2047,2047,2047,2047,2047,2047,2047,2047,2047,2047,2047,2047,2047,2047,2047,2047,2047,2047,2047,2047,2047,2047,2047,2047,2047,2047,2047,2047,2047,2047,2047,2047,2047,2047,2047,2047,2047,2047,2047,2047,2047,2047,2047,2047,2047,2047,2047,2047,2047,2047,2047,2047,2047,2047,2047,2047,2047,2047,0,2047,2047,2047,2047,2047,2047,2047,2047,2047,2047,2047,2047,2047,2047,2047,2047,2047,2047,2047,2047,2047,2047,2047,0,0,2047,2047,2047,2047,2047,2047,2047,2047,2047,2047,2047,2047,2047,2047,2047,2047,2047,2047,2047,2047,2047,2047,2047,0,0,0,2047,2047,2047,2047,2047,2047,2047,2047,2047,2047,2047,2047,2047,2047,2047,2047,2047,2047,2047,2047,2047,0,0,0,0,2047,2047,2047,2047,2047,2047,2047,2047,2047,2047,2047,2047,2047,2047,2047,2047,2047,2047,2047,2047,2047,0,0,0,0,0,2047,2047,2047,2047,2047,2047,2047,2047,2047,2047,2047,2047,2047,2047,2047,2047,2047,2047,2047,0,0,0,0,0,0,0,2047,2047,2047,2047,2047,2047,2047,2047,2047,2047,2047,2047,2047,2047,2047,2047,2047,0,0,0,0,0,0,0,0,0,2047,2047,2047,2047,2047,2047,2047,2047,2047,2047,2047,2047,2047,2047,2047,0,0,0,0,0,0,0,0,0,0,0,0,2047,2047,2047,2047,2047,2047,2047,2047,2047,2047,2047,0,0,0,0,0,0,0,0,0,0,0,0,0,0,0,0,2047,2047,2047,2047,2047,2047,2047,0,0,0,0,0,0,0,0,0,
0,0,0,0,0,0,0,0,0,2047,2047,2047,2047,2047,2047,2047,0,0,0,0,0,0,0,0,0,0,0,0,0,0,0,0,2047,2047,2047,2047,2047,2047,2047,2047,2047,2047,2047,0,0,0,0,0,0,0,0,0,0,0,0,2047,2047,2047,2047,2047,2047,2047,2047,2047,2047,2047,2047,2047,2047,2047,0,0,0,0,0,0,0,0,0,2047,2047,2047,2047,2047,2047,0,0,0,0,0,2047,2047,2047,2047,2047,2047,0,0,0,0,0,0,0,2047,2047,2047,1364,2047,2047,2047,2047,2047,2047,2047,2047,2047,2047,1364,1364,2047,2047,2047,0,0,0,0,0,2047,2047,2047,2047,0,682,2047,2047,2047,2047,2047,2047,2047,2047,2047,0,0,2047,2047,2047,2047,0,0,0,0,2047,2047,682,682,2047,2047,2047,2047,2047,2047,2047,2047,2047,2047,2047,2047,2047,0,1364,2047,2047,0,0,0,2047,2047,2047,682,0,2047,2047,2047,2047,2047,2047,2047,2047,2047,2047,2047,2047,2047,0,1364,2047,2047,2047,0,0,2047,2047,2047,2047,2047,2047,2047,2047,2047,0,0,0,0,0,2047,2047,2047,2047,2047,2047,2047,2047,2047,0,2047,2047,2047,2047,2047,2047,2047,2047,2047,2047,682,682,682,682,682,2047,2047,2047,2047,2047,2047,2047,2047,2047,2047,2047,2047,1364,0,2047,2047,2047,2047,0,1364,2047,2047,2047,2047,2047,682,0,2047,2047,2047,2047,0,2047,2047,2047,2047,2047,1364,0,2047,2047,2047,2047,0,1364,2047,2047,2047,2047,2047,682,0,2047,2047,2047,2047,0,2047,2047,2047,2047,2047,1364,0,2047,2047,2047,2047,0,1364,2047,2047,2047,2047,2047,682,0,2047,2047,2047,2047,0,2047,2047,2047,2047,2047,1364,0,2047,2047,2047,2047,0,1364,2047,2047,2047,2047,2047,682,0,2047,2047,2047,2047,0,2047,2047,2047,2047,2047,1364,0,2047,2047,2047,2047,0,1364,2047,2047,2047,2047,2047,682,0,2047,2047,2047,2047,0,2047,2047,2047,2047,2047,2047,2047,2047,2047,2047,2047,2047,2047,1364,1364,1364,1364,1364,2047,2047,2047,2047,2047,2047,2047,2047,2047,2047,0,2047,2047,2047,2047,2047,2047,2047,2047,2047,0,0,0,0,0,2047,2047,2047,2047,2047,2047,2047,2047,2047,0,0,2047,2047,2047,1364,682,2047,2047,2047,2047,2047,2047,2047,2047,2047,2047,2047,2047,2047,682,2047,2047,2047,2047,0,0,0,2047,2047,682,0,2047,2047,2047,2047,2047,2047,2047,2047,2047,2047,2047,2047,2047,0,1364,2047,2047,0,0,0,0,2047,2047,2047,2047,0,682,2047,2047,2047,2047,2047,2047,2047,2047,2047,0,682,2047,2047,2047,2047,0,0,0,0,0,2047,2047,2047,0,1364,2047,2047,2047,2047,2047,2047,2047,2047,2047,682,682,2047,2047,2047,0,0,0,0,0,0,0,2047,2047,2047,2047,2047,2047,0,0,0,0,0,2047,2047,2047,2047,2047,2047,0,0,0,0,0,0,0,0,0,2047,2047,2047,2047,2047,1364,1364,1364,1364,1364,2047,2047,2047,2047,2047,0,0,0,0,0,0,0,0,0,0,0,0,2047,2047,2047,2047,2047,2047,2047,2047,2047,2047,2047,0,0,0,0,0,0,0,0,0,0,0,0,0,0,0,0,2047,2047,2047,2047,2047,2047,2047,0,0,0,0,0,0,0,0,0,
0,0,0,0,0,0,0,0,0,2047,2047,2047,2047,2047,2047,2047,0,0,0,0,0,0,0,0,0,0,0,0,0,0,0,0,2047,2047,2047,2047,2047,2047,2047,2047,2047,2047,2047,0,0,0,0,0,0,0,0,0,0,0,0,2047,2047,2047,2047,2047,2047,2047,2047,2047,2047,2047,2047,2047,2047,2047,0,0,0,0,0,0,0,0,0,2047,2047,0,0,0,1364,2047,2047,2047,2047,2047,682,0,0,0,2047,2047,0,0,0,0,0,0,0,2047,1364,1364,2047,2047,2047,2047,2047,2047,2047,2047,2047,2047,2047,2047,2047,1364,2047,2047,0,0,0,0,0,2047,2047,682,0,2047,2047,2047,2047,2047,2047,2047,2047,2047,2047,2047,2047,2047,0,1364,2047,2047,0,0,0,0,1364,0,2047,2047,2047,2047,2047,2047,2047,2047,2047,2047,2047,2047,2047,2047,2047,2047,2047,0,2047,0,0,0,2047,1364,0,2047,2047,2047,2047,2047,2047,2047,2047,2047,2047,2047,2047,2047,2047,2047,2047,2047,0,2047,2047,0,0,2047,1364,0,2047,2047,2047,2047,0,0,0,2047,2047,1364,0,0,0,2047,2047,2047,2047,0,2047,2047,0,2047,2047,2047,682,2047,2047,2047,2047,0,0,682,2047,2047,2047,682,0,0,2047,2047,2047,2047,682,2047,2047,2047,2047,2047,2047,2047,2047,2047,2047,2047,0,1364,2047,2047,2047,2047,2047,682,0,2047,2047,2047,2047,2047,2047,2047,2047,2047,2047,2047,2047,2047,2047,2047,2047,1364,2047,2047,2047,2047,2047,2047,2047,1364,2047,2047,2047,2047,2047,2047,2047,2047,2047,2047,2047,2047,2047,2047,2047,2047,2047,2047,2047,2047,2047,2047,2047,2047,2047,2047,2047,2047,2047,2047,2047,2047,2047,2047,2047,2047,2047,2047,2047,2047,2047,2047,2047,2047,2047,2047,2047,2047,2047,2047,2047,2047,2047,2047,2047,2047,2047,2047,2047,2047,2047,2047,2047,2047,2047,2047,0,1364,2047,2047,2047,2047,2047,682,0,2047,2047,2047,2047,2047,2047,2047,2047,2047,2047,2047,1364,2047,2047,2047,2047,0,0,1364,2047,2047,2047,1364,0,0,2047,2047,2047,2047,1364,2047,2047,2047,0,2047,1364,0,2047,2047,2047,2047,0,0,0,2047,2047,1364,0,0,0,2047,2047,2047,2047,0,2047,2047,0,0,2047,1364,0,2047,2047,2047,2047,2047,2047,2047,2047,2047,2047,2047,2047,2047,2047,2047,2047,2047,0,2047,2047,0,0,0,1364,0,2047,2047,2047,2047,2047,2047,2047,2047,2047,2047,2047,2047,2047,2047,2047,2047,2047,0,2047,0,0,0,0,2047,2047,682,0,2047,2047,2047,2047,2047,2047,2047,2047,2047,2047,2047,2047,2047,0,1364,2047,2047,0,0,0,0,0,2047,682,682,2047,2047,2047,2047,2047,2047,2047,2047,2047,2047,2047,2047,2047,0,1364,2047,0,0,0,0,0,0,0,2047,2047,0,0,0,1364,2047,2047,2047,2047,2047,682,0,0,0,2047,2047,0,0,0,0,0,0,0,0,0,2047,1364,1364,1364,2047,2047,2047,2047,2047,2047,2047,1364,1364,1364,2047,0,0,0,0,0,0,0,0,0,0,0,0,2047,2047,2047,2047,2047,2047,2047,2047,2047,2047,2047,0,0,0,0,0,0,0,0,0,0,0,0,0,0,0,0,2047,2047,2047,2047,2047,2047,2047,0,0,0,0,0,0,0,0,0,
0,0,0,0,0,0,0,0,0,2047,2047,2047,2047,2047,2047,2047,0,0,0,0,0,0,0,0,0,0,0,0,0,0,0,0,2047,0,0,0,0,0,0,0,0,0,2047,0,0,0,0,0,0,0,0,0,0,0,0,2047,2047,2047,2047,2047,2047,2047,2047,2047,2047,2047,2047,2047,2047,2047,0,0,0,0,0,0,0,0,0,682,0,0,682,2047,2047,2047,2047,2047,2047,2047,2047,2047,0,0,0,1364,0,0,0,0,0,0,0,1364,0,0,2047,2047,2047,2047,2047,2047,2047,2047,2047,2047,2047,2047,2047,0,0,1364,0,0,0,0,0,1364,0,0,0,2047,2047,2047,2047,2047,2047,2047,2047,2047,2047,2047,2047,2047,0,0,0,2047,0,0,0,0,1364,0,2047,2047,2047,2047,2047,2047,0,0,0,0,0,2047,2047,2047,2047,2047,2047,0,2047,0,0,0,2047,1364,0,2047,2047,2047,2047,2047,2047,0,0,0,0,0,2047,2047,2047,2047,2047,2047,0,2047,2047,0,0,0,2047,2047,2047,2047,2047,2047,0,1364,2047,2047,2047,2047,2047,682,0,2047,2047,2047,2047,2047,2047,0,0,2047,0,2047,2047,2047,2047,2047,2047,682,2047,2047,2047,2047,2047,2047,1364,682,2047,2047,2047,2047,2047,2047,0,2047,2047,0,2047,2047,2047,2047,0,682,2047,2047,2047,2047,2047,2047,2047,2047,2047,0,0,2047,2047,2047,2047,0,2047,2047,0,2047,2047,2047,2047,0,682,2047,2047,2047,2047,2047,2047,2047,2047,2047,0,0,2047,2047,2047,2047,0,2047,2047,0,2047,2047,2047,2047,0,682,2047,2047,2047,2047,0,2047,2047,2047,2047,0,0,2047,2047,2047,2047,0,2047,2047,0,2047,2047,2047,2047,0,682,2047,2047,2047,2047,2047,2047,2047,2047,2047,0,0,2047,2047,2047,2047,0,2047,2047,0,2047,2047,2047,2047,0,682,2047,2047,2047,2047,2047,2047,2047,2047,2047,0,0,2047,2047,2047,2047,0,2047,2047,0,2047,2047,2047,2047,2047,2047,1364,2047,2047,2047,2047,2047,2047,2047,1364,2047,2047,2047,2047,2047,2047,0,2047,0,0,2047,2047,2047,2047,2047,2047,0,1364,2047,2047,2047,2047,2047,682,0,2047,2047,2047,2047,2047,2047,0,0,0,2047,1364,682,2047,2047,2047,2047,2047,2047,682,682,682,682,682,2047,2047,2047,2047,2047,2047,682,2047,2047,0,0,0,1364,0,2047,2047,2047,2047,2047,2047,0,0,0,0,0,2047,2047,2047,2047,2047,2047,0,2047,0,0,0,0,1364,0,0,0,2047,2047,2047,2047,2047,2047,2047,2047,2047,2047,2047,2047,2047,0,0,0,2047,0,0,0,0,0,0,0,0,2047,2047,2047,2047,2047,2047,2047,2047,2047,2047,2047,2047,2047,0,0,0,0,0,0,0,0,0,0,682,0,0,682,2047,2047,2047,2047,2047,2047,2047,2047,2047,0,0,0,1364,0,0,0,0,0,0,0,0,0,1364,1364,1364,2047,2047,2047,2047,2047,2047,2047,2047,2047,1364,1364,1364,0,0,0,0,0,0,0,0,0,0,0,0,2047,0,0,0,0,0,0,0,0,0,2047,0,0,0,0,0,0,0,0,0,0,0,0,0,0,0,0,2047,2047,2047,2047,2047,2047,2047,0,0,0,0,0,0,0,0,0,
0,0,0,0,0,0,0,0,0,2047,2047,2047,2047,2047,2047,2047,0,0,0,0,0,0,0,0,0,0,0,0,0,0,0,0,0,0,0,0,0,0,0,0,0,0,0,0,0,0,0,0,0,0,0,0,0,0,0,2047,0,0,2047,2047,2047,2047,2047,2047,2047,2047,2047,0,0,2047,0,0,0,0,0,0,0,0,0,682,0,0,682,2047,2047,2047,2047,2047,2047,2047,2047,2047,0,0,0,1364,0,0,0,0,0,0,0,1364,0,0,2047,2047,2047,2047,2047,2047,2047,2047,2047,2047,2047,2047,2047,0,0,1364,0,0,0,0,0,1364,0,0,0,2047,2047,2047,2047,2047,2047,2047,2047,2047,2047,2047,2047,2047,0,0,0,2047,0,0,0,0,0,0,2047,2047,2047,2047,0,0,0,0,0,0,0,0,0,2047,2047,2047,2047,0,0,0,0,0,0,0,0,2047,2047,2047,2047,0,0,0,0,0,0,0,0,0,2047,2047,2047,2047,0,0,0,0,0,0,2047,2047,2047,2047,0,0,0,1364,2047,2047,2047,2047,2047,682,0,0,0,2047,2047,2047,2047,0,0,2047,0,2047,2047,2047,2047,0,0,682,2047,2047,2047,2047,2047,2047,1364,682,0,0,2047,2047,2047,2047,0,2047,2047,0,2047,2047,2047,2047,0,682,2047,2047,2047,2047,2047,2047,2047,2047,2047,0,0,2047,2047,2047,2047,0,2047,2047,0,2047,2047,2047,2047,0,682,2047,2047,2047,2047,2047,2047,2047,2047,2047,0,0,2047,2047,2047,2047,0,2047,2047,0,2047,2047,2047,2047,0,682,2047,2047,2047,2047,0,2047,2047,2047,2047,0,0,2047,2047,2047,2047,0,2047,2047,0,2047,2047,2047,2047,0,682,2047,2047,2047,2047,2047,2047,2047,2047,2047,0,0,2047,2047,2047,2047,0,2047,2047,0,2047,2047,2047,2047,0,682,2047,2047,2047,2047,2047,2047,2047,2047,2047,0,0,2047,2047,2047,2047,0,2047,2047,0,2047,2047,2047,2047,0,0,1364,2047,2047,2047,2047,2047,2047,2047,1364,0,0,2047,2047,2047,2047,0,2047,0,0,2047,2047,2047,2047,0,0,0,1364,2047,2047,2047,2047,2047,682,0,0,0,2047,2047,2047,2047,0,0,0,0,0,682,2047,2047,2047,2047,0,0,682,682,682,682,682,0,0,2047,2047,2047,2047,682,0,0,0,0,0,0,0,2047,2047,2047,2047,0,0,0,0,0,0,0,0,0,2047,2047,2047,2047,0,0,0,0,0,0,1364,0,0,0,2047,2047,2047,2047,2047,2047,2047,2047,2047,2047,2047,2047,2047,0,0,0,2047,0,0,0,0,0,0,0,0,2047,2047,2047,2047,2047,2047,2047,2047,2047,2047,2047,2047,2047,0,0,0,0,0,0,0,0,0,0,682,0,0,682,2047,2047,2047,2047,2047,2047,2047,2047,2047,0,0,0,1364,0,0,0,0,0,0,0,0,0,1364,0,0,2047,2047,2047,2047,2047,2047,2047,2047,2047,0,0,1364,0,0,0,0,0,0,0,0,0,0,0,0,0,0,0,0,0,0,0,0,0,0,0,0,0,0,0,0,0,0,0,0,0,0,0,0,0,0,0,2047,2047,2047,2047,2047,2047,2047,0,0,0,0,0,0,0,0,0,
0,0,0,0,0,0,0,0,0,0,0,0,0,0,0,0,0,0,0,0,0,0,0,0,0,0,0,0,0,0,0,0,0,0,0,0,0,0,0,0,0,0,0,0,0,0,0,0,0,0,0,0,0,0,0,0,0,0,2047,2047,2047,2047,2047,2047,2047,2047,2047,0,0,0,0,0,0,0,0,0,0,0,0,0,0,0,682,2047,2047,2047,2047,2047,2047,2047,2047,2047,0,0,0,0,0,0,0,0,0,0,0,0,2047,2047,2047,2047,2047,2047,1364,1364,1364,1364,1364,2047,2047,2047,2047,2047,2047,0,0,0,0,0,0,0,0,2047,2047,2047,2047,2047,2047,0,0,0,0,0,2047,2047,2047,2047,2047,2047,0,0,0,0,0,0,0,0,2047,2047,0,0,0,0,0,0,0,0,0,0,0,0,682,2047,2047,0,0,0,0,0,0,0,0,2047,2047,0,0,0,0,0,0,0,0,0,0,0,0,0,2047,2047,0,0,0,0,0,0,2047,2047,2047,2047,0,0,0,1364,2047,2047,2047,2047,2047,682,0,0,0,2047,2047,2047,2047,0,0,0,0,2047,2047,2047,2047,0,0,682,2047,2047,2047,2047,2047,2047,1364,682,0,0,2047,2047,2047,2047,0,0,0,0,2047,2047,682,0,0,682,2047,2047,2047,2047,0,2047,2047,2047,2047,0,0,0,1364,2047,2047,0,0,0,0,2047,2047,682,0,0,682,2047,2047,2047,1364,0,2047,2047,2047,2047,0,0,0,1364,2047,2047,0,0,0,0,2047,2047,682,0,0,682,2047,2047,0,0,0,0,0,2047,2047,0,0,0,1364,2047,2047,0,0,0,0,2047,2047,682,0,0,682,2047,2047,2047,682,0,1364,2047,2047,2047,0,0,0,1364,2047,2047,0,0,0,0,2047,2047,682,0,0,682,2047,2047,2047,2047,0,2047,2047,2047,2047,0,0,0,1364,2047,2047,0,0,0,0,2047,2047,2047,2047,0,0,1364,2047,2047,2047,2047,2047,2047,2047,1364,0,0,2047,2047,2047,2047,0,0,0,0,2047,2047,2047,2047,0,0,0,1364,2047,2047,2047,2047,2047,682,0,0,0,2047,2047,2047,2047,0,0,0,0,0,682,2047,2047,0,0,0,0,682,682,682,682,682,0,0,0,0,2047,2047,682,0,0,0,0,0,0,0,2047,2047,0,0,0,0,0,0,0,0,0,0,0,0,0,2047,2047,0,0,0,0,0,0,0,0,2047,2047,2047,2047,2047,2047,0,0,0,0,0,2047,2047,2047,2047,2047,2047,0,0,0,0,0,0,0,0,2047,2047,2047,2047,2047,2047,0,0,0,0,0,2047,2047,2047,2047,2047,2047,0,0,0,0,0,0,0,0,0,0,0,682,2047,2047,2047,2047,2047,2047,2047,2047,2047,0,0,0,0,0,0,0,0,0,0,0,0,0,0,0,0,2047,2047,2047,2047,2047,2047,2047,2047,2047,0,0,0,0,0,0,0,0,0,0,0,0,0,0,0,0,0,0,0,0,0,0,0,0,0,0,0,0,0,0,0,0,0,0,0,0,0,0,0,0,0,0,0,0,0,0,0,0,0,0,0,0,0,0,0,0,0,0,
0,0,0,0,0,0,0,0,0,0,0,0,0,0,0,0,0,0,0,0,0,0,0,0,0,0,0,0,0,0,0,0,0,0,0,0,0,0,0,0,0,0,0,0,0,0,0,0,0,0,0,0,0,0,0,0,2047,2047,2047,2047,2047,2047,2047,2047,2047,2047,2047,2047,2047,0,0,0,0,0,0,0,0,0,0,0,0,2047,2047,2047,2047,2047,2047,2047,2047,2047,2047,2047,2047,2047,0,0,0,0,0,0,0,0,0,0,2047,2047,2047,2047,1364,1364,1364,1364,1364,1364,1364,1364,1364,2047,2047,2047,2047,0,0,0,0,0,0,0,0,2047,2047,2047,2047,0,0,0,0,0,0,0,0,0,2047,2047,2047,2047,0,0,0,0,0,0,2047,2047,2047,2047,0,0,0,0,0,0,0,0,0,0,0,0,682,2047,2047,2047,2047,0,0,0,0,2047,2047,2047,2047,0,0,0,0,0,0,0,0,0,0,0,0,0,2047,2047,2047,2047,0,0,0,0,2047,2047,682,0,0,682,2047,2047,2047,2047,2047,2047,2047,2047,2047,0,0,0,1364,2047,2047,0,0,0,0,2047,2047,682,0,0,682,2047,2047,2047,2047,2047,2047,2047,2047,2047,0,0,0,1364,2047,2047,0,0,0,0,2047,2047,682,0,0,682,2047,2047,0,0,0,0,0,2047,2047,0,0,0,1364,2047,2047,0,0,0,0,2047,2047,682,0,0,682,2047,2047,0,0,0,0,0,2047,2047,0,0,0,1364,2047,2047,0,0,0,0,2047,2047,682,0,0,682,2047,2047,0,0,0,0,0,2047,2047,0,0,0,1364,2047,2047,0,0,0,0,2047,2047,682,0,0,682,2047,2047,0,0,0,0,0,2047,2047,0,0,0,1364,2047,2047,0,0,0,0,2047,2047,682,0,0,682,2047,2047,0,0,0,0,0,2047,2047,0,0,0,1364,2047,2047,0,0,0,0,2047,2047,682,0,0,682,2047,2047,2047,2047,2047,2047,2047,2047,2047,0,0,0,1364,2047,2047,0,0,0,0,2047,2047,682,0,0,682,2047,2047,2047,2047,2047,2047,2047,2047,2047,0,0,0,1364,2047,2047,0,0,0,0,2047,2047,2047,2047,0,0,682,682,682,682,682,682,682,682,682,0,0,2047,2047,2047,2047,0,0,0,0,2047,2047,2047,2047,0,0,0,0,0,0,0,0,0,0,0,0,0,2047,2047,2047,2047,0,0,0,0,0,0,2047,2047,2047,2047,0,0,0,0,0,0,0,0,0,2047,2047,2047,2047,0,0,0,0,0,0,0,0,2047,2047,2047,2047,0,0,0,0,0,0,0,0,0,2047,2047,2047,2047,0,0,0,0,0,0,0,0,0,0,2047,2047,2047,2047,2047,2047,2047,2047,2047,2047,2047,2047,2047,0,0,0,0,0,0,0,0,0,0,0,0,2047,2047,2047,2047,2047,2047,2047,2047,2047,2047,2047,2047,2047,0,0,0,0,0,0,0,0,0,0,0,0,0,0,0,0,0,0,0,0,0,0,0,0,0,0,0,0,0,0,0,0,0,0,0,0,0,0,0,0,0,0,0,0,0,0,0,0,0,0,0,0,0,0,0,0,
0,0,0,0,0,0,0,0,0,682,2047,2047,2047,2047,2047,0,0,0,0,0,0,0,0,0,0,0,0,0,0,0,0,0,0,0,1364,2047,2047,2047,2047,2047,682,0,0,0,0,0,0,0,0,0,0,0,0,0,0,0,2047,2047,2047,2047,2047,2047,2047,2047,2047,2047,2047,2047,2047,0,0,0,0,0,0,0,0,0,0,0,0,2047,2047,2047,2047,2047,2047,0,2047,2047,2047,2047,2047,2047,0,0,0,0,0,0,0,0,0,0,2047,2047,1364,1364,1364,1364,1364,682,0,682,1364,1364,1364,1364,1364,2047,2047,0,0,0,0,0,0,0,0,2047,2047,0,0,0,0,0,0,0,0,0,0,0,0,0,2047,2047,0,0,0,0,0,0,2047,2047,682,0,0,0,0,1364,2047,2047,2047,2047,2047,682,0,0,0,0,1364,2047,2047,0,0,0,0,2047,2047,682,0,0,0,0,1364,2047,2047,2047,2047,2047,682,0,0,0,0,1364,2047,2047,0,0,0,0,2047,2047,682,0,0,682,2047,2047,2047,2047,0,2047,2047,2047,2047,0,0,0,1364,2047,2047,0,0,0,682,2047,2047,682,0,682,1364,2047,2047,2047,2047,0,2047,2047,2047,2047,682,682,0,1364,2047,2047,682,0,2047,2047,2047,2047,682,0,2047,2047,2047,2047,0,0,0,0,0,2047,2047,2047,2047,0,1364,2047,2047,2047,2047,2047,2047,2047,2047,0,0,2047,2047,2047,2047,0,0,0,0,0,2047,2047,2047,2047,0,682,2047,2047,2047,2047,2047,2047,1364,0,0,0,2047,2047,0,0,0,0,0,0,0,0,0,2047,2047,0,0,0,2047,2047,2047,2047,2047,2047,2047,0,0,2047,2047,2047,1364,0,0,0,0,0,1364,2047,2047,2047,0,0,2047,2047,2047,2047,2047,2047,2047,2047,682,0,2047,2047,2047,2047,0,0,0,0,0,2047,2047,2047,2047,0,1364,2047,2047,2047,2047,682,1364,2047,2047,682,0,1364,2047,2047,2047,2047,1364,0,1364,2047,2047,2047,2047,1364,0,1364,2047,2047,1364,682,0,0,2047,2047,682,0,0,682,2047,2047,2047,2047,0,2047,2047,2047,2047,0,0,0,1364,2047,2047,0,0,0,0,2047,2047,682,0,0,0,682,2047,2047,2047,2047,2047,2047,1364,682,0,0,0,1364,2047,2047,0,0,0,0,2047,2047,682,0,0,0,0,1364,2047,2047,2047,2047,2047,682,0,0,0,0,1364,2047,2047,0,0,0,0,0,0,2047,2047,0,0,0,0,0,0,0,0,0,0,0,0,0,2047,2047,0,0,0,0,0,0,0,0,2047,2047,0,0,0,0,0,0,0,0,0,0,0,0,682,2047,2047,0,0,0,0,0,0,0,0,0,0,2047,2047,2047,2047,2047,2047,0,2047,2047,2047,2047,2047,2047,0,0,0,0,0,0,0,0,0,0,0,0,2047,2047,2047,2047,2047,2047,1364,2047,2047,2047,2047,2047,2047,0,0,0,0,0,0,0,0,0,0,0,0,0,0,0,1364,2047,2047,2047,2047,2047,682,0,0,0,0,0,0,0,0,0,0,0,0,0,0,0,0,0,0,682,2047,2047,2047,2047,2047,682,0,0,0,0,0,0,0,0,0,
0,0,0,0,0,0,0,0,0,2047,2047,2047,2047,2047,2047,2047,0,0,0,0,0,0,0,0,0,0,0,0,0,0,0,0,682,2047,2047,2047,2047,2047,2047,2047,2047,2047,0,0,0,0,0,0,0,0,0,0,0,0,0,2047,2047,2047,2047,2047,2047,2047,2047,2047,2047,2047,2047,2047,2047,2047,0,0,0,0,0,0,0,0,0,2047,2047,2047,2047,2047,2047,0,0,0,0,0,2047,2047,2047,2047,2047,2047,0,0,0,0,0,0,0,2047,2047,2047,1364,1364,1364,682,0,0,0,0,0,682,1364,1364,1364,2047,2047,2047,0,0,0,0,0,2047,2047,2047,2047,0,0,0,0,0,0,0,0,0,0,0,0,0,2047,2047,2047,2047,0,0,0,0,2047,2047,682,0,0,0,0,1364,2047,2047,2047,2047,2047,682,0,0,0,0,1364,2047,2047,0,0,0,0,2047,2047,682,0,0,0,0,1364,2047,2047,2047,2047,2047,682,0,0,0,0,1364,2047,2047,0,0,0,2047,2047,2047,682,0,0,682,2047,2047,0,0,0,0,0,2047,2047,0,0,0,1364,2047,2047,2047,0,2047,2047,2047,2047,0,0,682,1364,2047,2047,0,0,0,0,0,2047,2047,682,682,0,682,2047,2047,2047,2047,2047,2047,1364,0,0,0,2047,2047,0,0,0,0,0,0,0,0,0,2047,2047,0,0,0,2047,2047,2047,2047,2047,1364,0,0,0,2047,2047,0,0,0,0,0,0,0,0,0,2047,2047,0,0,0,2047,2047,2047,2047,2047,1364,0,0,0,2047,2047,0,0,0,0,0,0,0,0,0,2047,2047,0,0,0,2047,2047,2047,2047,2047,1364,0,0,0,2047,2047,0,0,0,0,0,0,0,0,0,2047,2047,0,0,0,2047,2047,2047,2047,2047,1364,0,0,0,2047,2047,0,0,0,0,0,0,0,0,0,2047,2047,0,0,0,2047,2047,2047,2047,2047,2047,2047,0,0,1364,2047,2047,2047,0,0,0,0,0,2047,2047,1364,1364,0,682,2047,2047,2047,2047,0,2047,2047,2047,682,0,0,682,2047,2047,0,0,0,0,0,2047,2047,0,0,0,1364,2047,2047,2047,0,0,682,2047,2047,682,0,0,0,682,1364,2047,2047,2047,2047,2047,1364,682,0,0,0,1364,2047,2047,682,0,0,0,2047,2047,682,0,0,0,0,1364,2047,2047,2047,2047,2047,682,0,0,0,0,1364,2047,2047,0,0,0,0,2047,2047,2047,2047,0,0,0,0,0,0,0,0,0,0,0,0,0,2047,2047,2047,2047,0,0,0,0,0,2047,2047,2047,0,0,0,0,0,0,0,0,0,0,0,0,682,2047,2047,2047,0,0,0,0,0,0,0,2047,2047,2047,2047,2047,2047,0,0,0,0,0,2047,2047,2047,2047,2047,2047,0,0,0,0,0,0,0,0,0,2047,2047,2047,2047,2047,1364,1364,1364,1364,1364,2047,2047,2047,2047,2047,0,0,0,0,0,0,0,0,0,0,0,0,682,2047,2047,2047,2047,2047,2047,2047,2047,2047,0,0,0,0,0,0,0,0,0,0,0,0,0,0,0,0,0,2047,2047,2047,2047,2047,2047,2047,0,0,0,0,0,0,0,0,0,
0,0,0,0,0,0,0,0,0,2047,2047,2047,2047,2047,2047,2047,0,0,0,0,0,0,0,0,0,0,0,0,0,0,0,0,2047,2047,2047,2047,2047,2047,2047,2047,2047,2047,2047,0,0,0,0,0,0,0,0,0,0,0,0,2047,2047,2047,2047,2047,2047,2047,2047,2047,2047,2047,2047,2047,2047,2047,0,0,0,0,0,0,0,0,0,2047,2047,2047,2047,0,0,0,0,0,0,0,0,0,2047,2047,2047,2047,0,0,0,0,0,0,0,2047,2047,2047,1364,682,0,0,0,0,0,0,0,0,0,1364,1364,2047,2047,2047,0,0,0,0,0,2047,2047,2047,2047,0,0,0,0,0,0,0,0,0,0,0,0,0,2047,2047,2047,2047,0,0,0,0,2047,2047,682,0,0,682,2047,2047,2047,2047,2047,2047,2047,2047,2047,0,0,0,1364,2047,2047,0,0,0,2047,2047,2047,682,0,0,682,2047,2047,2047,2047,2047,2047,2047,2047,2047,0,0,0,682,2047,2047,2047,0,0,2047,1364,0,0,0,2047,2047,2047,2047,0,0,0,0,0,2047,2047,2047,2047,0,0,0,2047,2047,0,2047,2047,1364,0,0,0,2047,2047,2047,2047,0,0,0,0,0,2047,2047,2047,2047,0,0,0,2047,2047,2047,2047,2047,1364,0,0,0,2047,2047,0,0,0,0,0,0,0,0,0,2047,2047,0,0,0,2047,2047,2047,2047,2047,1364,0,0,0,2047,2047,0,0,0,0,0,0,0,0,0,2047,2047,0,0,0,2047,2047,2047,2047,2047,1364,0,0,0,2047,2047,0,0,0,0,0,0,0,0,0,2047,2047,0,0,0,2047,2047,2047,2047,2047,1364,0,0,0,2047,2047,0,0,0,0,0,0,0,0,0,2047,2047,0,0,0,2047,2047,2047,2047,2047,1364,0,0,0,2047,2047,0,0,0,0,0,0,0,0,0,2047,2047,0,0,0,2047,2047,2047,2047,2047,1364,0,0,0,2047,2047,2047,2047,0,0,0,0,0,2047,2047,2047,2047,0,0,0,2047,2047,2047,0,2047,1364,0,0,0,2047,2047,2047,2047,0,0,0,0,0,2047,2047,2047,2047,0,0,0,2047,2047,0,0,2047,2047,2047,0,0,682,1364,2047,2047,2047,2047,2047,2047,2047,2047,2047,682,682,0,682,2047,2047,2047,0,0,0,2047,2047,682,0,0,682,2047,2047,2047,2047,2047,2047,2047,2047,2047,0,0,0,1364,2047,2047,0,0,0,0,2047,2047,2047,2047,0,0,0,0,0,0,0,0,0,0,0,0,0,2047,2047,2047,2047,0,0,0,0,0,2047,2047,2047,0,0,0,0,0,0,0,0,0,0,0,0,682,2047,2047,2047,0,0,0,0,0,0,0,2047,2047,2047,2047,0,0,0,0,0,0,0,0,0,2047,2047,2047,2047,0,0,0,0,0,0,0,0,0,2047,2047,2047,1364,1364,1364,1364,1364,1364,1364,1364,1364,2047,2047,2047,0,0,0,0,0,0,0,0,0,0,0,0,2047,2047,2047,2047,2047,2047,2047,2047,2047,2047,2047,0,0,0,0,0,0,0,0,0,0,0,0,0,0,0,0,2047,2047,2047,2047,2047,2047,2047,0,0,0,0,0,0,0,0,0,
0,0,0,0,0,0,0,0,0,2047,2047,2047,2047,2047,2047,2047,0,0,0,0,0,0,0,0,0,0,0,0,0,0,0,0,2047,2047,2047,2047,2047,2047,2047,2047,2047,2047,2047,0,0,0,0,0,0,0,0,0,0,0,0,2047,2047,2047,2047,2047,2047,2047,2047,2047,2047,2047,2047,2047,2047,2047,0,0,0,0,0,0,0,0,0,2047,2047,2047,2047,0,0,0,0,0,0,0,0,0,2047,2047,2047,2047,0,0,0,0,0,0,0,2047,1364,1364,1364,682,0,0,0,1364,2047,1364,0,0,0,1364,1364,1364,2047,2047,0,0,0,0,0,2047,2047,682,0,0,0,0,0,0,2047,2047,1364,0,0,0,0,0,0,1364,2047,2047,0,0,0,0,2047,2047,682,0,0,682,2047,2047,2047,2047,2047,2047,2047,2047,2047,0,0,0,1364,2047,2047,0,0,0,2047,2047,2047,682,0,0,682,2047,2047,2047,2047,2047,2047,2047,2047,2047,0,0,0,682,2047,2047,2047,0,0,2047,1364,0,0,0,2047,2047,2047,2047,0,0,0,0,0,2047,2047,2047,2047,0,0,0,2047,2047,0,2047,2047,1364,0,0,0,2047,2047,2047,2047,0,0,0,0,0,2047,2047,2047,2047,0,0,0,2047,2047,2047,2047,2047,1364,0,0,0,2047,2047,0,0,0,0,0,0,0,0,0,2047,2047,0,0,0,2047,2047,2047,2047,2047,1364,0,1364,1364,2047,2047,0,0,0,0,0,0,0,0,0,2047,2047,1364,682,0,2047,2047,2047,2047,2047,1364,0,2047,2047,2047,2047,0,682,0,0,0,0,0,0,0,2047,2047,2047,2047,0,2047,2047,2047,2047,2047,1364,0,2047,2047,2047,2047,0,0,0,0,0,0,0,0,0,2047,2047,2047,1364,0,2047,2047,2047,2047,2047,1364,0,0,0,2047,2047,0,0,0,0,0,0,0,0,0,2047,2047,0,0,0,2047,2047,2047,2047,2047,1364,0,0,0,2047,2047,2047,2047,0,0,682,0,0,2047,2047,2047,2047,0,0,0,2047,2047,2047,0,2047,1364,0,0,0,2047,2047,2047,2047,0,0,0,0,0,2047,2047,2047,2047,0,0,0,2047,2047,0,0,2047,2047,2047,0,0,682,1364,2047,2047,2047,2047,2047,2047,2047,2047,2047,682,682,0,682,2047,2047,2047,0,0,0,2047,2047,682,0,0,682,2047,2047,2047,2047,2047,2047,2047,2047,2047,0,0,0,1364,2047,2047,0,0,0,0,2047,2047,682,0,0,0,0,0,0,2047,2047,2047,0,0,0,0,0,0,1364,2047,2047,0,0,0,0,0,2047,682,0,0,0,0,0,0,2047,2047,1364,0,0,0,0,0,0,1364,2047,0,0,0,0,0,0,0,2047,2047,2047,2047,0,0,0,0,0,0,0,0,0,2047,2047,2047,2047,0,0,0,0,0,0,0,0,0,2047,2047,2047,1364,1364,1364,1364,1364,1364,1364,1364,1364,2047,2047,2047,0,0,0,0,0,0,0,0,0,0,0,0,2047,2047,2047,2047,2047,2047,2047,2047,2047,2047,2047,0,0,0,0,0,0,0,0,0,0,0,0,0,0,0,0,2047,2047,2047,2047,2047,2047,2047,0,0,0,0,0,0,0,0,0,
0,0,0,0,0,0,0,0,0,2047,2047,2047,2047,2047,2047,2047,0,0,0,0,0,0,0,0,0,0,0,0,0,0,0,0,2047,2047,2047,0,0,0,0,0,2047,2047,2047,0,0,0,0,0,0,0,0,0,0,0,0,2047,2047,2047,2047,1364,0,0,0,0,0,1364,2047,2047,2047,2047,0,0,0,0,0,0,0,0,0,2047,2047,0,0,0,0,0,0,0,0,0,0,0,0,0,2047,2047,0,0,0,0,0,0,0,2047,1364,1364,0,0,0,682,2047,2047,2047,2047,2047,682,0,0,0,1364,2047,2047,0,0,0,0,0,2047,2047,682,0,0,0,0,1364,2047,2047,2047,2047,2047,682,0,0,0,0,1364,2047,2047,0,0,0,0,1364,0,0,0,2047,2047,2047,2047,2047,2047,0,2047,2047,2047,2047,2047,2047,0,0,0,2047,0,0,0,2047,1364,0,0,0,2047,2047,2047,2047,2047,2047,0,2047,2047,2047,2047,2047,2047,0,0,0,2047,2047,0,0,2047,1364,0,0,0,2047,2047,0,0,0,0,0,0,0,0,0,2047,2047,0,0,0,2047,2047,0,2047,2047,682,0,682,682,2047,2047,0,0,0,0,0,0,0,0,0,2047,2047,682,0,0,1364,2047,2047,2047,0,0,0,2047,2047,2047,2047,0,0,0,0,0,0,0,0,0,2047,2047,2047,2047,0,0,0,2047,2047,0,0,0,2047,2047,2047,2047,0,0,0,0,0,0,0,0,0,2047,2047,2047,2047,0,0,0,2047,2047,0,0,0,2047,2047,0,0,0,0,0,0,0,0,0,0,0,0,0,2047,2047,0,0,0,2047,2047,0,0,0,2047,2047,2047,2047,0,0,0,0,0,0,0,0,0,2047,2047,2047,2047,0,0,0,2047,2047,0,0,0,2047,2047,2047,2047,0,0,0,0,0,0,0,0,0,2047,2047,2047,2047,0,0,0,2047,2047,2047,682,0,1364,1364,2047,2047,0,0,0,0,0,0,0,0,0,2047,2047,1364,1364,0,682,2047,2047,0,2047,1364,0,0,0,2047,2047,0,0,0,0,0,0,0,0,0,2047,2047,0,0,0,2047,2047,0,0,2047,1364,0,0,0,2047,2047,2047,2047,2047,2047,0,2047,2047,2047,2047,2047,2047,0,0,0,2047,2047,0,0,0,1364,0,0,0,2047,2047,2047,2047,2047,2047,0,2047,2047,2047,2047,2047,2047,0,0,0,2047,0,0,0,0,2047,2047,0,0,0,0,0,1364,2047,2047,2047,2047,2047,682,0,0,0,0,682,2047,2047,0,0,0,0,0,2047,682,0,0,0,0,1364,2047,2047,2047,2047,2047,682,0,0,0,0,1364,2047,0,0,0,0,0,0,0,2047,2047,0,0,0,0,0,0,0,0,0,0,0,0,0,2047,2047,0,0,0,0,0,0,0,0,0,2047,1364,1364,1364,682,0,0,0,0,0,682,1364,1364,1364,2047,0,0,0,0,0,0,0,0,0,0,0,0,2047,2047,2047,0,0,0,0,0,2047,2047,2047,0,0,0,0,0,0,0,0,0,0,0,0,0,0,0,0,2047,2047,2047,2047,2047,2047,2047,0,0,0,0,0,0,0,0,0,
0,0,0,0,0,0,0,0,0,2047,2047,2047,2047,2047,2047,2047,0,0,0,0,0,0,0,0,0,0,0,0,0,0,0,0,2047,0,0,0,0,0,0,0,0,0,2047,0,0,0,0,0,0,0,0,0,0,0,0,2047,2047,1364,0,0,0,0,0,0,0,0,0,2047,2047,2047,0,0,0,0,0,0,0,0,0,2047,2047,0,0,0,0,0,0,0,0,0,0,0,0,0,2047,2047,0,0,0,0,0,0,0,2047,1364,1364,0,0,2047,2047,2047,2047,2047,2047,2047,2047,2047,0,0,1364,2047,2047,0,0,0,0,0,2047,2047,682,0,0,682,2047,2047,2047,2047,2047,2047,2047,2047,2047,0,0,0,1364,2047,2047,0,0,0,0,1364,0,0,0,2047,2047,2047,2047,0,0,0,0,0,2047,2047,2047,2047,0,0,0,2047,0,0,0,2047,1364,0,0,0,2047,2047,2047,2047,0,0,0,0,0,2047,2047,2047,2047,0,0,0,2047,2047,0,0,0,0,0,2047,2047,2047,2047,0,0,0,0,0,0,0,0,0,2047,2047,2047,2047,0,0,0,0,2047,0,0,0,2047,2047,2047,2047,0,0,0,0,0,0,0,0,0,2047,2047,2047,2047,0,0,0,2047,2047,0,0,0,2047,2047,0,0,0,0,0,0,0,0,0,0,0,0,0,2047,2047,0,0,0,2047,2047,0,0,0,2047,2047,0,0,0,0,0,0,0,0,0,0,0,0,0,2047,2047,0,0,0,2047,2047,0,0,0,2047,2047,0,0,0,0,0,0,0,0,0,0,0,0,0,2047,2047,0,0,0,2047,2047,0,0,0,2047,2047,0,0,0,0,0,0,0,0,0,0,0,0,0,2047,2047,0,0,0,2047,2047,0,0,0,2047,2047,0,0,0,0,0,0,0,0,0,0,0,0,0,2047,2047,0,0,0,2047,2047,0,0,0,2047,2047,2047,2047,0,0,682,0,0,0,682,0,0,2047,2047,2047,2047,0,0,0,2047,0,0,0,0,2047,2047,2047,2047,0,0,0,0,0,0,0,0,0,2047,2047,2047,2047,0,0,0,0,0,2047,682,0,682,682,2047,2047,2047,2047,0,0,0,0,0,2047,2047,2047,2047,682,0,0,1364,2047,0,0,0,1364,0,0,0,2047,2047,2047,2047,0,0,0,0,0,2047,2047,2047,2047,0,0,0,2047,0,0,0,0,2047,2047,0,0,0,682,2047,2047,2047,2047,2047,2047,2047,2047,2047,0,0,0,682,2047,2047,0,0,0,0,0,2047,682,0,0,682,2047,2047,2047,2047,2047,2047,2047,2047,2047,0,0,0,1364,2047,0,0,0,0,0,0,0,2047,2047,0,0,0,0,0,0,0,0,0,0,0,0,0,2047,2047,0,0,0,0,0,0,0,0,0,2047,1364,682,0,0,0,0,0,0,0,0,0,1364,1364,2047,0,0,0,0,0,0,0,0,0,0,0,0,2047,0,0,0,0,0,0,0,0,0,2047,0,0,0,0,0,0,0,0,0,0,0,0,0,0,0,0,2047,2047,2047,2047,2047,2047,2047,0,0,0,0,0,0,0,0,0,
0,0,0,0,0,0,0,0,0,2047,2047,2047,2047,2047,2047,2047,0,0,0,0,0,0,0,0,0,0,0,0,0,0,0,0,2047,0,0,0,0,0,0,0,0,0,2047,0,0,0,0,0,0,0,0,0,0,0,0,2047,2047,1364,0,0,0,0,0,0,0,0,0,2047,2047,2047,0,0,0,0,0,0,0,0,0,682,0,0,0,0,0,0,0,0,0,0,0,0,0,0,0,1364,0,0,0,0,0,0,0,1364,0,0,0,0,2047,2047,2047,2047,2047,2047,2047,2047,2047,0,0,0,0,1364,0,0,0,0,0,1364,0,0,0,0,682,2047,2047,2047,2047,2047,2047,2047,2047,2047,0,0,0,0,0,2047,0,0,0,0,1364,0,0,0,2047,2047,2047,2047,0,0,0,0,0,2047,2047,2047,2047,0,0,0,2047,0,0,0,2047,1364,0,0,0,2047,2047,2047,2047,0,0,0,0,0,2047,2047,2047,2047,0,0,0,2047,2047,0,0,0,0,0,2047,2047,2047,2047,0,0,0,0,0,0,0,0,0,2047,2047,2047,2047,0,0,0,0,2047,0,0,0,2047,2047,2047,2047,0,0,0,0,0,0,0,0,0,2047,2047,2047,2047,0,0,0,2047,2047,0,0,0,2047,2047,0,0,0,0,0,0,0,0,0,0,0,0,0,2047,2047,0,0,0,2047,2047,0,0,0,2047,2047,0,0,0,0,0,0,0,0,0,0,0,0,0,2047,2047,0,0,0,2047,2047,0,0,0,2047,2047,0,0,0,0,0,0,0,0,0,0,0,0,0,2047,2047,0,0,0,2047,2047,0,0,0,2047,2047,0,0,0,0,0,0,0,0,0,0,0,0,0,2047,2047,0,0,0,2047,2047,0,0,0,2047,2047,0,0,0,0,0,0,0,0,0,0,0,0,0,2047,2047,0,0,0,2047,2047,0,0,0,2047,2047,2047,2047,0,0,0,0,0,0,0,0,0,2047,2047,2047,2047,0,0,0,2047,0,0,0,0,2047,2047,2047,2047,0,0,0,0,0,0,0,0,0,2047,2047,2047,2047,0,0,0,0,0,2047,682,0,682,682,2047,2047,2047,2047,0,0,0,0,0,2047,2047,2047,2047,682,0,0,1364,2047,0,0,0,1364,0,0,0,2047,2047,2047,2047,0,0,0,0,0,2047,2047,2047,2047,0,0,0,2047,0,0,0,0,1364,0,0,0,0,682,2047,2047,2047,2047,2047,2047,2047,2047,2047,0,0,0,0,0,2047,0,0,0,0,0,0,0,0,0,682,2047,2047,2047,2047,2047,2047,2047,2047,2047,0,0,0,0,0,0,0,0,0,0,0,0,682,0,0,0,0,0,0,0,0,0,0,0,0,0,0,0,1364,0,0,0,0,0,0,0,0,0,1364,1364,682,0,0,0,0,0,0,0,0,0,1364,1364,1364,0,0,0,0,0,0,0,0,0,0,0,0,2047,0,0,0,0,0,0,0,0,0,2047,0,0,0,0,0,0,0,0,0,0,0,0,0,0,0,0,2047,2047,2047,2047,2047,2047,2047,0,0,0,0,0,0,0,0,0,
0,0,0,0,0,0,0,0,0,2047,2047,2047,2047,2047,2047,2047,0,0,0,0,0,0,0,0,0,0,0,0,0,0,0,0,0,0,0,0,0,0,0,0,0,0,0,0,0,0,0,0,0,0,0,0,0,0,0,2047,0,0,0,0,0,0,0,0,0,0,0,0,0,2047,0,0,0,0,0,0,0,0,0,682,0,0,0,0,0,0,0,0,0,0,0,0,0,0,0,1364,0,0,0,0,0,0,0,1364,0,0,0,0,2047,2047,2047,2047,2047,2047,2047,2047,2047,0,0,0,0,1364,0,0,0,0,0,1364,0,0,0,0,682,2047,2047,2047,2047,2047,2047,2047,2047,2047,0,0,0,0,0,2047,0,0,0,0,0,0,0,0,2047,2047,0,0,0,0,0,0,0,0,0,2047,2047,0,0,0,0,0,0,0,0,0,0,0,0,2047,2047,0,0,0,0,0,0,0,0,0,2047,2047,0,0,0,0,0,0,0,0,0,0,2047,2047,0,0,0,0,0,0,0,0,0,0,0,0,0,2047,2047,0,0,0,0,2047,0,0,0,2047,2047,0,0,0,0,0,0,0,0,0,0,0,0,0,2047,2047,0,0,0,2047,2047,0,0,0,2047,2047,0,0,0,0,0,0,0,0,0,0,0,0,0,2047,2047,0,0,0,2047,2047,0,0,0,2047,2047,0,0,0,0,0,0,0,0,0,0,0,0,0,2047,2047,0,0,0,2047,2047,0,0,0,2047,2047,0,0,0,0,0,0,0,0,0,0,0,0,0,2047,2047,0,0,0,2047,2047,0,0,0,2047,2047,0,0,0,0,0,0,0,0,0,0,0,0,0,2047,2047,0,0,0,2047,2047,0,0,0,2047,2047,0,0,0,0,0,0,0,0,0,0,0,0,0,2047,2047,0,0,0,2047,2047,0,0,0,2047,2047,0,0,0,0,0,0,0,0,0,0,0,0,0,2047,2047,0,0,0,2047,0,0,0,0,2047,2047,0,0,0,0,0,0,0,0,0,0,0,0,0,2047,2047,0,0,0,0,0,0,0,0,682,682,2047,2047,0,0,0,0,0,0,0,0,0,2047,2047,682,0,0,0,0,0,0,0,0,0,0,0,2047,2047,0,0,0,0,0,0,0,0,0,2047,2047,0,0,0,0,0,0,0,0,1364,0,0,0,0,682,2047,2047,2047,2047,2047,2047,2047,2047,2047,0,0,0,0,0,2047,0,0,0,0,0,0,0,0,0,682,2047,2047,2047,2047,2047,2047,2047,2047,2047,0,0,0,0,0,0,0,0,0,0,0,0,682,0,0,0,0,0,0,0,0,0,0,0,0,0,0,0,1364,0,0,0,0,0,0,0,0,0,1364,0,0,0,0,0,0,0,0,0,0,0,0,0,1364,0,0,0,0,0,0,0,0,0,0,0,0,0,0,0,0,0,0,0,0,0,0,0,0,0,0,0,0,0,0,0,0,0,0,0,0,0,0,0,2047,2047,2047,2047,2047,2047,2047,0,0,0,0,0,0,0,0,0,
0,0,0,0,0,0,0,0,0,2047,2047,2047,2047,2047,2047,2047,0,0,0,0,0,0,0,0,0,0,0,0,0,0,0,0,0,0,0,0,0,0,0,0,0,0,0,0,0,0,0,0,0,0,0,0,0,0,0,2047,0,0,0,682,2047,2047,2047,2047,2047,682,0,0,0,2047,0,0,0,0,0,0,0,0,0,682,0,0,0,0,1364,2047,2047,2047,2047,2047,682,0,0,0,0,1364,0,0,0,0,0,0,0,1364,0,0,2047,2047,2047,2047,2047,2047,2047,2047,2047,2047,2047,2047,2047,0,0,1364,0,0,0,0,0,1364,0,0,0,2047,2047,2047,2047,2047,2047,2047,2047,2047,2047,2047,2047,2047,0,0,0,2047,0,0,0,0,0,0,2047,2047,2047,2047,0,0,0,0,0,0,0,0,0,2047,2047,2047,2047,0,0,0,0,0,0,0,0,2047,2047,2047,2047,0,0,0,0,0,0,0,0,0,2047,2047,2047,2047,0,0,0,0,0,0,0,0,2047,2047,0,0,0,0,0,0,0,0,0,0,0,0,0,2047,2047,0,0,0,0,2047,0,0,682,2047,2047,0,0,0,0,0,0,0,0,0,0,0,0,0,2047,2047,682,0,0,2047,2047,0,2047,2047,2047,2047,0,0,0,0,0,0,0,0,0,0,0,0,0,2047,2047,2047,2047,0,2047,2047,0,2047,2047,2047,2047,0,0,0,0,0,0,0,0,0,0,0,0,0,2047,2047,2047,2047,0,2047,2047,0,2047,2047,2047,2047,0,0,0,0,0,0,0,0,0,0,0,0,0,2047,2047,2047,2047,0,2047,2047,0,2047,2047,2047,2047,0,0,0,0,0,0,0,0,0,0,0,0,0,2047,2047,2047,2047,0,2047,2047,0,2047,2047,2047,2047,0,0,0,0,0,0,0,0,0,0,0,0,0,2047,2047,2047,2047,0,2047,2047,0,1364,1364,2047,2047,0,0,0,0,0,0,0,0,0,0,0,0,0,2047,2047,1364,682,0,2047,0,0,0,0,2047,2047,0,0,0,0,0,0,0,0,0,0,0,0,0,2047,2047,0,0,0,0,0,0,0,0,2047,2047,2047,2047,0,0,0,0,0,0,0,0,0,2047,2047,2047,2047,0,0,0,0,0,0,0,0,2047,2047,2047,2047,0,0,0,0,0,0,0,0,0,2047,2047,2047,2047,0,0,0,0,0,0,1364,0,0,0,2047,2047,2047,2047,2047,2047,2047,2047,2047,2047,2047,2047,2047,0,0,0,2047,0,0,0,0,0,0,0,0,2047,2047,2047,2047,2047,2047,2047,2047,2047,2047,2047,2047,2047,0,0,0,0,0,0,0,0,0,0,682,0,0,0,0,1364,2047,2047,2047,2047,2047,682,0,0,0,0,1364,0,0,0,0,0,0,0,0,0,1364,0,0,0,682,2047,2047,2047,2047,2047,682,0,0,0,1364,0,0,0,0,0,0,0,0,0,0,0,0,0,0,0,0,0,0,0,0,0,0,0,0,0,0,0,0,0,0,0,0,0,0,0,0,0,0,0,2047,2047,2047,2047,2047,2047,2047,0,0,0,0,0,0,0,0,0,
0,0,0,0,0,0,0,0,0,2047,0,0,0,0,0,2047,0,0,0,0,0,0,0,0,0,0,0,0,0,0,0,0,0,0,0,0,0,0,0,0,0,0,0,0,0,0,0,0,0,0,0,0,0,0,0,2047,0,0,0,682,2047,2047,2047,2047,2047,682,0,0,0,2047,0,0,0,0,0,0,0,0,0,0,0,0,0,0,1364,2047,2047,2047,2047,2047,682,0,0,0,0,0,0,0,0,0,0,0,0,0,0,0,2047,2047,2047,2047,1364,1364,1364,1364,1364,2047,2047,2047,2047,0,0,0,0,0,0,0,0,1364,0,0,0,2047,2047,2047,2047,0,0,0,0,0,2047,2047,2047,2047,0,0,0,2047,0,0,0,0,0,0,2047,2047,2047,2047,0,0,0,0,0,0,0,0,0,2047,2047,2047,2047,0,0,0,0,0,0,0,0,2047,2047,2047,2047,0,0,0,0,0,0,0,0,0,2047,2047,2047,2047,0,0,0,0,0,0,0,0,2047,2047,0,0,0,0,0,0,0,0,0,0,0,0,0,2047,2047,0,0,0,0,1364,0,0,682,2047,2047,0,0,0,0,0,0,0,0,0,0,0,0,0,2047,2047,682,0,0,2047,0,0,2047,2047,682,0,0,0,0,0,0,0,0,0,0,0,0,0,0,0,1364,2047,2047,0,0,0,0,2047,2047,682,0,0,0,0,0,0,0,0,0,0,0,0,0,0,0,1364,2047,2047,0,0,0,0,2047,2047,682,0,0,0,0,0,0,0,0,0,0,0,0,0,0,0,1364,2047,2047,0,0,0,0,2047,2047,682,0,0,0,0,0,0,0,0,0,0,0,0,0,0,0,1364,2047,2047,0,0,0,0,2047,2047,682,0,0,0,0,0,0,0,0,0,0,0,0,0,0,0,1364,2047,2047,0,0,1364,0,1364,1364,2047,2047,0,0,0,0,0,0,0,0,0,0,0,0,0,2047,2047,1364,682,0,1364,0,0,0,0,2047,2047,0,0,0,0,0,0,0,0,0,0,0,0,0,2047,2047,0,0,0,0,0,0,0,0,2047,2047,2047,2047,0,0,0,0,0,0,0,0,0,2047,2047,2047,2047,0,0,0,0,0,0,0,0,2047,2047,2047,2047,0,0,0,0,0,0,0,0,0,2047,2047,2047,2047,0,0,0,0,0,0,1364,0,0,0,2047,2047,2047,2047,0,0,0,0,0,2047,2047,2047,2047,0,0,0,2047,0,0,0,0,0,0,0,0,2047,2047,2047,2047,0,0,0,0,0,2047,2047,2047,2047,0,0,0,0,0,0,0,0,0,0,0,0,0,0,0,1364,2047,2047,2047,2047,2047,682,0,0,0,0,0,0,0,0,0,0,0,0,0,0,1364,0,0,0,682,2047,2047,2047,2047,2047,682,0,0,0,1364,0,0,0,0,0,0,0,0,0,0,0,0,0,0,0,0,0,0,0,0,0,0,0,0,0,0,0,0,0,0,0,0,0,0,0,0,0,0,0,1364,0,0,0,0,0,1364,0,0,0,0,0,0,0,0,0,
0,0,0,0,0,0,0,0,0,0,0,0,0,0,0,0,0,0,0,0,0,0,0,0,0,0,0,0,0,0,0,0,0,0,0,0,0,0,0,0,0,0,0,0,0,0,0,0,0,0,0,0,0,0,0,0,0,0,2047,2047,2047,2047,2047,2047,2047,2047,2047,0,0,0,0,0,0,0,0,0,0,0,0,0,0,0,682,2047,2047,2047,2047,2047,2047,2047,2047,2047,0,0,0,0,0,0,0,0,0,0,0,0,0,0,2047,2047,2047,2047,1364,1364,1364,1364,1364,2047,2047,2047,2047,0,0,0,0,0,0,0,0,0,0,0,0,2047,2047,2047,2047,0,0,0,0,0,2047,2047,2047,2047,0,0,0,0,0,0,0,0,0,0,2047,2047,0,0,0,0,0,0,0,0,0,0,0,0,682,2047,2047,0,0,0,0,0,0,0,0,2047,2047,0,0,0,0,0,0,0,0,0,0,0,0,0,2047,2047,0,0,0,0,0,0,2047,2047,2047,2047,0,0,0,0,0,0,0,0,0,0,0,0,0,2047,2047,2047,2047,0,0,0,0,2047,2047,2047,2047,0,0,0,0,0,0,0,0,0,0,0,0,0,2047,2047,2047,2047,0,0,0,0,2047,2047,682,0,0,0,0,0,0,0,0,0,0,0,0,0,0,0,1364,2047,2047,0,0,0,0,2047,2047,682,0,0,0,0,0,0,0,0,0,0,0,0,0,0,0,1364,2047,2047,0,0,0,0,2047,2047,682,0,0,0,0,0,0,0,0,0,0,0,0,0,0,0,1364,2047,2047,0,0,0,0,2047,2047,682,0,0,0,0,0,0,0,0,0,0,0,0,0,0,0,1364,2047,2047,0,0,0,0,2047,2047,682,0,0,0,0,0,0,0,0,0,0,0,0,0,0,0,1364,2047,2047,0,0,0,0,2047,2047,2047,2047,0,0,0,0,0,0,0,0,0,0,0,0,0,2047,2047,2047,2047,0,0,0,0,2047,2047,2047,2047,0,0,0,0,0,0,0,0,0,0,0,0,0,2047,2047,2047,2047,0,0,0,0,0,682,2047,2047,0,0,0,0,0,0,0,0,0,0,0,0,0,2047,2047,682,0,0,0,0,0,0,0,2047,2047,0,0,0,0,0,0,0,0,0,0,0,0,0,2047,2047,0,0,0,0,0,0,0,0,0,0,2047,2047,2047,2047,0,0,0,0,0,2047,2047,2047,2047,0,0,0,0,0,0,0,0,0,0,0,0,2047,2047,2047,2047,0,0,0,0,0,2047,2047,2047,2047,0,0,0,0,0,0,0,0,0,0,0,0,0,682,2047,2047,2047,2047,2047,2047,2047,2047,2047,0,0,0,0,0,0,0,0,0,0,0,0,0,0,0,0,2047,2047,2047,2047,2047,2047,2047,2047,2047,0,0,0,0,0,0,0,0,0,0,0,0,0,0,0,0,0,0,0,0,0,0,0,0,0,0,0,0,0,0,0,0,0,0,0,0,0,0,0,0,0,0,0,0,0,0,0,0,0,0,0,0,0,0,0,0,0,0,
0,0,0,0,0,0,0,0,0,0,0,0,0,0,0,0,0,0,0,0,0,0,0,0,0,0,0,0,0,0,0,0,0,0,0,0,0,0,0,0,0,0,0,0,0,0,0,0,0,0,0,0,0,0,0,0,0,0,2047,2047,2047,2047,2047,2047,2047,2047,2047,0,0,0,0,0,0,0,0,0,0,0,0,0,0,0,682,2047,2047,2047,2047,2047,2047,2047,2047,2047,0,0,0,0,0,0,0,0,0,0,0,0,2047,2047,2047,2047,1364,1364,1364,1364,1364,1364,1364,1364,1364,2047,2047,2047,2047,0,0,0,0,0,0,0,0,2047,2047,2047,2047,0,0,0,0,0,0,0,0,0,2047,2047,2047,2047,0,0,0,0,0,0,0,0,2047,2047,0,0,0,0,0,0,0,0,0,0,0,0,682,2047,2047,0,0,0,0,0,0,0,0,2047,2047,0,0,0,0,0,0,0,0,0,0,0,0,0,2047,2047,0,0,0,0,0,0,2047,2047,682,0,0,0,0,0,0,0,0,0,0,0,0,0,0,0,1364,2047,2047,0,0,0,0,2047,2047,682,0,0,0,0,0,0,0,0,0,0,0,0,0,0,0,1364,2047,2047,0,0,0,0,2047,2047,682,0,0,0,0,0,0,0,0,0,0,0,0,0,0,0,1364,2047,2047,0,0,0,0,2047,2047,682,0,0,0,0,0,0,0,0,0,0,0,0,0,0,0,1364,2047,2047,0,0,0,0,2047,2047,682,0,0,0,0,0,0,0,0,0,0,0,0,0,0,0,1364,2047,2047,0,0,0,0,2047,2047,682,0,0,0,0,0,0,0,0,0,0,0,0,0,0,0,1364,2047,2047,0,0,0,0,2047,2047,682,0,0,0,0,0,0,0,0,0,0,0,0,0,0,0,1364,2047,2047,0,0,0,0,2047,2047,682,0,0,0,0,0,0,0,0,0,0,0,0,0,0,0,1364,2047,2047,0,0,0,0,2047,2047,682,0,0,0,0,0,0,0,0,0,0,0,0,0,0,0,1364,2047,2047,0,0,0,0,0,682,2047,2047,0,0,0,0,0,0,0,0,0,0,0,0,0,2047,2047,682,0,0,0,0,0,0,0,2047,2047,0,0,0,0,0,0,0,0,0,0,0,0,0,2047,2047,0,0,0,0,0,0,0,0,2047,2047,2047,2047,0,0,0,0,0,0,0,0,0,2047,2047,2047,2047,0,0,0,0,0,0,0,0,2047,2047,2047,2047,0,0,0,0,0,0,0,0,0,2047,2047,2047,2047,0,0,0,0,0,0,0,0,0,0,0,682,2047,2047,2047,2047,2047,2047,2047,2047,2047,0,0,0,0,0,0,0,0,0,0,0,0,0,0,0,0,2047,2047,2047,2047,2047,2047,2047,2047,2047,0,0,0,0,0,0,0,0,0,0,0,0,0,0,0,0,0,0,0,0,0,0,0,0,0,0,0,0,0,0,0,0,0,0,0,0,0,0,0,0,0,0,0,0,0,0,0,0,0,0,0,0,0,0,0,0,0,0,
0,0,0,0,0,0,0,0,0,0,0,0,0,0,0,0,0,0,0,0,0,0,0,0,0,0,0,0,0,0,0,0,0,0,0,0,0,0,0,0,0,0,0,0,0,0,0,0,0,0,0,0,0,0,0,0,2047,2047,2047,2047,2047,2047,2047,2047,2047,2047,2047,2047,2047,0,0,0,0,0,0,0,0,0,0,0,0,2047,2047,2047,2047,2047,2047,2047,2047,2047,2047,2047,2047,2047,0,0,0,0,0,0,0,0,0,0,2047,2047,2047,2047,1364,1364,1364,1364,1364,1364,1364,1364,1364,2047,2047,2047,2047,0,0,0,0,0,0,0,0,2047,2047,2047,2047,0,0,0,0,0,0,0,0,0,2047,2047,2047,2047,0,0,0,0,0,0,2047,2047,2047,2047,0,0,0,0,0,0,0,0,0,0,0,0,682,2047,2047,2047,2047,0,0,0,0,2047,2047,2047,2047,0,0,0,0,0,0,0,0,0,0,0,0,0,2047,2047,2047,2047,0,0,0,0,2047,2047,682,0,0,0,0,0,0,0,0,0,0,0,0,0,0,0,1364,2047,2047,0,0,0,0,2047,2047,682,0,0,0,0,0,0,0,0,0,0,0,0,0,0,0,1364,2047,2047,0,0,0,0,2047,2047,682,0,0,0,0,0,0,0,0,0,0,0,0,0,0,0,1364,2047,2047,0,0,0,0,2047,2047,682,0,0,0,0,0,0,0,0,0,0,0,0,0,0,0,1364,2047,2047,0,0,0,0,2047,2047,682,0,0,0,0,0,0,0,0,0,0,0,0,0,0,0,1364,2047,2047,0,0,0,0,2047,2047,682,0,0,0,0,0,0,0,0,0,0,0,0,0,0,0,1364,2047,2047,0,0,0,0,2047,2047,682,0,0,0,0,0,0,0,0,0,0,0,0,0,0,0,1364,2047,2047,0,0,0,0,2047,2047,682,0,0,0,0,0,0,0,0,0,0,0,0,0,0,0,1364,2047,2047,0,0,0,0,2047,2047,682,0,0,0,0,0,0,0,0,0,0,0,0,0,0,0,1364,2047,2047,0,0,0,0,2047,2047,2047,2047,0,0,0,0,0,0,0,0,0,0,0,0,0,2047,2047,2047,2047,0,0,0,0,2047,2047,2047,2047,0,0,0,0,0,0,0,0,0,0,0,0,0,2047,2047,2047,2047,0,0,0,0,0,0,2047,2047,2047,2047,0,0,0,0,0,0,0,0,0,2047,2047,2047,2047,0,0,0,0,0,0,0,0,2047,2047,2047,2047,0,0,0,0,0,0,0,0,0,2047,2047,2047,2047,0,0,0,0,0,0,0,0,0,0,2047,2047,2047,2047,2047,2047,2047,2047,2047,2047,2047,2047,2047,0,0,0,0,0,0,0,0,0,0,0,0,2047,2047,2047,2047,2047,2047,2047,2047,2047,2047,2047,2047,2047,0,0,0,0,0,0,0,0,0,0,0,0,0,0,0,0,0,0,0,0,0,0,0,0,0,0,0,0,0,0,0,0,0,0,0,0,0,0,0,0,0,0,0,0,0,0,0,0,0,0,0,0,0,0,0,0,
0,0,0,0,0,0,0,0,0,0,0,682,2047,682,0,0,0,0,0,0,0,0,0,0,0,0,0,0,0,0,0,0,0,0,0,0,2047,2047,1364,0,0,0,0,0,0,0,0,0,0,0,0,0,0,0,0,0,2047,2047,2047,2047,2047,2047,2047,2047,2047,2047,2047,2047,2047,0,0,0,0,0,0,0,0,0,0,0,0,2047,2047,2047,2047,2047,2047,2047,2047,2047,2047,2047,2047,2047,0,0,0,0,0,0,0,0,0,0,2047,2047,2047,2047,1364,1364,1364,1364,1364,1364,1364,1364,1364,2047,2047,2047,2047,0,0,0,0,0,0,0,0,2047,2047,2047,2047,0,0,0,0,0,0,0,0,0,2047,2047,2047,2047,0,0,0,0,0,0,2047,2047,2047,2047,0,0,0,0,0,0,0,0,0,0,0,0,682,2047,2047,2047,2047,0,0,0,0,2047,2047,2047,2047,0,0,0,0,0,0,0,0,0,0,0,0,0,2047,2047,2047,2047,0,0,0,0,2047,2047,682,0,0,0,0,0,0,0,0,0,0,0,0,0,0,0,1364,2047,2047,0,0,0,0,2047,2047,682,0,0,0,0,0,0,0,0,0,0,0,0,0,0,0,1364,2047,2047,0,0,0,0,2047,2047,682,0,0,0,0,0,0,0,0,0,0,0,0,0,0,0,1364,2047,2047,0,0,682,1364,2047,2047,682,0,0,0,0,0,0,0,0,0,0,0,0,0,0,0,1364,2047,2047,1364,682,2047,2047,2047,2047,682,0,0,0,0,0,0,0,0,0,0,0,0,0,0,0,1364,2047,2047,2047,2047,1364,2047,2047,2047,682,0,0,0,0,0,0,0,0,0,0,0,0,0,0,0,1364,2047,2047,2047,682,0,0,2047,2047,682,0,0,0,0,0,0,0,0,0,0,0,0,0,0,0,1364,2047,2047,0,0,0,0,2047,2047,682,0,0,0,0,0,0,0,0,0,0,0,0,0,0,0,1364,2047,2047,0,0,0,0,2047,2047,682,0,0,0,0,0,0,0,0,0,0,0,0,0,0,0,1364,2047,2047,0,0,0,0,2047,2047,2047,2047,0,0,0,0,0,0,0,0,0,0,0,0,0,2047,2047,2047,2047,0,0,0,0,2047,2047,2047,2047,0,0,0,0,0,0,0,0,0,0,0,0,0,2047,2047,2047,2047,0,0,0,0,0,0,2047,2047,2047,2047,0,0,0,0,0,0,0,0,0,2047,2047,2047,2047,0,0,0,0,0,0,0,0,2047,2047,2047,2047,0,0,0,0,0,0,0,0,0,2047,2047,2047,2047,0,0,0,0,0,0,0,0,0,0,2047,2047,2047,2047,2047,2047,2047,2047,2047,2047,2047,2047,2047,0,0,0,0,0,0,0,0,0,0,0,0,2047,2047,2047,2047,2047,2047,2047,2047,2047,2047,2047,2047,2047,0,0,0,0,0,0,0,0,0,0,0,0,0,0,0,0,0,2047,2047,1364,0,0,0,0,0,0,0,0,0,0,0,0,0,0,0,0,0,0,0,0,0,0,1364,2047,682,0,0,0,0,0,0,0,0,0,0,0,
0,0,0,0,0,0,0,0,0,682,2047,2047,2047,2047,2047,0,0,0,0,0,0,0,0,0,0,0,0,0,0,0,0,0,0,0,1364,2047,2047,2047,2047,2047,682,0,0,0,0,0,0,0,0,0,0,0,0,0,0,0,2047,2047,2047,2047,2047,2047,2047,2047,2047,2047,2047,2047,2047,0,0,0,0,0,0,0,0,0,0,0,0,2047,2047,2047,2047,2047,2047,0,2047,2047,2047,2047,2047,2047,0,0,0,0,0,0,0,0,0,0,2047,2047,1364,1364,1364,1364,1364,682,0,682,1364,1364,1364,1364,1364,2047,2047,0,0,0,0,0,0,0,0,2047,2047,0,0,0,0,0,0,0,0,0,0,0,0,0,2047,2047,0,0,0,0,0,0,2047,2047,682,0,0,0,0,0,0,0,0,0,0,0,0,0,0,0,1364,2047,2047,0,0,0,0,2047,2047,682,0,0,0,0,0,0,0,0,0,0,0,0,0,0,0,1364,2047,2047,0,0,0,0,2047,2047,682,0,0,0,0,0,0,0,0,0,0,0,0,0,0,0,1364,2047,2047,0,0,0,682,2047,2047,682,0,0,0,0,0,0,0,0,0,0,0,0,0,0,0,1364,2047,2047,682,0,2047,2047,2047,2047,682,0,0,0,0,0,0,0,0,0,0,0,0,0,0,0,1364,2047,2047,2047,2047,2047,2047,2047,2047,0,0,0,0,0,0,0,0,0,0,0,0,0,0,0,0,682,2047,2047,2047,2047,2047,2047,1364,0,0,0,0,0,0,0,0,0,0,0,0,0,0,0,0,0,0,0,2047,2047,2047,2047,2047,2047,2047,0,0,0,0,0,0,0,0,0,0,0,0,0,0,0,0,0,2047,2047,2047,2047,2047,2047,2047,2047,682,0,0,0,0,0,0,0,0,0,0,0,0,0,0,0,1364,2047,2047,2047,2047,682,1364,2047,2047,682,0,0,0,0,0,0,0,0,0,0,0,0,0,0,0,1364,2047,2047,1364,682,0,0,2047,2047,682,0,0,0,0,0,0,0,0,0,0,0,0,0,0,0,1364,2047,2047,0,0,0,0,2047,2047,682,0,0,0,0,0,0,0,0,0,0,0,0,0,0,0,1364,2047,2047,0,0,0,0,2047,2047,682,0,0,0,0,0,0,0,0,0,0,0,0,0,0,0,1364,2047,2047,0,0,0,0,0,0,2047,2047,0,0,0,0,0,0,0,0,0,0,0,0,0,2047,2047,0,0,0,0,0,0,0,0,2047,2047,0,0,0,0,0,0,0,0,0,0,0,0,682,2047,2047,0,0,0,0,0,0,0,0,0,0,2047,2047,2047,2047,2047,2047,0,2047,2047,2047,2047,2047,2047,0,0,0,0,0,0,0,0,0,0,0,0,2047,2047,2047,2047,2047,2047,1364,2047,2047,2047,2047,2047,2047,0,0,0,0,0,0,0,0,0,0,0,0,0,0,0,1364,2047,2047,2047,2047,2047,682,0,0,0,0,0,0,0,0,0,0,0,0,0,0,0,0,0,0,682,2047,2047,2047,2047,2047,682,0,0,0,0,0,0,0,0,0,
0,0,0,0,0,0,0,0,0,2047,2047,2047,2047,2047,2047,2047,0,0,0,0,0,0,0,0,0,0,0,0,0,0,0,0,682,2047,2047,2047,2047,2047,2047,2047,2047,2047,0,0,0,0,0,0,0,0,0,0,0,0,0,0,2047,2047,2047,2047,2047,2047,2047,2047,2047,2047,2047,2047,2047,0,0,0,0,0,0,0,0,0,0,0,0,2047,2047,2047,2047,0,0,0,0,0,2047,2047,2047,2047,0,0,0,0,0,0,0,0,0,0,2047,2047,1364,1364,1364,682,0,0,0,0,0,682,1364,1364,1364,2047,2047,0,0,0,0,0,0,0,0,2047,2047,0,0,0,0,0,0,0,0,0,0,0,0,0,2047,2047,0,0,0,0,0,0,2047,2047,682,0,0,0,0,0,0,0,0,0,0,0,0,0,0,0,1364,2047,2047,0,0,0,0,2047,2047,682,0,0,0,0,0,0,0,0,0,0,0,0,0,0,0,1364,2047,2047,0,0,0,2047,2047,2047,682,0,0,0,0,0,0,0,0,0,0,0,0,0,0,0,1364,2047,2047,2047,0,2047,2047,2047,2047,0,0,0,0,0,0,0,0,0,0,0,0,0,0,0,0,682,2047,2047,2047,2047,2047,2047,1364,0,0,0,0,0,0,0,0,0,0,0,0,0,0,0,0,0,0,0,2047,2047,2047,2047,2047,1364,0,0,0,0,0,0,0,0,0,0,0,0,0,0,0,0,0,0,0,2047,2047,2047,2047,2047,1364,0,0,0,0,0,0,0,0,0,0,0,0,0,0,0,0,0,0,0,2047,2047,2047,2047,2047,1364,0,0,0,0,0,0,0,0,0,0,0,0,0,0,0,0,0,0,0,2047,2047,2047,2047,2047,1364,0,0,0,0,0,0,0,0,0,0,0,0,0,0,0,0,0,0,0,2047,2047,2047,2047,2047,2047,2047,0,0,0,0,0,0,0,0,0,0,0,0,0,0,0,0,682,2047,2047,2047,2047,0,2047,2047,2047,682,0,0,0,0,0,0,0,0,0,0,0,0,0,0,0,1364,2047,2047,2047,0,0,682,2047,2047,682,0,0,0,0,0,0,0,0,0,0,0,0,0,0,0,1364,2047,2047,682,0,0,0,2047,2047,682,0,0,0,0,0,0,0,0,0,0,0,0,0,0,0,1364,2047,2047,0,0,0,0,0,0,2047,2047,0,0,0,0,0,0,0,0,0,0,0,0,0,2047,2047,0,0,0,0,0,0,0,0,2047,2047,0,0,0,0,0,0,0,0,0,0,0,0,682,2047,2047,0,0,0,0,0,0,0,0,0,0,2047,2047,2047,2047,0,0,0,0,0,2047,2047,2047,2047,0,0,0,0,0,0,0,0,0,0,0,0,2047,2047,2047,2047,1364,1364,1364,1364,1364,2047,2047,2047,2047,0,0,0,0,0,0,0,0,0,0,0,0,0,682,2047,2047,2047,2047,2047,2047,2047,2047,2047,0,0,0,0,0,0,0,0,0,0,0,0,0,0,0,0,0,2047,2047,2047,2047,2047,2047,2047,0,0,0,0,0,0,0,0,0,
0,0,0,0,0,0,0,0,0,2047,2047,2047,2047,2047,2047,2047,0,0,0,0,0,0,0,0,0,0,0,0,0,0,0,0,682,2047,2047,2047,2047,2047,2047,2047,2047,2047,0,0,0,0,0,0,0,0,0,0,0,0,0,2047,2047,2047,2047,2047,2047,2047,2047,2047,2047,2047,2047,2047,2047,2047,0,0,0,0,0,0,0,0,0,2047,2047,2047,2047,2047,2047,0,0,0,0,0,2047,2047,2047,2047,2047,2047,0,0,0,0,0,0,0,2047,2047,2047,1364,1364,1364,682,0,0,0,0,0,682,1364,1364,1364,2047,2047,2047,0,0,0,0,0,2047,2047,2047,2047,0,0,0,0,0,0,0,0,0,0,0,0,0,2047,2047,2047,2047,0,0,0,0,2047,2047,682,0,0,0,0,0,0,0,0,0,0,0,0,0,0,0,1364,2047,2047,0,0,0,0,2047,2047,682,0,0,0,0,0,0,0,0,0,0,0,0,0,0,0,1364,2047,2047,0,0,0,2047,2047,2047,682,0,0,0,0,0,0,0,0,0,0,0,0,0,0,0,682,2047,2047,2047,0,2047,2047,2047,2047,0,0,0,0,0,0,0,0,0,0,0,0,0,0,0,0,682,2047,2047,2047,2047,2047,2047,1364,0,0,0,0,0,0,0,0,0,0,0,0,0,0,0,0,0,0,0,2047,2047,2047,2047,2047,1364,0,0,0,0,0,0,0,0,0,0,0,0,0,0,0,0,0,0,0,2047,2047,2047,2047,2047,1364,0,0,0,0,0,0,0,0,0,0,0,0,0,0,0,0,0,0,0,2047,2047,2047,2047,2047,1364,0,0,0,0,0,0,0,0,0,0,0,0,0,0,0,0,0,0,0,2047,2047,2047,2047,2047,1364,0,0,0,0,0,0,0,0,0,0,0,0,0,0,0,0,0,0,0,2047,2047,2047,2047,2047,2047,2047,0,0,0,0,0,0,0,0,0,0,0,0,0,0,0,0,682,2047,2047,2047,2047,0,2047,2047,2047,682,0,0,0,0,0,0,0,0,0,0,0,0,0,0,0,682,2047,2047,2047,0,0,682,2047,2047,682,0,0,0,0,0,0,0,0,0,0,0,0,0,0,0,1364,2047,2047,682,0,0,0,2047,2047,682,0,0,0,0,0,0,0,0,0,0,0,0,0,0,0,1364,2047,2047,0,0,0,0,2047,2047,2047,2047,0,0,0,0,0,0,0,0,0,0,0,0,0,2047,2047,2047,2047,0,0,0,0,0,2047,2047,2047,0,0,0,0,0,0,0,0,0,0,0,0,682,2047,2047,2047,0,0,0,0,0,0,0,2047,2047,2047,2047,2047,2047,0,0,0,0,0,2047,2047,2047,2047,2047,2047,0,0,0,0,0,0,0,0,0,2047,2047,2047,2047,2047,1364,1364,1364,1364,1364,2047,2047,2047,2047,2047,0,0,0,0,0,0,0,0,0,0,0,0,682,2047,2047,2047,2047,2047,2047,2047,2047,2047,0,0,0,0,0,0,0,0,0,0,0,0,0,0,0,0,0,2047,2047,2047,2047,2047,2047,2047,0,0,0,0,0,0,0,0,0,
0,0,0,0,0,0,0,0,0,2047,2047,2047,2047,2047,2047,2047,0,0,0,0,0,0,0,0,0,0,0,0,0,0,0,0,682,2047,2047,2047,2047,2047,2047,2047,2047,2047,0,0,0,0,0,0,0,0,0,0,0,0,0,2047,2047,2047,2047,2047,2047,2047,2047,2047,2047,2047,2047,2047,2047,2047,0,0,0,0,0,0,0,0,0,2047,2047,2047,2047,0,0,0,0,0,0,0,0,0,2047,2047,2047,2047,0,0,0,0,0,0,0,2047,2047,2047,1364,682,0,0,0,0,0,0,0,0,0,1364,1364,2047,2047,2047,0,0,0,0,0,2047,2047,2047,2047,0,0,0,0,0,0,0,0,0,0,0,0,0,2047,2047,2047,2047,0,0,0,0,2047,2047,682,0,0,0,0,0,0,0,0,0,0,0,0,0,0,0,1364,2047,2047,0,0,0,0,2047,2047,682,0,0,0,0,0,0,0,0,0,0,0,0,0,0,0,682,2047,2047,0,0,0,2047,1364,0,0,0,0,0,0,0,0,0,0,0,0,0,0,0,0,0,0,0,2047,2047,0,2047,2047,1364,0,0,0,0,0,0,0,0,0,0,0,0,0,0,0,0,0,0,0,2047,2047,2047,2047,2047,1364,0,0,0,0,0,0,0,0,0,0,0,0,0,0,0,0,0,0,0,2047,2047,2047,2047,2047,1364,0,0,0,0,0,0,0,0,0,0,0,0,0,0,0,0,0,0,0,2047,2047,2047,2047,2047,1364,0,0,0,0,0,0,0,0,0,0,0,0,0,0,0,0,0,0,0,2047,2047,2047,2047,2047,1364,0,0,0,0,0,0,0,0,0,0,0,0,0,0,0,0,0,0,0,2047,2047,2047,2047,2047,1364,0,0,0,0,0,0,0,0,0,0,0,0,0,0,0,0,0,0,0,2047,2047,2047,2047,2047,1364,0,0,0,0,0,0,0,0,0,0,0,0,0,0,0,0,0,0,0,2047,2047,2047,0,2047,1364,0,0,0,0,0,0,0,0,0,0,0,0,0,0,0,0,0,0,0,2047,2047,0,0,682,2047,2047,0,0,0,0,0,0,0,0,0,0,0,0,0,0,0,0,682,2047,2047,682,0,0,0,2047,2047,682,0,0,0,0,0,0,0,0,0,0,0,0,0,0,0,1364,2047,2047,0,0,0,0,2047,2047,2047,2047,0,0,0,0,0,0,0,0,0,0,0,0,0,2047,2047,2047,2047,0,0,0,0,0,2047,2047,2047,0,0,0,0,0,0,0,0,0,0,0,0,682,2047,2047,2047,0,0,0,0,0,0,0,2047,2047,2047,2047,0,0,0,0,0,0,0,0,0,2047,2047,2047,2047,0,0,0,0,0,0,0,0,0,2047,2047,2047,1364,1364,1364,1364,1364,1364,1364,1364,1364,2047,2047,2047,0,0,0,0,0,0,0,0,0,0,0,0,682,2047,2047,2047,2047,2047,2047,2047,2047,2047,0,0,0,0,0,0,0,0,0,0,0,0,0,0,0,0,0,2047,2047,2047,2047,2047,2047,2047,0,0,0,0,0,0,0,0,0,
0,0,0,0,0,0,0,0,0,2047,2047,2047,2047,2047,2047,2047,0,0,0,0,0,0,0,0,0,0,0,0,0,0,0,0,2047,2047,2047,2047,2047,2047,2047,2047,2047,2047,2047,0,0,0,0,0,0,0,0,0,0,0,0,2047,2047,2047,2047,2047,2047,2047,2047,2047,2047,2047,2047,2047,2047,2047,0,0,0,0,0,0,0,0,0,2047,2047,2047,2047,0,0,0,0,0,0,0,0,0,2047,2047,2047,2047,0,0,0,0,0,0,0,2047,2047,2047,1364,682,0,0,0,0,0,0,0,0,0,682,1364,2047,2047,2047,0,0,0,0,0,2047,2047,2047,2047,0,0,0,0,0,0,0,0,0,0,0,0,0,2047,2047,2047,2047,0,0,0,0,2047,2047,682,0,0,0,0,0,0,0,0,0,0,0,0,0,0,0,1364,2047,2047,0,0,0,2047,2047,2047,682,0,0,0,0,0,0,0,0,0,0,0,0,0,0,0,682,2047,2047,2047,0,0,2047,1364,0,0,0,0,0,0,0,0,0,0,0,0,0,0,0,0,0,0,0,2047,2047,0,2047,2047,1364,0,0,0,0,0,0,0,0,0,0,0,0,0,0,0,0,0,0,0,2047,2047,2047,2047,2047,1364,0,0,0,0,0,0,0,0,0,0,0,0,0,0,0,0,0,0,0,2047,2047,2047,2047,2047,1364,0,0,0,0,0,0,0,0,0,0,0,0,0,0,0,0,0,0,0,2047,2047,2047,2047,2047,1364,0,0,0,0,0,0,0,0,0,0,0,0,0,0,0,0,0,0,0,2047,2047,2047,2047,2047,1364,0,0,0,0,0,0,0,0,0,0,0,0,0,0,0,0,0,0,0,2047,2047,2047,2047,2047,1364,0,0,0,0,0,0,0,0,0,0,0,0,0,0,0,0,0,0,0,2047,2047,2047,2047,2047,1364,0,0,0,0,0,0,0,0,0,0,0,0,0,0,0,0,0,0,0,2047,2047,2047,0,2047,1364,0,0,0,0,0,0,0,0,0,0,0,0,0,0,0,0,0,0,0,2047,2047,0,0,2047,2047,2047,0,0,0,0,0,0,0,0,0,0,0,0,0,0,0,0,682,2047,2047,2047,0,0,0,2047,2047,682,0,0,0,0,0,0,0,0,0,0,0,0,0,0,0,1364,2047,2047,0,0,0,0,2047,2047,2047,2047,0,0,0,0,0,0,0,0,0,0,0,0,0,2047,2047,2047,2047,0,0,0,0,0,2047,2047,2047,0,0,0,0,0,0,0,0,0,0,0,0,682,2047,2047,2047,0,0,0,0,0,0,0,2047,2047,2047,2047,0,0,0,0,0,0,0,0,0,2047,2047,2047,2047,0,0,0,0,0,0,0,0,0,2047,2047,2047,1364,1364,1364,1364,1364,1364,1364,1364,1364,2047,2047,2047,0,0,0,0,0,0,0,0,0,0,0,0,2047,2047,2047,2047,2047,2047,2047,2047,2047,2047,2047,0,0,0,0,0,0,0,0,0,0,0,0,0,0,0,0,2047,2047,2047,2047,2047,2047,2047,0,0,0,0,0,0,0,0,0,
0,0,0,0,0,0,0,0,0,2047,2047,2047,2047,2047,2047,2047,0,0,0,0,0,0,0,0,0,0,0,0,0,0,0,0,2047,2047,2047,2047,2047,2047,2047,2047,2047,2047,2047,0,0,0,0,0,0,0,0,0,0,0,0,2047,2047,2047,2047,2047,2047,2047,2047,2047,2047,2047,2047,2047,2047,2047,0,0,0,0,0,0,0,0,0,2047,2047,2047,2047,0,0,0,0,0,0,0,0,0,2047,2047,2047,2047,0,0,0,0,0,0,0,2047,1364,1364,1364,682,0,0,0,0,0,0,0,0,0,682,1364,1364,2047,2047,0,0,0,0,0,2047,2047,682,0,0,0,0,0,0,0,0,0,0,0,0,0,0,0,1364,2047,2047,0,0,0,0,2047,2047,682,0,0,0,0,0,0,0,0,0,0,0,0,0,0,0,682,2047,2047,0,0,0,2047,2047,2047,0,0,0,0,0,0,0,0,0,0,0,0,0,0,0,0,682,2047,2047,2047,0,0,2047,1364,0,0,0,0,0,0,0,0,0,0,0,0,0,0,0,0,0,0,0,2047,2047,0,2047,2047,1364,0,0,0,0,0,0,0,0,0,0,0,0,0,0,0,0,0,0,0,2047,2047,2047,2047,2047,1364,0,0,0,0,0,0,0,0,0,0,0,0,0,0,0,0,0,0,0,2047,2047,2047,2047,2047,1364,0,0,0,0,0,0,0,0,0,0,0,0,0,0,0,0,0,0,0,2047,2047,2047,2047,2047,1364,0,0,0,0,0,0,0,0,0,0,0,0,0,0,0,0,0,0,0,2047,2047,2047,2047,2047,1364,0,0,0,0,0,0,0,0,0,0,0,0,0,0,0,0,0,0,0,2047,2047,2047,2047,2047,1364,0,0,0,0,0,0,0,0,0,0,0,0,0,0,0,0,0,0,0,2047,2047,2047,2047,2047,1364,0,0,0,0,0,0,0,0,0,0,0,0,0,0,0,0,0,0,0,2047,2047,2047,0,2047,1364,0,0,0,0,0,0,0,0,0,0,0,0,0,0,0,0,0,0,0,2047,2047,0,0,2047,2047,2047,0,0,0,0,0,0,0,0,0,0,0,0,0,0,0,0,682,2047,2047,2047,0,0,0,2047,2047,682,0,0,0,0,0,0,0,0,0,0,0,0,0,0,0,682,2047,2047,0,0,0,0,2047,2047,682,0,0,0,0,0,0,0,0,0,0,0,0,0,0,0,1364,2047,2047,0,0,0,0,0,2047,682,0,0,0,0,0,0,0,0,0,0,0,0,0,0,0,1364,2047,0,0,0,0,0,0,0,2047,2047,2047,2047,0,0,0,0,0,0,0,0,0,2047,2047,2047,2047,0,0,0,0,0,0,0,0,0,2047,2047,2047,1364,1364,1364,1364,1364,1364,1364,1364,1364,2047,2047,2047,0,0,0,0,0,0,0,0,0,0,0,0,2047,2047,2047,2047,2047,2047,2047,2047,2047,2047,2047,0,0,0,0,0,0,0,0,0,0,0,0,0,0,0,0,2047,2047,2047,2047,2047,2047,2047,0,0,0,0,0,0,0,0,0,
0,0,0,0,0,0,0,0,0,2047,2047,2047,2047,2047,2047,2047,0,0,0,0,0,0,0,0,0,0,0,0,0,0,0,0,2047,2047,2047,2047,2047,2047,2047,2047,2047,2047,2047,0,0,0,0,0,0,0,0,0,0,0,0,2047,2047,2047,2047,2047,2047,2047,2047,2047,2047,2047,2047,2047,2047,2047,0,0,0,0,0,0,0,0,0,2047,2047,2047,2047,0,0,0,0,0,0,0,0,0,2047,2047,2047,2047,0,0,0,0,0,0,0,2047,1364,1364,682,682,0,0,0,0,0,0,0,0,0,682,682,1364,2047,2047,0,0,0,0,0,2047,2047,682,0,0,0,0,0,0,0,0,0,0,0,0,0,0,0,1364,2047,2047,0,0,0,0,2047,2047,682,0,0,0,0,0,0,0,0,0,0,0,0,0,0,0,682,2047,2047,0,0,0,2047,2047,2047,0,0,0,0,0,0,0,0,0,0,0,0,0,0,0,0,682,2047,2047,2047,0,0,2047,1364,0,0,0,0,0,0,0,0,0,0,0,0,0,0,0,0,0,0,0,2047,2047,0,2047,2047,1364,0,0,0,0,0,0,0,0,0,0,0,0,0,0,0,0,0,0,0,2047,2047,2047,2047,2047,1364,0,0,0,0,0,0,0,0,0,0,0,0,0,0,0,0,0,0,0,2047,2047,2047,2047,2047,1364,0,0,0,0,0,0,0,0,0,0,0,0,0,0,0,0,0,0,0,2047,2047,2047,2047,2047,1364,0,0,0,0,0,0,0,0,0,0,0,0,0,0,0,0,0,0,0,2047,2047,2047,2047,2047,1364,0,0,0,0,0,0,0,0,0,0,0,0,0,0,0,0,0,0,0,2047,2047,2047,2047,2047,1364,0,0,0,0,0,0,0,0,0,0,0,0,0,0,0,0,0,0,0,2047,2047,2047,2047,2047,1364,0,0,0,0,0,0,0,0,0,0,0,0,0,0,0,0,0,0,0,2047,2047,2047,0,2047,1364,0,0,0,0,0,0,0,0,0,0,0,0,0,0,0,0,0,0,0,2047,2047,0,0,2047,2047,2047,0,0,0,0,0,0,0,0,0,0,0,0,0,0,0,0,682,2047,2047,2047,0,0,0,2047,2047,0,0,0,0,0,0,0,0,0,0,0,0,0,0,0,0,682,2047,2047,0,0,0,0,2047,2047,682,0,0,0,0,0,0,0,0,0,0,0,0,0,0,0,1364,2047,2047,0,0,0,0,0,2047,682,0,0,0,0,0,0,0,0,0,0,0,0,0,0,0,1364,2047,0,0,0,0,0,0,0,2047,2047,2047,2047,0,0,0,0,0,0,0,0,0,2047,2047,2047,2047,0,0,0,0,0,0,0,0,0,2047,2047,2047,1364,1364,1364,1364,1364,1364,1364,1364,1364,2047,2047,2047,0,0,0,0,0,0,0,0,0,0,0,0,2047,2047,2047,2047,2047,2047,2047,2047,2047,2047,2047,0,0,0,0,0,0,0,0,0,0,0,0,0,0,0,0,2047,2047,2047,2047,2047,2047,2047,0,0,0,0,0,0,0,0,0,
0,0,0,0,0,0,0,0,0,2047,2047,2047,2047,2047,2047,2047,0,0,0,0,0,0,0,0,0,0,0,0,0,0,0,0,2047,2047,2047,2047,2047,2047,2047,2047,2047,2047,2047,0,0,0,0,0,0,0,0,0,0,0,0,2047,2047,2047,2047,2047,2047,2047,2047,2047,2047,2047,2047,2047,2047,2047,0,0,0,0,0,0,0,0,0,2047,2047,0,0,0,0,0,0,0,0,0,0,0,0,0,2047,2047,0,0,0,0,0,0,0,2047,1364,1364,0,0,0,0,0,0,0,0,0,0,0,0,0,1364,2047,2047,0,0,0,0,0,2047,2047,682,0,0,0,0,0,0,0,0,0,0,0,0,0,0,0,1364,2047,2047,0,0,0,0,1364,0,0,0,0,0,0,0,0,0,0,0,0,0,0,0,0,0,0,0,2047,0,0,0,2047,1364,0,0,0,0,0,0,0,0,0,0,0,0,0,0,0,0,0,0,0,2047,2047,0,0,2047,1364,0,0,0,0,0,0,0,0,0,0,0,0,0,0,0,0,0,0,0,2047,2047,0,2047,2047,1364,0,0,0,0,0,0,0,0,0,0,0,0,0,0,0,0,0,0,0,2047,2047,2047,2047,2047,1364,0,0,0,0,0,0,0,0,0,0,0,0,0,0,0,0,0,0,0,2047,2047,2047,2047,2047,1364,0,0,0,0,0,0,0,0,0,0,0,0,0,0,0,0,0,0,0,2047,2047,2047,2047,2047,1364,0,0,0,0,0,0,0,0,0,0,0,0,0,0,0,0,0,0,0,2047,2047,2047,2047,2047,1364,0,0,0,0,0,0,0,0,0,0,0,0,0,0,0,0,0,0,0,2047,2047,2047,2047,2047,1364,0,0,0,0,0,0,0,0,0,0,0,0,0,0,0,0,0,0,0,2047,2047,2047,2047,2047,1364,0,0,0,0,0,0,0,0,0,0,0,0,0,0,0,0,0,0,0,2047,2047,2047,0,2047,1364,0,0,0,0,0,0,0,0,0,0,0,0,0,0,0,0,0,0,0,2047,2047,0,0,2047,1364,0,0,0,0,0,0,0,0,0,0,0,0,0,0,0,0,0,0,0,2047,2047,0,0,0,1364,0,0,0,0,0,0,0,0,0,0,0,0,0,0,0,0,0,0,0,2047,0,0,0,0,2047,2047,0,0,0,0,0,0,0,0,0,0,0,0,0,0,0,0,682,2047,2047,0,0,0,0,0,2047,682,0,0,0,0,0,0,0,0,0,0,0,0,0,0,0,1364,2047,0,0,0,0,0,0,0,2047,2047,0,0,0,0,0,0,0,0,0,0,0,0,0,2047,2047,0,0,0,0,0,0,0,0,0,2047,1364,1364,1364,1364,1364,1364,1364,1364,1364,1364,1364,1364,1364,2047,0,0,0,0,0,0,0,0,0,0,0,0,2047,2047,2047,2047,2047,2047,2047,2047,2047,2047,2047,0,0,0,0,0,0,0,0,0,0,0,0,0,0,0,0,2047,2047,2047,2047,2047,2047,2047,0,0,0,0,0,0,0,0,0,
0,0,0,0,0,0,0,0,0,2047,2047,2047,2047,2047,2047,2047,0,0,0,0,0,0,0,0,0,0,0,0,0,0,0,0,2047,2047,2047,2047,2047,0,2047,2047,2047,2047,2047,0,0,0,0,0,0,0,0,0,0,0,0,2047,2047,2047,2047,2047,2047,682,0,682,2047,2047,2047,2047,2047,2047,0,0,0,0,0,0,0,0,0,2047,2047,0,0,0,0,0,0,0,0,0,0,0,0,0,2047,2047,0,0,0,0,0,0,0,2047,1364,1364,0,0,0,0,0,0,0,0,0,0,0,0,0,1364,2047,2047,0,0,0,0,0,2047,2047,682,0,0,0,0,0,0,0,0,0,0,0,0,0,0,0,682,2047,2047,0,0,0,0,1364,0,0,0,0,0,0,0,0,0,0,0,0,0,0,0,0,0,0,0,2047,0,0,0,2047,1364,0,0,0,0,0,0,0,0,0,0,0,0,0,0,0,0,0,0,0,2047,2047,0,0,2047,1364,0,0,0,0,0,0,0,0,0,0,0,0,0,0,0,0,0,0,0,2047,2047,0,2047,2047,1364,0,0,0,0,0,0,0,0,0,0,0,0,0,0,0,0,0,0,0,2047,2047,2047,2047,2047,1364,0,0,0,0,0,0,0,0,0,0,0,0,0,0,0,0,0,0,0,1364,2047,2047,2047,2047,682,0,0,0,0,0,0,0,0,0,0,0,0,0,0,0,0,0,0,0,1364,2047,2047,2047,0,0,0,0,0,0,0,0,0,0,0,0,0,0,0,0,0,0,0,0,0,0,0,2047,2047,2047,682,0,0,0,0,0,0,0,0,0,0,0,0,0,0,0,0,0,0,0,682,2047,2047,2047,2047,1364,0,0,0,0,0,0,0,0,0,0,0,0,0,0,0,0,0,0,0,1364,2047,2047,2047,2047,1364,0,0,0,0,0,0,0,0,0,0,0,0,0,0,0,0,0,0,0,2047,2047,2047,0,2047,1364,0,0,0,0,0,0,0,0,0,0,0,0,0,0,0,0,0,0,0,2047,2047,0,0,2047,1364,0,0,0,0,0,0,0,0,0,0,0,0,0,0,0,0,0,0,0,2047,2047,0,0,0,1364,0,0,0,0,0,0,0,0,0,0,0,0,0,0,0,0,0,0,0,2047,0,0,0,0,2047,2047,0,0,0,0,0,0,0,0,0,0,0,0,0,0,0,0,682,2047,2047,0,0,0,0,0,2047,682,0,0,0,0,0,0,0,0,0,0,0,0,0,0,0,1364,2047,0,0,0,0,0,0,0,2047,2047,0,0,0,0,0,0,0,0,0,0,0,0,0,2047,2047,0,0,0,0,0,0,0,0,0,2047,1364,1364,1364,1364,1364,682,0,682,1364,1364,1364,1364,1364,2047,0,0,0,0,0,0,0,0,0,0,0,0,2047,2047,2047,2047,2047,0,2047,2047,2047,2047,2047,0,0,0,0,0,0,0,0,0,0,0,0,0,0,0,0,2047,2047,2047,2047,2047,2047,2047,0,0,0,0,0,0,0,0,0,
0,0,0,0,0,0,0,0,0,2047,2047,2047,2047,2047,2047,2047,0,0,0,0,0,0,0,0,0,0,0,0,0,0,0,0,2047,2047,2047,0,0,0,0,0,2047,2047,2047,0,0,0,0,0,0,0,0,0,0,0,0,2047,2047,2047,2047,1364,0,0,0,0,0,1364,2047,2047,2047,2047,0,0,0,0,0,0,0,0,0,2047,2047,0,0,0,0,0,0,0,0,0,0,0,0,0,2047,2047,0,0,0,0,0,0,0,2047,1364,682,0,0,0,0,0,0,0,0,0,0,0,0,0,682,2047,2047,0,0,0,0,0,2047,2047,0,0,0,0,0,0,0,0,0,0,0,0,0,0,0,0,682,2047,2047,0,0,0,0,1364,0,0,0,0,0,0,0,0,0,0,0,0,0,0,0,0,0,0,0,2047,0,0,0,2047,1364,0,0,0,0,0,0,0,0,0,0,0,0,0,0,0,0,0,0,0,2047,2047,0,0,2047,1364,0,0,0,0,0,0,0,0,0,0,0,0,0,0,0,0,0,0,0,2047,2047,0,2047,2047,682,0,0,0,0,0,0,0,0,0,0,0,0,0,0,0,0,0,0,0,1364,2047,2047,2047,0,0,0,0,0,0,0,0,0,0,0,0,0,0,0,0,0,0,0,0,0,0,0,2047,2047,0,0,0,0,0,0,0,0,0,0,0,0,0,0,0,0,0,0,0,0,0,0,0,2047,2047,0,0,0,0,0,0,0,0,0,0,0,0,0,0,0,0,0,0,0,0,0,0,0,2047,2047,0,0,0,0,0,0,0,0,0,0,0,0,0,0,0,0,0,0,0,0,0,0,0,2047,2047,0,0,0,0,0,0,0,0,0,0,0,0,0,0,0,0,0,0,0,0,0,0,0,2047,2047,2047,682,0,0,0,0,0,0,0,0,0,0,0,0,0,0,0,0,0,0,0,682,2047,2047,0,2047,1364,0,0,0,0,0,0,0,0,0,0,0,0,0,0,0,0,0,0,0,2047,2047,0,0,2047,1364,0,0,0,0,0,0,0,0,0,0,0,0,0,0,0,0,0,0,0,2047,2047,0,0,0,1364,0,0,0,0,0,0,0,0,0,0,0,0,0,0,0,0,0,0,0,2047,0,0,0,0,2047,2047,0,0,0,0,0,0,0,0,0,0,0,0,0,0,0,0,682,2047,2047,0,0,0,0,0,2047,682,0,0,0,0,0,0,0,0,0,0,0,0,0,0,0,1364,2047,0,0,0,0,0,0,0,2047,2047,0,0,0,0,0,0,0,0,0,0,0,0,0,2047,2047,0,0,0,0,0,0,0,0,0,2047,1364,1364,1364,682,0,0,0,0,0,682,1364,1364,1364,2047,0,0,0,0,0,0,0,0,0,0,0,0,2047,2047,2047,0,0,0,0,0,2047,2047,2047,0,0,0,0,0,0,0,0,0,0,0,0,0,0,0,0,2047,2047,2047,2047,2047,2047,2047,0,0,0,0,0,0,0,0,0,
0,0,0,0,0,0,0,0,0,2047,2047,2047,2047,2047,2047,2047,0,0,0,0,0,0,0,0,0,0,0,0,0,0,0,0,2047,2047,2047,0,0,0,0,0,2047,2047,2047,0,0,0,0,0,0,0,0,0,0,0,0,2047,2047,2047,2047,682,0,0,0,0,0,1364,2047,2047,2047,2047,0,0,0,0,0,0,0,0,0,2047,2047,0,0,0,0,0,0,0,0,0,0,0,0,0,2047,2047,0,0,0,0,0,0,0,2047,1364,682,0,0,0,0,0,0,0,0,0,0,0,0,0,682,2047,2047,0,0,0,0,0,2047,2047,0,0,0,0,0,0,0,0,0,0,0,0,0,0,0,0,682,2047,2047,0,0,0,0,1364,0,0,0,0,0,0,0,0,0,0,0,0,0,0,0,0,0,0,0,2047,0,0,0,2047,1364,0,0,0,0,0,0,0,0,0,0,0,0,0,0,0,0,0,0,0,2047,2047,0,0,2047,1364,0,0,0,0,0,0,0,0,0,0,0,0,0,0,0,0,0,0,0,1364,2047,0,2047,2047,682,0,0,0,0,0,0,0,0,0,0,0,0,0,0,0,0,0,0,0,1364,2047,2047,2047,0,0,0,0,0,0,0,0,0,0,0,0,0,0,0,0,0,0,0,0,0,0,0,2047,2047,0,0,0,0,0,0,0,0,0,0,0,0,0,0,0,0,0,0,0,0,0,0,0,2047,2047,0,0,0,0,0,0,0,0,0,0,0,0,0,0,0,0,0,0,0,0,0,0,0,2047,2047,0,0,0,0,0,0,0,0,0,0,0,0,0,0,0,0,0,0,0,0,0,0,0,2047,2047,0,0,0,0,0,0,0,0,0,0,0,0,0,0,0,0,0,0,0,0,0,0,0,2047,2047,2047,682,0,0,0,0,0,0,0,0,0,0,0,0,0,0,0,0,0,0,0,682,2047,2047,0,2047,1364,0,0,0,0,0,0,0,0,0,0,0,0,0,0,0,0,0,0,0,1364,2047,0,0,2047,1364,0,0,0,0,0,0,0,0,0,0,0,0,0,0,0,0,0,0,0,1364,2047,0,0,0,1364,0,0,0,0,0,0,0,0,0,0,0,0,0,0,0,0,0,0,0,2047,0,0,0,0,2047,2047,0,0,0,0,0,0,0,0,0,0,0,0,0,0,0,0,682,2047,2047,0,0,0,0,0,2047,682,0,0,0,0,0,0,0,0,0,0,0,0,0,0,0,1364,2047,0,0,0,0,0,0,0,2047,2047,0,0,0,0,0,0,0,0,0,0,0,0,0,2047,2047,0,0,0,0,0,0,0,0,0,2047,1364,1364,1364,682,0,0,0,0,0,682,1364,1364,1364,2047,0,0,0,0,0,0,0,0,0,0,0,0,2047,2047,2047,0,0,0,0,0,2047,2047,2047,0,0,0,0,0,0,0,0,0,0,0,0,0,0,0,0,2047,2047,2047,2047,2047,2047,2047,0,0,0,0,0,0,0,0,0,
0,0,0,0,0,0,0,0,0,2047,2047,2047,2047,2047,2047,2047,0,0,0,0,0,0,0,0,0,0,0,0,0,0,0,0,2047,0,0,0,0,0,0,0,0,0,2047,0,0,0,0,0,0,0,0,0,0,0,0,2047,2047,1364,0,0,0,0,0,0,0,0,0,1364,2047,2047,0,0,0,0,0,0,0,0,0,2047,2047,0,0,0,0,0,0,0,0,0,0,0,0,0,2047,2047,0,0,0,0,0,0,0,2047,1364,682,0,0,0,0,0,0,0,0,0,0,0,0,0,682,2047,2047,0,0,0,0,0,2047,2047,0,0,0,0,0,0,0,0,0,0,0,0,0,0,0,0,682,2047,2047,0,0,0,0,1364,0,0,0,0,0,0,0,0,0,0,0,0,0,0,0,0,0,0,0,2047,0,0,0,2047,1364,0,0,0,0,0,0,0,0,0,0,0,0,0,0,0,0,0,0,0,1364,2047,0,0,0,0,0,0,0,0,0,0,0,0,0,0,0,0,0,0,0,0,0,0,0,0,0,0,2047,0,0,0,0,0,0,0,0,0,0,0,0,0,0,0,0,0,0,0,0,0,0,0,2047,2047,0,0,0,0,0,0,0,0,0,0,0,0,0,0,0,0,0,0,0,0,0,0,0,2047,2047,0,0,0,0,0,0,0,0,0,0,0,0,0,0,0,0,0,0,0,0,0,0,0,2047,2047,0,0,0,0,0,0,0,0,0,0,0,0,0,0,0,0,0,0,0,0,0,0,0,2047,2047,0,0,0,0,0,0,0,0,0,0,0,0,0,0,0,0,0,0,0,0,0,0,0,2047,2047,0,0,0,0,0,0,0,0,0,0,0,0,0,0,0,0,0,0,0,0,0,0,0,2047,2047,0,0,0,0,0,0,0,0,0,0,0,0,0,0,0,0,0,0,0,0,0,0,0,2047,0,0,0,0,0,0,0,0,0,0,0,0,0,0,0,0,0,0,0,0,0,0,0,0,0,0,2047,682,0,0,0,0,0,0,0,0,0,0,0,0,0,0,0,0,0,0,0,1364,2047,0,0,0,1364,0,0,0,0,0,0,0,0,0,0,0,0,0,0,0,0,0,0,0,2047,0,0,0,0,2047,2047,0,0,0,0,0,0,0,0,0,0,0,0,0,0,0,0,682,2047,2047,0,0,0,0,0,2047,682,0,0,0,0,0,0,0,0,0,0,0,0,0,0,0,1364,2047,0,0,0,0,0,0,0,2047,2047,0,0,0,0,0,0,0,0,0,0,0,0,0,2047,2047,0,0,0,0,0,0,0,0,0,2047,1364,682,0,0,0,0,0,0,0,0,0,682,1364,2047,0,0,0,0,0,0,0,0,0,0,0,0,2047,0,0,0,0,0,0,0,0,0,2047,0,0,0,0,0,0,0,0,0,0,0,0,0,0,0,0,2047,2047,2047,2047,2047,2047,2047,0,0,0,0,0,0,0,0,0,
0,0,0,0,0,0,0,0,0,2047,2047,2047,2047,2047,2047,2047,0,0,0,0,0,0,0,0,0,0,0,0,0,0,0,0,2047,0,0,0,0,0,0,0,0,0,2047,0,0,0,0,0,0,0,0,0,0,0,0,2047,2047,1364,0,0,0,0,0,0,0,0,0,1364,2047,2047,0,0,0,0,0,0,0,0,0,682,0,0,0,0,0,0,0,0,0,0,0,0,0,0,0,1364,0,0,0,0,0,0,0,1364,0,0,0,0,0,0,0,0,0,0,0,0,0,0,0,0,0,1364,0,0,0,0,0,1364,0,0,0,0,0,0,0,0,0,0,0,0,0,0,0,0,0,0,0,2047,0,0,0,0,1364,0,0,0,0,0,0,0,0,0,0,0,0,0,0,0,0,0,0,0,2047,0,0,0,2047,682,0,0,0,0,0,0,0,0,0,0,0,0,0,0,0,0,0,0,0,1364,2047,0,0,0,0,0,0,0,0,0,0,0,0,0,0,0,0,0,0,0,0,0,0,0,0,0,0,2047,0,0,0,0,0,0,0,0,0,0,0,0,0,0,0,0,0,0,0,0,0,0,0,2047,2047,0,0,0,0,0,0,0,0,0,0,0,0,0,0,0,0,0,0,0,0,0,0,0,2047,2047,0,0,0,0,0,0,0,0,0,0,0,0,0,0,0,0,0,0,0,0,0,0,0,2047,2047,0,0,0,0,0,0,0,0,0,0,0,0,0,0,0,0,0,0,0,0,0,0,0,2047,2047,0,0,0,0,0,0,0,0,0,0,0,0,0,0,0,0,0,0,0,0,0,0,0,2047,2047,0,0,0,0,0,0,0,0,0,0,0,0,0,0,0,0,0,0,0,0,0,0,0,2047,2047,0,0,0,0,0,0,0,0,0,0,0,0,0,0,0,0,0,0,0,0,0,0,0,2047,0,0,0,0,0,0,0,0,0,0,0,0,0,0,0,0,0,0,0,0,0,0,0,0,0,0,2047,682,0,0,0,0,0,0,0,0,0,0,0,0,0,0,0,0,0,0,0,1364,2047,0,0,0,1364,0,0,0,0,0,0,0,0,0,0,0,0,0,0,0,0,0,0,0,2047,0,0,0,0,1364,0,0,0,0,0,0,0,0,0,0,0,0,0,0,0,0,0,0,0,2047,0,0,0,0,0,0,0,0,0,0,0,0,0,0,0,0,0,0,0,0,0,0,0,0,0,0,0,0,0,0,0,682,0,0,0,0,0,0,0,0,0,0,0,0,0,0,0,1364,0,0,0,0,0,0,0,0,0,1364,1364,682,0,0,0,0,0,0,0,0,0,682,1364,1364,0,0,0,0,0,0,0,0,0,0,0,0,2047,0,0,0,0,0,0,0,0,0,2047,0,0,0,0,0,0,0,0,0,0,0,0,0,0,0,0,2047,2047,2047,2047,2047,2047,2047,0,0,0,0,0,0,0,0,0,
0,0,0,0,0,0,0,0,0,2047,2047,2047,2047,2047,2047,2047,0,0,0,0,0,0,0,0,0,0,0,0,0,0,0,0,2047,0,0,0,0,0,0,0,0,0,2047,0,0,0,0,0,0,0,0,0,0,0,0,2047,2047,1364,0,0,0,0,0,0,0,0,0,1364,2047,2047,0,0,0,0,0,0,0,0,0,682,0,0,0,0,0,0,0,0,0,0,0,0,0,0,0,682,0,0,0,0,0,0,0,1364,0,0,0,0,0,0,0,0,0,0,0,0,0,0,0,0,0,1364,0,0,0,0,0,1364,0,0,0,0,0,0,0,0,0,0,0,0,0,0,0,0,0,0,0,2047,0,0,0,0,1364,0,0,0,0,0,0,0,0,0,0,0,0,0,0,0,0,0,0,0,2047,0,0,0,2047,682,0,0,0,0,0,0,0,0,0,0,0,0,0,0,0,0,0,0,0,1364,2047,0,0,0,0,0,0,0,0,0,0,0,0,0,0,0,0,0,0,0,0,0,0,0,0,0,0,2047,0,0,0,0,0,0,0,0,0,0,0,0,0,0,0,0,0,0,0,0,0,0,0,2047,2047,0,0,0,0,0,0,0,0,0,0,0,0,0,0,0,0,0,0,0,0,0,0,0,2047,2047,0,0,0,0,0,0,0,0,0,0,0,0,0,0,0,0,0,0,0,0,0,0,0,2047,2047,0,0,0,0,0,0,0,0,0,0,0,0,0,0,0,0,0,0,0,0,0,0,0,2047,2047,0,0,0,0,0,0,0,0,0,0,0,0,0,0,0,0,0,0,0,0,0,0,0,2047,2047,0,0,0,0,0,0,0,0,0,0,0,0,0,0,0,0,0,0,0,0,0,0,0,2047,2047,0,0,0,0,0,0,0,0,0,0,0,0,0,0,0,0,0,0,0,0,0,0,0,2047,0,0,0,0,0,0,0,0,0,0,0,0,0,0,0,0,0,0,0,0,0,0,0,0,0,0,2047,682,0,0,0,0,0,0,0,0,0,0,0,0,0,0,0,0,0,0,0,1364,2047,0,0,0,1364,0,0,0,0,0,0,0,0,0,0,0,0,0,0,0,0,0,0,0,2047,0,0,0,0,1364,0,0,0,0,0,0,0,0,0,0,0,0,0,0,0,0,0,0,0,2047,0,0,0,0,0,0,0,0,0,0,0,0,0,0,0,0,0,0,0,0,0,0,0,0,0,0,0,0,0,0,0,682,0,0,0,0,0,0,0,0,0,0,0,0,0,0,0,1364,0,0,0,0,0,0,0,0,0,1364,1364,682,0,0,0,0,0,0,0,0,0,682,1364,1364,0,0,0,0,0,0,0,0,0,0,0,0,2047,0,0,0,0,0,0,0,0,0,2047,0,0,0,0,0,0,0,0,0,0,0,0,0,0,0,0,2047,2047,2047,2047,2047,2047,2047,0,0,0,0,0,0,0,0,0,
0,0,0,0,0,0,0,0,0,2047,2047,2047,2047,2047,2047,2047,0,0,0,0,0,0,0,0,0,0,0,0,0,0,0,0,2047,0,0,0,0,0,0,0,0,0,2047,0,0,0,0,0,0,0,0,0,0,0,0,2047,2047,1364,0,0,0,0,0,0,0,0,0,1364,2047,2047,0,0,0,0,0,0,0,0,0,682,0,0,0,0,0,0,0,0,0,0,0,0,0,0,0,682,0,0,0,0,0,0,0,1364,0,0,0,0,0,0,0,0,0,0,0,0,0,0,0,0,0,1364,0,0,0,0,0,1364,0,0,0,0,0,0,0,0,0,0,0,0,0,0,0,0,0,0,0,2047,0,0,0,0,1364,0,0,0,0,0,0,0,0,0,0,0,0,0,0,0,0,0,0,0,1364,0,0,0,2047,682,0,0,0,0,0,0,0,0,0,0,0,0,0,0,0,0,0,0,0,1364,2047,0,0,0,0,0,0,0,0,0,0,0,0,0,0,0,0,0,0,0,0,0,0,0,0,0,0,2047,0,0,0,0,0,0,0,0,0,0,0,0,0,0,0,0,0,0,0,0,0,0,0,2047,2047,0,0,0,0,0,0,0,0,0,0,0,0,0,0,0,0,0,0,0,0,0,0,0,2047,2047,0,0,0,0,0,0,0,0,0,0,0,0,0,0,0,0,0,0,0,0,0,0,0,2047,2047,0,0,0,0,0,0,0,0,0,0,0,0,0,0,0,0,0,0,0,0,0,0,0,2047,2047,0,0,0,0,0,0,0,0,0,0,0,0,0,0,0,0,0,0,0,0,0,0,0,2047,2047,0,0,0,0,0,0,0,0,0,0,0,0,0,0,0,0,0,0,0,0,0,0,0,2047,2047,0,0,0,0,0,0,0,0,0,0,0,0,0,0,0,0,0,0,0,0,0,0,0,2047,0,0,0,0,0,0,0,0,0,0,0,0,0,0,0,0,0,0,0,0,0,0,0,0,0,0,2047,682,0,0,0,0,0,0,0,0,0,0,0,0,0,0,0,0,0,0,0,1364,2047,0,0,0,1364,0,0,0,0,0,0,0,0,0,0,0,0,0,0,0,0,0,0,0,1364,0,0,0,0,1364,0,0,0,0,0,0,0,0,0,0,0,0,0,0,0,0,0,0,0,2047,0,0,0,0,0,0,0,0,0,0,0,0,0,0,0,0,0,0,0,0,0,0,0,0,0,0,0,0,0,0,0,682,0,0,0,0,0,0,0,0,0,0,0,0,0,0,0,682,0,0,0,0,0,0,0,0,0,1364,1364,682,0,0,0,0,0,0,0,0,0,682,1364,1364,0,0,0,0,0,0,0,0,0,0,0,0,2047,0,0,0,0,0,0,0,0,0,2047,0,0,0,0,0,0,0,0,0,0,0,0,0,0,0,0,2047,2047,2047,2047,2047,2047,2047,0,0,0,0,0,0,0,0,0,
0,0,0,0,0,0,0,0,0,2047,2047,2047,2047,2047,2047,2047,0,0,0,0,0,0,0,0,0,0,0,0,0,0,0,0,0,0,0,0,0,0,0,0,0,0,0,0,0,0,0,0,0,0,0,0,0,0,0,1364,0,0,0,0,0,0,0,0,0,0,0,0,0,2047,0,0,0,0,0,0,0,0,0,0,0,0,0,0,0,0,0,0,0,0,0,0,0,0,0,682,0,0,0,0,0,0,0,682,0,0,0,0,0,0,0,0,0,0,0,0,0,0,0,0,0,682,0,0,0,0,0,1364,0,0,0,0,0,0,0,0,0,0,0,0,0,0,0,0,0,0,0,1364,0,0,0,0,0,0,0,0,0,0,0,0,0,0,0,0,0,0,0,0,0,0,0,0,0,0,0,0,0,0,0,0,0,0,0,0,0,0,0,0,0,0,0,0,0,0,0,0,0,0,0,0,0,0,0,0,0,0,0,0,0,0,0,0,0,0,0,0,0,0,0,0,0,0,0,0,0,2047,0,0,0,0,0,0,0,0,0,0,0,0,0,0,0,0,0,0,0,0,0,0,0,2047,2047,0,0,0,0,0,0,0,0,0,0,0,0,0,0,0,0,0,0,0,0,0,0,0,2047,2047,0,0,0,0,0,0,0,0,0,0,0,0,0,0,0,0,0,0,0,0,0,0,0,2047,2047,0,0,0,0,0,0,0,0,0,0,0,0,0,0,0,0,0,0,0,0,0,0,0,2047,2047,0,0,0,0,0,0,0,0,0,0,0,0,0,0,0,0,0,0,0,0,0,0,0,2047,2047,0,0,0,0,0,0,0,0,0,0,0,0,0,0,0,0,0,0,0,0,0,0,0,2047,2047,0,0,0,0,0,0,0,0,0,0,0,0,0,0,0,0,0,0,0,0,0,0,0,2047,0,0,0,0,0,0,0,0,0,0,0,0,0,0,0,0,0,0,0,0,0,0,0,0,0,0,0,0,0,0,0,0,0,0,0,0,0,0,0,0,0,0,0,0,0,0,0,0,0,0,0,0,0,0,0,0,0,0,0,0,0,0,0,0,0,0,0,0,0,0,0,0,0,0,0,0,0,1364,0,0,0,0,0,0,0,0,0,0,0,0,0,0,0,0,0,0,0,1364,0,0,0,0,0,0,0,0,0,0,0,0,0,0,0,0,0,0,0,0,0,0,0,0,0,0,0,0,0,0,0,0,0,0,0,0,0,0,0,0,0,0,0,0,0,0,0,682,0,0,0,0,0,0,0,0,0,682,0,0,0,0,0,0,0,0,0,0,0,0,0,682,0,0,0,0,0,0,0,0,0,0,0,0,0,0,0,0,0,0,0,0,0,0,0,0,0,0,0,0,0,0,0,0,0,0,0,0,0,0,0,2047,2047,2047,2047,2047,2047,2047,0,0,0,0,0,0,0,0,0,
0,0,0,0,0,0,0,0,0,2047,2047,2047,2047,2047,2047,2047,0,0,0,0,0,0,0,0,0,0,0,0,0,0,0,0,0,0,0,0,0,0,0,0,0,0,0,0,0,0,0,0,0,0,0,0,0,0,0,1364,0,0,0,0,0,0,0,0,0,0,0,0,0,2047,0,0,0,0,0,0,0,0,0,0,0,0,0,0,0,0,0,0,0,0,0,0,0,0,0,682,0,0,0,0,0,0,0,682,0,0,0,0,0,0,0,0,0,0,0,0,0,0,0,0,0,682,0,0,0,0,0,1364,0,0,0,0,0,0,0,0,0,0,0,0,0,0,0,0,0,0,0,1364,0,0,0,0,0,0,0,0,0,0,0,0,0,0,0,0,0,0,0,0,0,0,0,0,0,0,0,0,0,0,0,0,0,0,0,0,0,0,0,0,0,0,0,0,0,0,0,0,0,0,0,0,0,0,0,0,0,0,0,0,0,0,0,0,0,0,0,0,0,0,0,0,0,0,0,0,0,2047,0,0,0,0,0,0,0,0,0,0,0,0,0,0,0,0,0,0,0,0,0,0,0,2047,2047,0,0,0,0,0,0,0,0,0,0,0,0,0,0,0,0,0,0,0,0,0,0,0,2047,2047,0,0,0,0,0,0,0,0,0,0,0,0,0,0,0,0,0,0,0,0,0,0,0,2047,2047,0,0,0,0,0,0,0,0,0,0,0,0,0,0,0,0,0,0,0,0,0,0,0,2047,2047,0,0,0,0,0,0,0,0,0,0,0,0,0,0,0,0,0,0,0,0,0,0,0,2047,2047,0,0,0,0,0,0,0,0,0,0,0,0,0,0,0,0,0,0,0,0,0,0,0,2047,2047,0,0,0,0,0,0,0,0,0,0,0,0,0,0,0,0,0,0,0,0,0,0,0,2047,0,0,0,0,0,0,0,0,0,0,0,0,0,0,0,0,0,0,0,0,0,0,0,0,0,0,0,0,0,0,0,0,0,0,0,0,0,0,0,0,0,0,0,0,0,0,0,0,0,0,0,0,0,0,0,0,0,0,0,0,0,0,0,0,0,0,0,0,0,0,0,0,0,0,0,0,0,1364,0,0,0,0,0,0,0,0,0,0,0,0,0,0,0,0,0,0,0,1364,0,0,0,0,0,0,0,0,0,0,0,0,0,0,0,0,0,0,0,0,0,0,0,0,0,0,0,0,0,0,0,0,0,0,0,0,0,0,0,0,0,0,0,0,0,0,0,682,0,0,0,0,0,0,0,0,0,682,0,0,0,0,0,0,0,0,0,0,0,0,0,682,0,0,0,0,0,0,0,0,0,0,0,0,0,0,0,0,0,0,0,0,0,0,0,0,0,0,0,0,0,0,0,0,0,0,0,0,0,0,0,2047,2047,2047,2047,2047,2047,2047,0,0,0,0,0,0,0,0,0,
0,0,0,0,0,0,0,0,0,2047,2047,2047,2047,2047,2047,2047,0,0,0,0,0,0,0,0,0,0,0,0,0,0,0,0,0,0,0,0,0,0,0,0,0,0,0,0,0,0,0,0,0,0,0,0,0,0,0,1364,0,0,0,0,0,0,0,0,0,0,0,0,0,1364,0,0,0,0,0,0,0,0,0,0,0,0,0,0,0,0,0,0,0,0,0,0,0,0,0,682,0,0,0,0,0,0,0,682,0,0,0,0,0,0,0,0,0,0,0,0,0,0,0,0,0,682,0,0,0,0,0,682,0,0,0,0,0,0,0,0,0,0,0,0,0,0,0,0,0,0,0,1364,0,0,0,0,0,0,0,0,0,0,0,0,0,0,0,0,0,0,0,0,0,0,0,0,0,0,0,0,0,0,0,0,0,0,0,0,0,0,0,0,0,0,0,0,0,0,0,0,0,0,0,0,0,0,0,0,0,0,0,0,0,0,0,0,0,0,0,0,0,0,0,0,0,0,0,0,0,2047,0,0,0,0,0,0,0,0,0,0,0,0,0,0,0,0,0,0,0,0,0,0,0,2047,2047,0,0,0,0,0,0,0,0,0,0,0,0,0,0,0,0,0,0,0,0,0,0,0,2047,2047,0,0,0,0,0,0,0,0,0,0,0,0,0,0,0,0,0,0,0,0,0,0,0,2047,2047,0,0,0,0,0,0,0,0,0,0,0,0,0,0,0,0,0,0,0,0,0,0,0,2047,2047,0,0,0,0,0,0,0,0,0,0,0,0,0,0,0,0,0,0,0,0,0,0,0,2047,2047,0,0,0,0,0,0,0,0,0,0,0,0,0,0,0,0,0,0,0,0,0,0,0,2047,2047,0,0,0,0,0,0,0,0,0,0,0,0,0,0,0,0,0,0,0,0,0,0,0,2047,0,0,0,0,0,0,0,0,0,0,0,0,0,0,0,0,0,0,0,0,0,0,0,0,0,0,0,0,0,0,0,0,0,0,0,0,0,0,0,0,0,0,0,0,0,0,0,0,0,0,0,0,0,0,0,0,0,0,0,0,0,0,0,0,0,0,0,0,0,0,0,0,0,0,0,0,0,682,0,0,0,0,0,0,0,0,0,0,0,0,0,0,0,0,0,0,0,1364,0,0,0,0,0,0,0,0,0,0,0,0,0,0,0,0,0,0,0,0,0,0,0,0,0,0,0,0,0,0,0,0,0,0,0,0,0,0,0,0,0,0,0,0,0,0,0,682,0,0,0,0,0,0,0,0,0,682,0,0,0,0,0,0,0,0,0,0,0,0,0,682,0,0,0,0,0,0,0,0,0,0,0,0,0,0,0,0,0,0,0,0,0,0,0,0,0,0,0,0,0,0,0,0,0,0,0,0,0,0,0,2047,2047,2047,2047,2047,2047,2047,0,0,0,0,0,0,0,0,0,
0,0,0,0,0,0,0,0,0,2047,2047,2047,2047,2047,2047,2047,0,0,0,0,0,0,0,0,0,0,0,0,0,0,0,0,0,0,0,0,0,0,0,0,0,0,0,0,0,0,0,0,0,0,0,0,0,0,0,1364,0,0,0,0,0,0,0,0,0,0,0,0,0,1364,0,0,0,0,0,0,0,0,0,0,0,0,0,0,0,0,0,0,0,0,0,0,0,0,0,682,0,0,0,0,0,0,0,682,0,0,0,0,0,0,0,0,0,0,0,0,0,0,0,0,0,682,0,0,0,0,0,682,0,0,0,0,0,0,0,0,0,0,0,0,0,0,0,0,0,0,0,1364,0,0,0,0,0,0,0,0,0,0,0,0,0,0,0,0,0,0,0,0,0,0,0,0,0,0,0,0,0,0,0,0,0,0,0,0,0,0,0,0,0,0,0,0,0,0,0,0,0,0,0,0,0,0,0,0,0,0,0,0,0,0,0,0,0,0,0,0,0,0,0,0,0,0,0,0,0,2047,0,0,0,0,0,0,0,0,0,0,0,0,0,0,0,0,0,0,0,0,0,0,0,2047,2047,0,0,0,0,0,0,0,0,0,0,0,0,0,0,0,0,0,0,0,0,0,0,0,2047,2047,0,0,0,0,0,0,0,0,0,0,0,0,0,0,0,0,0,0,0,0,0,0,0,2047,2047,0,0,0,0,0,0,0,0,0,0,0,0,0,0,0,0,0,0,0,0,0,0,0,2047,2047,0,0,0,0,0,0,0,0,0,0,0,0,0,0,0,0,0,0,0,0,0,0,0,2047,2047,0,0,0,0,0,0,0,0,0,0,0,0,0,0,0,0,0,0,0,0,0,0,0,2047,2047,0,0,0,0,0,0,0,0,0,0,0,0,0,0,0,0,0,0,0,0,0,0,0,2047,0,0,0,0,0,0,0,0,0,0,0,0,0,0,0,0,0,0,0,0,0,0,0,0,0,0,0,0,0,0,0,0,0,0,0,0,0,0,0,0,0,0,0,0,0,0,0,0,0,0,0,0,0,0,0,0,0,0,0,0,0,0,0,0,0,0,0,0,0,0,0,0,0,0,0,0,0,682,0,0,0,0,0,0,0,0,0,0,0,0,0,0,0,0,0,0,0,1364,0,0,0,0,0,0,0,0,0,0,0,0,0,0,0,0,0,0,0,0,0,0,0,0,0,0,0,0,0,0,0,0,0,0,0,0,0,0,0,0,0,0,0,0,0,0,0,682,0,0,0,0,0,0,0,0,0,682,0,0,0,0,0,0,0,0,0,0,0,0,0,682,0,0,0,0,0,0,0,0,0,0,0,0,0,0,0,0,0,0,0,0,0,0,0,0,0,0,0,0,0,0,0,0,0,0,0,0,0,0,0,2047,2047,2047,2047,2047,2047,2047,0,0,0,0,0,0,0,0,0,
0,0,0,0,0,0,0,0,0,2047,2047,2047,2047,2047,2047,2047,0,0,0,0,0,0,0,0,0,0,0,0,0,0,0,0,0,0,0,0,0,0,0,0,0,0,0,0,0,0,0,0,0,0,0,0,0,0,0,1364,0,0,0,0,0,0,0,0,0,0,0,0,0,1364,0,0,0,0,0,0,0,0,0,0,0,0,0,0,0,0,0,0,0,0,0,0,0,0,0,682,0,0,0,0,0,0,0,682,0,0,0,0,0,0,0,0,0,0,0,0,0,0,0,0,0,682,0,0,0,0,0,682,0,0,0,0,0,0,0,0,0,0,0,0,0,0,0,0,0,0,0,1364,0,0,0,0,0,0,0,0,0,0,0,0,0,0,0,0,0,0,0,0,0,0,0,0,0,0,0,0,0,0,0,0,0,0,0,0,0,0,0,0,0,0,0,0,0,0,0,0,0,0,0,0,0,0,0,0,0,0,0,0,0,0,0,0,0,0,0,0,0,0,0,0,0,0,0,0,0,2047,0,0,0,0,0,0,0,0,0,0,0,0,0,0,0,0,0,0,0,0,0,0,0,2047,1364,0,0,0,0,0,0,0,0,0,0,0,0,0,0,0,0,0,0,0,0,0,0,0,2047,1364,0,0,0,0,0,0,0,0,0,0,0,0,0,0,0,0,0,0,0,0,0,0,0,2047,1364,0,0,0,0,0,0,0,0,0,0,0,0,0,0,0,0,0,0,0,0,0,0,0,2047,1364,0,0,0,0,0,0,0,0,0,0,0,0,0,0,0,0,0,0,0,0,0,0,0,2047,1364,0,0,0,0,0,0,0,0,0,0,0,0,0,0,0,0,0,0,0,0,0,0,0,2047,2047,0,0,0,0,0,0,0,0,0,0,0,0,0,0,0,0,0,0,0,0,0,0,0,2047,0,0,0,0,0,0,0,0,0,0,0,0,0,0,0,0,0,0,0,0,0,0,0,0,0,0,0,0,0,0,0,0,0,0,0,0,0,0,0,0,0,0,0,0,0,0,0,0,0,0,0,0,0,0,0,0,0,0,0,0,0,0,0,0,0,0,0,0,0,0,0,0,0,0,0,0,0,682,0,0,0,0,0,0,0,0,0,0,0,0,0,0,0,0,0,0,0,1364,0,0,0,0,0,0,0,0,0,0,0,0,0,0,0,0,0,0,0,0,0,0,0,0,0,0,0,0,0,0,0,0,0,0,0,0,0,0,0,0,0,0,0,0,0,0,0,682,0,0,0,0,0,0,0,0,0,682,0,0,0,0,0,0,0,0,0,0,0,0,0,682,0,0,0,0,0,0,0,0,0,0,0,0,0,0,0,0,0,0,0,0,0,0,0,0,0,0,0,0,0,0,0,0,0,0,0,0,0,0,0,1364,1364,1364,1364,1364,1364,1364,0,0,0,0,0,0,0,0,0,
0,0,0,0,0,0,0,0,0,2047,2047,682,0,1364,2047,2047,0,0,0,0,0,0,0,0,0,0,0,0,0,0,0,0,0,0,0,0,0,0,0,0,0,0,0,0,0,0,0,0,0,0,0,0,0,0,0,1364,0,0,0,0,0,0,0,0,0,0,0,0,0,1364,0,0,0,0,0,0,0,0,0,0,0,0,0,0,0,0,0,0,0,0,0,0,0,0,0,682,0,0,0,0,0,0,0,682,0,0,0,0,0,0,0,0,0,0,0,0,0,0,0,0,0,682,0,0,0,0,0,682,0,0,0,0,0,0,0,0,0,0,0,0,0,0,0,0,0,0,0,1364,0,0,0,0,0,0,0,0,0,0,0,0,0,0,0,0,0,0,0,0,0,0,0,0,0,0,0,0,0,0,0,0,0,0,0,0,0,0,0,0,0,0,0,0,0,0,0,0,0,0,0,0,0,0,0,0,0,0,0,0,0,0,0,0,0,0,0,0,0,0,0,0,0,0,0,0,0,1364,0,0,0,0,0,0,0,0,0,0,0,0,0,0,0,0,0,0,0,0,0,0,0,2047,1364,0,0,0,0,0,0,0,0,0,0,0,0,0,0,0,0,0,0,0,0,0,0,0,2047,682,0,0,0,0,0,0,0,0,0,0,0,0,0,0,0,0,0,0,0,0,0,0,0,1364,0,0,0,0,0,0,0,0,0,0,0,0,0,0,0,0,0,0,0,0,0,0,0,0,0,682,0,0,0,0,0,0,0,0,0,0,0,0,0,0,0,0,0,0,0,0,0,0,0,682,1364,0,0,0,0,0,0,0,0,0,0,0,0,0,0,0,0,0,0,0,0,0,0,0,2047,1364,0,0,0,0,0,0,0,0,0,0,0,0,0,0,0,0,0,0,0,0,0,0,0,2047,0,0,0,0,0,0,0,0,0,0,0,0,0,0,0,0,0,0,0,0,0,0,0,0,0,0,0,0,0,0,0,0,0,0,0,0,0,0,0,0,0,0,0,0,0,0,0,0,0,0,0,0,0,0,0,0,0,0,0,0,0,0,0,0,0,0,0,0,0,0,0,0,0,0,0,0,0,682,0,0,0,0,0,0,0,0,0,0,0,0,0,0,0,0,0,0,0,1364,0,0,0,0,0,0,0,0,0,0,0,0,0,0,0,0,0,0,0,0,0,0,0,0,0,0,0,0,0,0,0,0,0,0,0,0,0,0,0,0,0,0,0,0,0,0,0,682,0,0,0,0,0,0,0,0,0,682,0,0,0,0,0,0,0,0,0,0,0,0,0,682,0,0,0,0,0,0,0,0,0,0,0,0,0,0,0,0,0,0,0,0,0,0,0,0,0,0,0,0,0,0,0,0,0,0,0,0,0,0,0,1364,1364,682,0,682,1364,1364,0,0,0,0,0,0,0,0,0,
0,0,0,0,0,0,0,0,0,1364,1364,682,0,682,1364,1364,0,0,0,0,0,0,0,0,0,0,0,0,0,0,0,0,0,0,0,0,0,0,0,0,0,0,0,0,0,0,0,0,0,0,0,0,0,0,0,682,0,0,0,0,0,0,0,0,0,0,0,0,0,682,0,0,0,0,0,0,0,0,0,0,0,0,0,0,0,0,0,0,0,0,0,0,0,0,0,682,0,0,0,0,0,0,0,682,0,0,0,0,0,0,0,0,0,0,0,0,0,0,0,0,0,682,0,0,0,0,0,682,0,0,0,0,0,0,0,0,0,0,0,0,0,0,0,0,0,0,0,682,0,0,0,0,0,0,0,0,0,0,0,0,0,0,0,0,0,0,0,0,0,0,0,0,0,0,0,0,0,0,0,0,0,0,0,0,0,0,0,0,0,0,0,0,0,0,0,0,0,0,0,0,0,0,0,0,0,0,0,0,0,0,0,0,0,0,0,0,0,0,0,0,0,0,0,0,0,1364,0,0,0,0,0,0,0,0,0,0,0,0,0,0,0,0,0,0,0,0,0,0,0,1364,682,0,0,0,0,0,0,0,0,0,0,0,0,0,0,0,0,0,0,0,0,0,0,0,1364,682,0,0,0,0,0,0,0,0,0,0,0,0,0,0,0,0,0,0,0,0,0,0,0,682,0,0,0,0,0,0,0,0,0,0,0,0,0,0,0,0,0,0,0,0,0,0,0,0,0,0,0,0,0,0,0,0,0,0,0,0,0,0,0,0,0,0,0,0,0,0,0,0,0,682,682,0,0,0,0,0,0,0,0,0,0,0,0,0,0,0,0,0,0,0,0,0,0,0,1364,1364,0,0,0,0,0,0,0,0,0,0,0,0,0,0,0,0,0,0,0,0,0,0,0,1364,0,0,0,0,0,0,0,0,0,0,0,0,0,0,0,0,0,0,0,0,0,0,0,0,0,0,0,0,0,0,0,0,0,0,0,0,0,0,0,0,0,0,0,0,0,0,0,0,0,0,0,0,0,0,0,0,0,0,0,0,0,0,0,0,0,0,0,0,0,0,0,0,0,0,0,0,0,682,0,0,0,0,0,0,0,0,0,0,0,0,0,0,0,0,0,0,0,682,0,0,0,0,0,0,0,0,0,0,0,0,0,0,0,0,0,0,0,0,0,0,0,0,0,0,0,0,0,0,0,0,0,0,0,0,0,0,0,0,0,0,0,0,0,0,0,682,0,0,0,0,0,0,0,0,0,682,0,0,0,0,0,0,0,0,0,0,0,0,0,682,0,0,0,0,0,0,0,0,0,0,0,0,0,0,0,0,0,0,0,0,0,0,0,0,0,0,0,0,0,0,0,0,0,0,0,0,0,0,0,1364,682,682,0,682,682,1364,0,0,0,0,0,0,0,0,0,
0,0,0,0,0,0,0,0,0,682,0,0,0,0,0,682,0,0,0,0,0,0,0,0,0,0,0,0,0,0,0,0,0,0,0,0,0,0,0,0,0,0,0,0,0,0,0,0,0,0,0,0,0,0,0,682,0,0,0,0,0,0,0,0,0,0,0,0,0,682,0,0,0,0,0,0,0,0,0,0,0,0,0,0,0,0,0,0,0,0,0,0,0,0,0,0,0,0,0,0,0,0,0,0,0,0,0,0,0,0,0,0,0,0,0,0,0,0,0,0,0,0,0,0,0,0,0,682,0,0,0,0,0,0,0,0,0,0,0,0,0,0,0,0,0,0,0,682,0,0,0,0,0,0,0,0,0,0,0,0,0,0,0,0,0,0,0,0,0,0,0,0,0,0,0,0,0,0,0,0,0,0,0,0,0,0,0,0,0,0,0,0,0,0,0,0,0,0,0,0,0,0,0,0,0,0,0,0,0,0,0,0,0,0,0,0,0,0,0,0,0,0,0,0,0,682,0,0,0,0,0,0,0,0,0,0,0,0,0,0,0,0,0,0,0,0,0,0,0,682,0,0,0,0,0,0,0,0,0,0,0,0,0,0,0,0,0,0,0,0,0,0,0,0,0,0,0,0,0,0,0,0,0,0,0,0,0,0,0,0,0,0,0,0,0,0,0,0,0,0,0,0,0,0,0,0,0,0,0,0,0,0,0,0,0,0,0,0,0,0,0,0,0,0,0,0,0,0,0,0,0,0,0,0,0,0,0,0,0,0,0,0,0,0,0,0,0,0,0,0,0,0,0,0,0,0,0,0,0,0,0,0,0,0,0,0,0,0,0,0,0,0,0,0,0,682,0,0,0,0,0,0,0,0,0,0,0,0,0,0,0,0,0,0,0,0,0,0,0,682,0,0,0,0,0,0,0,0,0,0,0,0,0,0,0,0,0,0,0,0,0,0,0,0,0,0,0,0,0,0,0,0,0,0,0,0,0,0,0,0,0,0,0,0,0,0,0,0,0,0,0,0,0,0,0,0,0,0,0,0,0,0,0,0,0,0,0,0,0,0,0,0,0,0,0,0,0,0,0,0,0,0,0,0,0,0,0,0,0,0,0,0,0,0,0,0,0,682,0,0,0,0,0,0,0,0,0,0,0,0,0,0,0,0,0,0,0,0,0,0,0,0,0,0,0,0,0,0,0,0,0,0,0,0,0,0,0,0,0,0,0,0,0,0,0,0,0,0,0,0,0,0,0,0,0,0,0,0,0,0,0,0,0,0,0,0,0,0,0,0,0,0,0,0,0,0,0,0,0,0,0,0,0,0,0,0,0,0,0,0,0,0,0,0,0,0,0,0,0,0,0,0,0,0,0,0,0,0,0,682,0,0,0,0,0,682,0,0,0,0,0,0,0,0,0,
0,0,0,0,0,0,0,0,0,682,0,0,0,0,0,682,0,0,0,0,0,0,0,0,0,0,0,0,0,0,0,0,0,0,0,0,0,0,0,0,0,0,0,0,0,0,0,0,0,0,0,0,0,0,0,682,0,0,0,0,0,0,0,0,0,0,0,0,0,682,0,0,0,0,0,0,0,0,0,0,0,0,0,0,0,0,0,0,0,0,0,0,0,0,0,0,0,0,0,0,0,0,0,0,0,0,0,0,0,0,0,0,0,0,0,0,0,0,0,0,0,0,0,0,0,0,0,0,0,0,0,0,0,0,0,0,0,0,0,0,0,0,0,0,0,0,0,682,0,0,0,0,0,0,0,0,0,0,0,0,0,0,0,0,0,0,0,0,0,0,0,0,0,0,0,0,0,0,0,0,0,0,0,0,0,0,0,0,0,0,0,0,0,0,0,0,0,0,0,0,0,0,0,0,0,0,0,0,0,0,0,0,0,0,0,0,0,0,0,0,0,0,0,0,0,0,0,0,0,0,0,0,0,0,0,0,0,0,0,0,0,0,0,0,0,0,0,0,0,682,0,0,0,0,0,0,0,0,0,0,0,0,0,0,0,0,0,0,0,0,0,0,0,0,0,0,0,0,0,0,0,0,0,0,0,0,0,0,0,0,0,0,0,0,0,0,0,0,0,0,0,0,0,0,0,0,0,0,0,0,0,0,0,0,0,0,0,0,0,0,0,0,0,0,0,0,0,0,0,0,0,0,0,0,0,0,0,0,0,0,0,0,0,0,0,0,0,0,0,0,0,0,0,0,0,0,0,0,0,0,0,0,0,0,0,0,0,0,0,0,0,0,0,0,0,0,0,0,0,0,0,0,0,0,0,0,0,0,0,0,0,0,0,0,0,0,0,0,0,0,0,0,0,0,0,0,0,0,0,0,0,0,0,0,0,0,0,0,0,0,0,0,0,0,0,0,0,0,0,0,0,0,0,0,0,0,0,0,0,0,0,0,0,0,0,0,0,0,0,0,0,0,0,0,0,0,0,0,0,0,0,0,0,0,0,0,0,0,0,0,0,0,0,0,0,0,0,0,0,0,0,0,0,0,0,0,0,0,0,0,0,0,0,0,0,0,0,682,0,0,0,0,0,0,0,0,0,0,0,0,0,0,0,0,0,0,0,0,0,0,0,0,0,0,0,0,0,0,0,0,0,0,0,0,0,0,0,0,0,0,0,0,0,0,0,0,0,0,0,0,0,0,0,0,0,0,0,0,0,0,0,0,0,0,0,0,0,0,0,0,0,0,0,0,0,0,0,0,0,0,0,0,0,0,0,0,0,0,0,0,0,0,0,0,0,0,0,0,0,0,0,0,0,0,0,0,0,0,0,0,0,0,0,0,0,0,0,0,0,0,0,0,0,0,0,
0,0,0,0,0,0,0,0,0,0,0,0,0,0,0,0,0,0,0,0,0,0,0,0,0,0,0,0,0,0,0,0,0,0,0,0,0,0,0,0,0,0,0,0,0,0,0,0,0,0,0,0,0,0,0,0,0,0,0,0,0,0,0,0,0,0,0,0,0,0,0,0,0,0,0,0,0,0,0,0,0,0,0,0,0,0,0,0,0,0,0,0,0,0,0,0,0,0,0,0,0,0,0,0,0,0,0,0,0,0,0,0,0,0,0,0,0,0,0,0,0,0,0,0,0,0,0,0,0,0,0,0,0,0,0,0,0,0,0,0,0,0,0,0,0,0,0,0,0,0,0,0,0,0,0,0,0,0,0,0,0,0,0,0,0,0,0,0,0,0,0,0,0,0,0,0,0,0,0,0,0,0,0,0,0,0,0,0,0,0,0,0,0,0,0,0,0,0,0,0,0,0,0,0,0,0,0,0,0,0,0,0,0,0,0,0,0,0,0,0,0,0,0,0,0,0,0,0,0,0,0,0,0,0,0,0,0,0,0,0,0,0,0,0,0,0,0,0,0,0,0,0,0,0,0,0,0,0,0,0,0,0,0,0,0,0,0,0,0,0,0,0,0,0,0,0,0,0,0,0,0,0,0,0,0,0,0,0,0,0,0,0,0,0,0,0,0,0,0,0,0,0,0,0,0,0,0,0,0,0,0,0,0,0,0,0,0,0,0,0,0,0,0,0,0,0,0,0,0,0,0,0,0,0,0,0,0,0,0,0,0,0,0,0,0,0,0,0,0,0,0,0,0,0,0,0,0,0,0,0,0,0,0,0,0,0,0,0,0,0,0,0,0,0,0,0,0,0,0,0,0,0,0,0,0,0,0,0,0,0,0,0,0,0,0,0,0,0,0,0,0,0,0,0,0,0,0,0,0,0,0,0,0,0,0,0,0,0,0,0,0,0,0,0,0,0,0,0,0,0,0,0,0,0,0,0,0,0,0,0,0,0,0,0,0,0,0,0,0,0,0,0,0,0,0,0,0,0,0,0,0,0,0,0,0,0,0,0,0,0,0,0,0,0,0,0,0,0,0,0,0,0,0,0,0,0,0,0,0,0,0,0,0,0,0,0,0,0,0,0,0,0,0,0,0,0,0,0,0,0,0,0,0,0,0,0,0,0,0,0,0,0,0,0,0,0,0,0,0,0,0,0,0,0,0,0,0,0,0,0,0,0,0,0,0,0,0,0,0,0,0,0,0,0,0,0,0,0,0,0,0,0,0,0,0,0,0,0,0,0,0,0,0,0,0,0,0,0,0,0,0,0,0,0,0,0,0,0,0,0,0,0,0,0,0,0,0,0,0,0,0,0,0,0,0,0,0,0,0,0,0,0,0,0,0,0,0,0,0,0,0,0,0,0,0,
0,0,0,0,0,0,0,0,0,0,0,0,0,0,0,0,0,0,0,0,0,0,0,0,0,0,0,0,0,0,0,0,0,0,0,0,0,0,0,0,0,0,0,0,0,0,0,0,0,0,0,0,0,0,0,0,0,0,0,0,0,0,0,0,0,0,0,0,0,0,0,0,0,0,0,0,0,0,0,0,0,0,0,0,0,0,0,0,0,0,0,0,0,0,0,0,0,0,0,0,0,0,0,0,0,0,0,0,0,0,0,0,0,0,0,0,0,0,0,0,0,0,0,0,0,0,0,0,0,0,0,0,0,0,0,0,0,0,0,0,0,0,0,0,0,0,0,0,0,0,0,0,0,0,0,0,0,0,0,0,0,0,0,0,0,0,0,0,0,0,0,0,0,0,0,0,0,0,0,0,0,0,0,0,0,0,0,0,0,0,0,0,0,0,0,0,0,0,0,0,0,0,0,0,0,0,0,0,0,0,0,0,0,0,0,0,0,0,0,0,0,0,0,0,0,0,0,0,0,0,0,0,0,0,0,0,0,0,0,0,0,0,0,0,0,0,0,0,0,0,0,0,0,0,0,0,0,0,0,0,0,0,0,0,0,0,0,0,0,0,0,0,0,0,0,0,0,0,0,0,0,0,0,0,0,0,0,0,0,0,0,0,0,0,0,0,0,0,0,0,0,0,0,0,0,0,0,0,0,0,0,0,0,0,0,0,0,0,0,0,0,0,0,0,0,0,0,0,0,0,0,0,0,0,0,0,0,0,0,0,0,0,0,0,0,0,0,0,0,0,0,0,0,0,0,0,0,0,0,0,0,0,0,0,0,0,0,0,0,0,0,0,0,0,0,0,0,0,0,0,0,0,0,0,0,0,0,0,0,0,0,0,0,0,0,0,0,0,0,0,0,0,0,0,0,0,0,0,0,0,0,0,0,0,0,0,0,0,0,0,0,0,0,0,0,0,0,0,0,0,0,0,0,0,0,0,0,0,0,0,0,0,0,0,0,0,0,0,0,0,0,0,0,0,0,0,0,0,0,0,0,0,0,0,0,0,0,0,0,0,0,0,0,0,0,0,0,0,0,0,0,0,0,0,0,0,0,0,0,0,0,0,0,0,0,0,0,0,0,0,0,0,0,0,0,0,0,0,0,0,0,0,0,0,0,0,0,0,0,0,0,0,0,0,0,0,0,0,0,0,0,0,0,0,0,0,0,0,0,0,0,0,0,0,0,0,0,0,0,0,0,0,0,0,0,0,0,0,0,0,0,0,0,0,0,0,0,0,0,0,0,0,0,0,0,0,0,0,0,0,0,0,0,0,0,0,0,0,0,0,0,0,0,0,0,0,0,0,0,0,0,0,0,0,0,0,0,0,0,0,0,0,0,0,0,0,0,0,0,0,0,0,0,0,0,
0,0,0,0,0,0,0,0,0,0,0,0,0,0,0,0,0,0,0,0,0,0,0,0,0,0,0,0,0,0,0,0,0,0,0,0,0,0,0,0,0,0,0,0,0,0,0,0,0,0,0,0,0,0,0,0,0,0,0,0,0,0,0,0,0,0,0,0,0,0,0,0,0,0,0,0,0,0,0,0,0,0,0,0,0,0,0,0,0,0,0,0,0,0,0,0,0,0,0,0,0,0,0,0,0,0,0,0,0,0,0,0,0,0,0,0,0,0,0,0,0,0,0,0,0,0,0,0,0,0,0,0,0,0,0,0,0,0,0,0,0,0,0,0,0,0,0,0,0,0,0,0,0,0,0,0,0,0,0,0,0,0,0,0,0,0,0,0,0,0,0,0,0,0,0,0,0,0,0,0,0,0,0,0,0,0,0,0,0,0,0,0,0,0,0,0,0,0,0,0,0,0,0,0,0,0,0,0,0,0,0,0,0,0,0,0,0,0,0,0,0,0,0,0,0,0,0,0,0,0,0,0,0,0,0,0,0,0,0,0,0,0,0,0,0,0,0,0,0,0,0,0,0,0,0,0,0,0,0,0,0,0,0,0,0,0,0,0,0,0,0,0,0,0,0,0,0,0,0,0,0,0,0,0,0,0,0,0,0,0,0,0,0,0,0,0,0,0,0,0,0,0,0,0,0,0,0,0,0,0,0,0,0,0,0,0,0,0,0,0,0,0,0,0,0,0,0,0,0,0,0,0,0,0,0,0,0,0,0,0,0,0,0,0,0,0,0,0,0,0,0,0,0,0,0,0,0,0,0,0,0,0,0,0,0,0,0,0,0,0,0,0,0,0,0,0,0,0,0,0,0,0,0,0,0,0,0,0,0,0,0,0,0,0,0,0,0,0,0,0,0,0,0,0,0,0,0,0,0,0,0,0,0,0,0,0,0,0,0,0,0,0,0,0,0,0,0,0,0,0,0,0,0,0,0,0,0,0,0,0,0,0,0,0,0,0,0,0,0,0,0,0,0,0,0,0,0,0,0,0,0,0,0,0,0,0,0,0,0,0,0,0,0,0,0,0,0,0,0,0,0,0,0,0,0,0,0,0,0,0,0,0,0,0,0,0,0,0,0,0,0,0,0,0,0,0,0,0,0,0,0,0,0,0,0,0,0,0,0,0,0,0,0,0,0,0,0,0,0,0,0,0,0,0,0,0,0,0,0,0,0,0,0,0,0,0,0,0,0,0,0,0,0,0,0,0,0,0,0,0,0,0,0,0,0,0,0,0,0,0,0,0,0,0,0,0,0,0,0,0,0,0,0,0,0,0,0,0,0,0,0,0,0,0,0,0,0,0,0,0,0,0,0,0,0,0,0,0,0,0,0,0,0,0,0,0,0,0,0,0,0,0,0,0,0,
0,0,0,0,0,0,0,0,0,0,0,0,0,0,0,0,0,0,0,0,0,0,0,0,0,0,0,0,0,0,0,0,0,0,0,0,0,0,0,0,0,0,0,0,0,0,0,0,0,0,0,0,0,0,0,0,0,0,0,0,0,0,0,0,0,0,0,0,0,0,0,0,0,0,0,0,0,0,0,0,0,0,0,0,0,0,0,0,0,0,0,0,0,0,0,0,0,0,0,0,0,0,0,0,0,0,0,0,0,0,0,0,0,0,0,0,0,0,0,0,0,0,0,0,0,0,0,0,0,0,0,0,0,0,0,0,0,0,0,0,0,0,0,0,0,0,0,0,0,0,0,0,0,0,0,0,0,0,0,0,0,0,0,0,0,0,0,0,0,0,0,0,0,0,0,0,0,0,0,0,0,0,0,0,0,0,0,0,0,0,0,0,0,0,0,0,0,0,0,0,0,0,0,0,0,0,0,0,0,0,0,0,0,0,0,0,0,0,0,0,0,0,0,0,0,0,0,0,0,0,0,0,0,0,0,0,0,0,0,0,0,0,0,0,0,0,0,0,0,0,0,0,0,0,0,0,0,0,0,0,0,0,0,0,0,0,0,0,0,0,0,0,0,0,0,0,0,0,0,0,0,0,0,0,0,0,0,0,0,0,0,0,0,0,0,0,0,0,0,0,0,0,0,0,0,0,0,0,0,0,0,0,0,0,0,0,0,0,0,0,0,0,0,0,0,0,0,0,0,0,0,0,0,0,0,0,0,0,0,0,0,0,0,0,0,0,0,0,0,0,0,0,0,0,0,0,0,0,0,0,0,0,0,0,0,0,0,0,0,0,0,0,0,0,0,0,0,0,0,0,0,0,0,0,0,0,0,0,0,0,0,0,0,0,0,0,0,0,0,0,0,0,0,0,0,0,0,0,0,0,0,0,0,0,0,0,0,0,0,0,0,0,0,0,0,0,0,0,0,0,0,0,0,0,0,0,0,0,0,0,0,0,0,0,0,0,0,0,0,0,0,0,0,0,0,0,0,0,0,0,0,0,0,0,0,0,0,0,0,0,0,0,0,0,0,0,0,0,0,0,0,0,0,0,0,0,0,0,0,0,0,0,0,0,0,0,0,0,0,0,0,0,0,0,0,0,0,0,0,0,0,0,0,0,0,0,0,0,0,0,0,0,0,0,0,0,0,0,0,0,0,0,0,0,0,0,0,0,0,0,0,0,0,0,0,0,0,0,0,0,0,0,0,0,0,0,0,0,0,0,0,0,0,0,0,0,0,0,0,0,0,0,0,0,0,0,0,0,0,0,0,0,0,0,0,0,0,0,0,0,0,0,0,0,0,0,0,0,0,0,0,0,0,0,0,0,0,0,0,0,0,0,0,0,0,0,0,0,0,0,0,0,0,0,0,
0,0,0,0,0,0,0,0,0,0,0,0,0,0,0,0,0,0,0,0,0,0,0,0,0,0,0,0,0,0,0,0,0,0,0,0,0,0,0,0,0,0,0,0,0,0,0,0,0,0,0,0,0,0,0,0,0,0,0,0,0,0,0,0,0,0,0,0,0,0,0,0,0,0,0,0,0,0,0,0,0,0,0,0,0,0,0,0,0,0,0,0,0,0,0,0,0,0,0,0,0,0,0,0,0,0,0,0,0,0,0,0,0,0,0,0,0,0,0,0,0,0,0,0,0,0,0,0,0,0,0,0,0,0,0,0,0,0,0,0,0,0,0,0,0,0,0,0,0,0,0,0,0,0,0,0,0,0,0,0,0,0,0,0,0,0,0,0,0,0,0,0,0,0,0,0,0,0,0,0,0,0,0,0,0,0,0,0,0,0,0,0,0,0,0,0,0,0,0,0,0,0,0,0,0,0,0,0,0,0,0,0,0,0,0,0,0,0,0,0,0,0,0,0,0,0,0,0,0,0,0,0,0,0,0,0,0,0,0,0,0,0,0,0,0,0,0,0,0,0,0,0,0,0,0,0,0,0,0,0,0,0,0,0,0,0,0,0,0,0,0,0,0,0,0,0,0,0,0,0,0,0,0,0,0,0,0,0,0,0,0,0,0,0,0,0,0,0,0,0,0,0,0,0,0,0,0,0,0,0,0,0,0,0,0,0,0,0,0,0,0,0,0,0,0,0,0,0,0,0,0,0,0,0,0,0,0,0,0,0,0,0,0,0,0,0,0,0,0,0,0,0,0,0,0,0,0,0,0,0,0,0,0,0,0,0,0,0,0,0,0,0,0,0,0,0,0,0,0,0,0,0,0,0,0,0,0,0,0,0,0,0,0,0,0,0,0,0,0,0,0,0,0,0,0,0,0,0,0,0,0,0,0,0,0,0,0,0,0,0,0,0,0,0,0,0,0,0,0,0,0,0,0,0,0,0,0,0,0,0,0,0,0,0,0,0,0,0,0,0,0,0,0,0,0,0,0,0,0,0,0,0,0,0,0,0,0,0,0,0,0,0,0,0,0,0,0,0,0,0,0,0,0,0,0,0,0,0,0,0,0,0,0,0,0,0,0,0,0,0,0,0,0,0,0,0,0,0,0,0,0,0,0,0,0,0,0,0,0,0,0,0,0,0,0,0,0,0,0,0,0,0,0,0,0,0,0,0,0,0,0,0,0,0,0,0,0,0,0,0,0,0,0,0,0,0,0,0,0,0,0,0,0,0,0,0,0,0,0,0,0,0,0,0,0,0,0,0,0,0,0,0,0,0,0,0,0,0,0,0,0,0,0,0,0,0,0,0,0,0,0,0,0,0,0,0,0,0,0,0,0,0,0,0,0,0,0,0,0,0,0,0,0,0,0,
0,0,0,0,0,0,0,0,0,0,0,0,0,0,0,0,0,0,0,0,0,0,0,0,0,0,0,0,0,0,0,0,0,0,0,0,0,0,0,0,0,0,0,0,0,0,0,0,0,0,0,0,0,0,0,0,0,0,0,0,0,0,0,0,0,0,0,0,0,0,0,0,0,0,0,0,0,0,0,0,0,0,0,0,0,0,0,0,0,0,0,0,0,0,0,0,0,0,0,0,0,0,0,0,0,0,0,0,0,0,0,0,0,0,0,0,0,0,0,0,0,0,0,0,0,0,0,0,0,0,0,0,0,0,0,0,0,0,0,0,0,0,0,0,0,0,0,0,0,0,0,0,0,0,0,0,0,0,0,0,0,0,0,0,0,0,0,0,0,0,0,0,0,0,0,0,0,0,0,0,0,0,0,0,0,0,0,0,0,0,0,0,0,0,0,0,0,0,0,0,0,0,0,0,0,0,0,0,0,0,0,0,0,0,0,0,0,0,0,0,0,0,0,0,0,0,0,0,0,0,0,0,0,0,0,0,0,0,0,0,0,0,0,0,0,0,0,0,0,0,0,0,0,0,0,0,0,0,0,0,0,0,0,0,0,0,0,0,0,0,0,0,0,0,0,0,0,0,0,0,0,0,0,0,0,0,0,0,0,0,0,0,0,0,0,0,0,0,0,0,0,0,0,0,0,0,0,0,0,0,0,0,0,0,0,0,0,0,0,0,0,0,0,0,0,0,0,0,0,0,0,0,0,0,0,0,0,0,0,0,0,0,0,0,0,0,0,0,0,0,0,0,0,0,0,0,0,0,0,0,0,0,0,0,0,0,0,0,0,0,0,0,0,0,0,0,0,0,0,0,0,0,0,0,0,0,0,0,0,0,0,0,0,0,0,0,0,0,0,0,0,0,0,0,0,0,0,0,0,0,0,0,0,0,0,0,0,0,0,0,0,0,0,0,0,0,0,0,0,0,0,0,0,0,0,0,0,0,0,0,0,0,0,0,0,0,0,0,0,0,0,0,0,0,0,0,0,0,0,0,0,0,0,0,0,0,0,0,0,0,0,0,0,0,0,0,0,0,0,0,0,0,0,0,0,0,0,0,0,0,0,0,0,0,0,0,0,0,0,0,0,0,0,0,0,0,0,0,0,0,0,0,0,0,0,0,0,0,0,0,0,0,0,0,0,0,0,0,0,0,0,0,0,0,0,0,0,0,0,0,0,0,0,0,0,0,0,0,0,0,0,0,0,0,0,0,0,0,0,0,0,0,0,0,0,0,0,0,0,0,0,0,0,0,0,0,0,0,0,0,0,0,0,0,0,0,0,0,0,0,0,0,0,0,0,0,0,0,0,0,0,0,0,0,0,0,0,0,0,0,0,0,0,0,0,0,0,0,0,0,0,0,0,0,0,
0,0,0,0,0,0,0,0,0,0,0,0,0,0,0,0,0,0,0,0,0,0,0,0,0,0,0,0,0,0,0,0,0,0,0,0,0,0,0,0,0,0,0,0,0,0,0,0,0,0,0,0,0,0,0,0,0,0,0,0,0,0,0,0,0,0,0,0,0,0,0,0,0,0,0,0,0,0,0,0,0,0,0,0,0,0,0,0,0,0,0,0,0,0,0,0,0,0,0,0,0,0,0,0,0,0,0,0,0,0,0,0,0,0,0,0,0,0,0,0,0,0,0,0,0,0,0,0,0,0,0,0,0,0,0,0,0,0,0,0,0,0,0,0,0,0,0,0,0,0,0,0,0,0,0,0,0,0,0,0,0,0,0,0,0,0,0,0,0,0,0,0,0,0,0,0,0,0,0,0,0,0,0,0,0,0,0,0,0,0,0,0,0,0,0,0,0,0,0,0,0,0,0,0,0,0,0,0,0,0,0,0,0,0,0,0,0,0,0,0,0,0,0,0,0,0,0,0,0,0,0,0,0,0,0,0,0,0,0,0,0,0,0,0,0,0,0,0,0,0,0,0,0,0,0,0,0,0,0,0,0,0,0,0,0,0,0,0,0,0,0,0,0,0,0,0,0,0,0,0,0,0,0,0,0,0,0,0,0,0,0,0,0,0,0,0,0,0,0,0,0,0,0,0,0,0,0,0,0,0,0,0,0,0,0,0,0,0,0,0,0,0,0,0,0,0,0,0,0,0,0,0,0,0,0,0,0,0,0,0,0,0,0,0,0,0,0,0,0,0,0,0,0,0,0,0,0,0,0,0,0,0,0,0,0,0,0,0,0,0,0,0,0,0,0,0,0,0,0,0,0,0,0,0,0,0,0,0,0,0,0,0,0,0,0,0,0,0,0,0,0,0,0,0,0,0,0,0,0,0,0,0,0,0,0,0,0,0,0,0,0,0,0,0,0,0,0,0,0,0,0,0,0,0,0,0,0,0,0,0,0,0,0,0,0,0,0,0,0,0,0,0,0,0,0,0,0,0,0,0,0,0,0,0,0,0,0,0,0,0,0,0,0,0,0,0,0,0,0,0,0,0,0,0,0,0,0,0,0,0,0,0,0,0,0,0,0,0,0,0,0,0,0,0,0,0,0,0,0,0,0,0,0,0,0,0,0,0,0,0,0,0,0,0,0,0,0,0,0,0,0,0,0,0,0,0,0,0,0,0,0,0,0,0,0,0,0,0,0,0,0,0,0,0,0,0,0,0,0,0,0,0,0,0,0,0,0,0,0,0,0,0,0,0,0,0,0,0,0,0,0,0,0,0,0,0,0,0,0,0,0,0,0,0,0,0,0,0,0,0,0,0,0,0,0,0,0,0,0,0,0,0,0,0,0,0,0,0,0,0,0,0,0,0,0,
0,0,0,0,0,0,0,0,0,0,0,0,0,0,0,0,0,0,0,0,0,0,0,0,0,0,0,0,0,0,0,0,0,0,0,0,0,0,0,0,0,0,0,0,0,0,0,0,0,0,0,0,0,0,0,0,0,0,0,0,0,0,0,0,0,0,0,0,0,0,0,0,0,0,0,0,0,0,0,0,0,0,0,0,0,0,0,0,0,0,0,0,0,0,0,0,0,0,0,0,0,0,0,0,0,0,0,0,0,0,0,0,0,0,0,0,0,0,0,0,0,0,0,0,0,0,0,0,0,0,0,0,0,0,0,0,0,0,0,0,0,0,0,0,0,0,0,0,0,0,0,0,0,0,0,0,0,0,0,0,0,0,0,0,0,0,0,0,0,0,0,0,0,0,0,0,0,0,0,0,0,0,0,0,0,0,0,0,0,0,0,0,0,0,0,0,0,0,0,0,0,0,0,0,0,0,0,0,0,0,0,0,0,0,0,0,0,0,0,0,0,0,0,0,0,0,0,0,0,0,0,0,0,0,0,0,0,0,0,0,0,0,0,0,0,0,0,0,0,0,0,0,0,0,0,0,0,0,0,0,0,0,0,0,0,0,0,0,0,0,0,0,0,0,0,0,0,0,0,0,0,0,0,0,0,0,0,0,0,0,0,0,0,0,0,0,0,0,0,0,0,0,0,0,0,0,0,0,0,0,0,0,0,0,0,0,0,0,0,0,0,0,0,0,0,0,0,0,0,0,0,0,0,0,0,0,0,0,0,0,0,0,0,0,0,0,0,0,0,0,0,0,0,0,0,0,0,0,0,0,0,0,0,0,0,0,0,0,0,0,0,0,0,0,0,0,0,0,0,0,0,0,0,0,0,0,0,0,0,0,0,0,0,0,0,0,0,0,0,0,0,0,0,0,0,0,0,0,0,0,0,0,0,0,0,0,0,0,0,0,0,0,0,0,0,0,0,0,0,0,0,0,0,0,0,0,0,0,0,0,0,0,0,0,0,0,0,0,0,0,0,0,0,0,0,0,0,0,0,0,0,0,0,0,0,0,0,0,0,0,0,0,0,0,0,0,0,0,0,0,0,0,0,0,0,0,0,0,0,0,0,0,0,0,0,0,0,0,0,0,0,0,0,0,0,0,0,0,0,0,0,0,0,0,0,0,0,0,0,0,0,0,0,0,0,0,0,0,0,0,0,0,0,0,0,0,0,0,0,0,0,0,0,0,0,0,0,0,0,0,0,0,0,0,0,0,0,0,0,0,0,0,0,0,0,0,0,0,0,0,0,0,0,0,0,0,0,0,0,0,0,0,0,0,0,0,0,0,0,0,0,0,0,0,0,0,0,0,0,0,0,0,0,0,0,0,0,0,0,0,0,0,0,0,0,0,0,0,0,0,0,0,0,0,0,
0,0,0,0,0,0,0,0,0,0,0,0,0,0,0,0,0,0,0,0,0,0,0,0,0,0,0,0,0,0,0,0,0,0,0,0,0,0,0,0,0,0,0,0,0,0,0,0,0,0,0,0,0,0,0,0,0,0,0,0,0,0,0,0,0,0,0,0,0,0,0,0,0,0,0,0,0,0,0,0,0,0,0,0,0,0,0,0,0,0,0,0,0,0,0,0,0,0,0,0,0,0,0,0,0,0,0,0,0,0,0,0,0,0,0,0,0,0,0,0,0,0,0,0,0,0,0,0,0,0,0,0,0,0,0,0,0,0,0,0,0,0,0,0,0,0,0,0,0,0,0,0,0,0,0,0,0,0,0,0,0,0,0,0,0,0,0,0,0,0,0,0,0,0,0,0,0,0,0,0,0,0,0,0,0,0,0,0,0,0,0,0,0,0,0,0,0,0,0,0,0,0,0,0,0,0,0,0,0,0,0,0,0,0,0,0,0,0,0,0,0,0,0,0,0,0,0,0,0,0,0,0,0,0,0,0,0,0,0,0,0,0,0,0,0,0,0,0,0,0,0,0,0,0,0,0,0,0,0,0,0,0,0,0,0,0,0,0,0,0,0,0,0,0,0,0,0,0,0,0,0,0,0,0,0,0,0,0,0,0,0,0,0,0,0,0,0,0,0,0,0,0,0,0,0,0,0,0,0,0,0,0,0,0,0,0,0,0,0,0,0,0,0,0,0,0,0,0,0,0,0,0,0,0,0,0,0,0,0,0,0,0,0,0,0,0,0,0,0,0,0,0,0,0,0,0,0,0,0,0,0,0,0,0,0,0,0,0,0,0,0,0,0,0,0,0,0,0,0,0,0,0,0,0,0,0,0,0,0,0,0,0,0,0,0,0,0,0,0,0,0,0,0,0,0,0,0,0,0,0,0,0,0,0,0,0,0,0,0,0,0,0,0,0,0,0,0,0,0,0,0,0,0,0,0,0,0,0,0,0,0,0,0,0,0,0,0,0,0,0,0,0,0,0,0,0,0,0,0,0,0,0,0,0,0,0,0,0,0,0,0,0,0,0,0,0,0,0,0,0,0,0,0,0,0,0,0,0,0,0,0,0,0,0,0,0,0,0,0,0,0,0,0,0,0,0,0,0,0,0,0,0,0,0,0,0,0,0,0,0,0,0,0,0,0,0,0,0,0,0,0,0,0,0,0,0,0,0,0,0,0,0,0,0,0,0,0,0,0,0,0,0,0,0,0,0,0,0,0,0,0,0,0,0,0,0,0,0,0,0,0,0,0,0,0,0,0,0,0,0,0,0,0,0,0,0,0,0,0,0,0,0,0,0,0,0,0,0,0,0,0,0,0,0,0,0,0,0,0,0,0,0,0,0,0,0,0,0,0,0,0,0,0,0,0,
0,0,0,0,0,0,0,0,0,0,0,0,0,0,0,0,0,0,0,0,0,0,0,0,0,0,0,0,0,0,0,0,0,0,0,0,0,0,0,0,0,0,0,0,0,0,0,0,0,0,0,0,0,0,0,0,0,0,0,0,0,0,0,0,0,0,0,0,0,0,0,0,0,0,0,0,0,0,0,0,0,0,0,0,0,0,0,0,0,0,0,0,0,0,0,0,0,0,0,0,0,0,0,0,0,0,0,0,0,0,0,0,0,0,0,0,0,0,0,0,0,0,0,0,0,0,0,0,0,0,0,0,0,0,0,0,0,0,0,0,0,0,0,0,0,0,0,0,0,0,0,0,0,0,0,0,0,0,0,0,0,0,0,0,0,0,0,0,0,0,0,0,0,0,0,0,0,0,0,0,0,0,0,0,0,0,0,0,0,0,0,0,0,0,0,0,0,0,0,0,0,0,0,0,0,0,0,0,0,0,0,0,0,0,0,0,0,0,0,0,0,0,0,0,0,0,0,0,0,0,0,0,0,0,0,0,0,0,0,0,0,0,0,0,0,0,0,0,0,0,0,0,0,0,0,0,0,0,0,0,0,0,0,0,0,0,0,0,0,0,0,0,0,0,0,0,0,0,0,0,0,0,0,0,0,0,0,0,0,0,0,0,0,0,0,0,0,0,0,0,0,0,0,0,0,0,0,0,0,0,0,0,0,0,0,0,0,0,0,0,0,0,0,0,0,0,0,0,0,0,0,0,0,0,0,0,0,0,0,0,0,0,0,0,0,0,0,0,0,0,0,0,0,0,0,0,0,0,0,0,0,0,0,0,0,0,0,0,0,0,0,0,0,0,0,0,0,0,0,0,0,0,0,0,0,0,0,0,0,0,0,0,0,0,0,0,0,0,0,0,0,0,0,0,0,0,0,0,0,0,0,0,0,0,0,0,0,0,0,0,0,0,0,0,0,0,0,0,0,0,0,0,0,0,0,0,0,0,0,0,0,0,0,0,0,0,0,0,0,0,0,0,0,0,0,0,0,0,0,0,0,0,0,0,0,0,0,0,0,0,0,0,0,0,0,0,0,0,0,0,0,0,0,0,0,0,0,0,0,0,0,0,0,0,0,0,0,0,0,0,0,0,0,0,0,0,0,0,0,0,0,0,0,0,0,0,0,0,0,0,0,0,0,0,0,0,0,0,0,0,0,0,0,0,0,0,0,0,0,0,0,0,0,0,0,0,0,0,0,0,0,0,0,0,0,0,0,0,0,0,0,0,0,0,0,0,0,0,0,0,0,0,0,0,0,0,0,0,0,0,0,0,0,0,0,0,0,0,0,0,0,0,0,0,0,0,0,0,0,0,0,0,0,0,0,0,0,0,0,0,0,0,0,0,0,0,0,0,0,0,0,0,0,0,0,
0,0,0,0,0,0,0,0,0,0,0,0,0,0,0,0,0,0,0,0,0,0,0,0,0,0,0,0,0,0,0,0,0,0,0,0,0,0,0,0,0,0,0,0,0,0,0,0,0,0,0,0,0,0,0,0,0,0,0,0,0,0,0,0,0,0,0,0,0,0,0,0,0,0,0,0,0,0,0,0,0,0,0,0,0,0,0,0,0,0,0,0,0,0,0,0,0,0,0,0,0,0,0,0,0,0,0,0,0,0,0,0,0,0,0,0,0,0,0,0,0,0,0,0,0,0,0,0,0,0,0,0,0,0,0,0,0,0,0,0,0,0,0,0,0,0,0,0,0,0,0,0,0,0,0,0,0,0,0,0,0,0,0,0,0,0,0,0,0,0,0,0,0,0,0,0,0,0,0,0,0,0,0,0,0,0,0,0,0,0,0,0,0,0,0,0,0,0,0,0,0,0,0,0,0,0,0,0,0,0,0,0,0,0,0,0,0,0,0,0,0,0,0,0,0,0,0,0,0,0,0,0,0,0,0,0,0,0,0,0,0,0,0,0,0,0,0,0,0,0,0,0,0,0,0,0,0,0,0,0,0,0,0,0,0,0,0,0,0,0,0,0,0,0,0,0,0,0,0,0,0,0,0,0,0,0,0,0,0,0,0,0,0,0,0,0,0,0,0,0,0,0,0,0,0,0,0,0,0,0,0,0,0,0,0,0,0,0,0,0,0,0,0,0,0,0,0,0,0,0,0,0,0,0,0,0,0,0,0,0,0,0,0,0,0,0,0,0,0,0,0,0,0,0,0,0,0,0,0,0,0,0,0,0,0,0,0,0,0,0,0,0,0,0,0,0,0,0,0,0,0,0,0,0,0,0,0,0,0,0,0,0,0,0,0,0,0,0,0,0,0,0,0,0,0,0,0,0,0,0,0,0,0,0,0,0,0,0,0,0,0,0,0,0,0,0,0,0,0,0,0,0,0,0,0,0,0,0,0,0,0,0,0,0,0,0,0,0,0,0,0,0,0,0,0,0,0,0,0,0,0,0,0,0,0,0,0,0,0,0,0,0,0,0,0,0,0,0,0,0,0,0,0,0,0,0,0,0,0,0,0,0,0,0,0,0,0,0,0,0,0,0,0,0,0,0,0,0,0,0,0,0,0,0,0,0,0,0,0,0,0,0,0,0,0,0,0,0,0,0,0,0,0,0,0,0,0,0,0,0,0,0,0,0,0,0,0,0,0,0,0,0,0,0,0,0,0,0,0,0,0,0,0,0,0,0,0,0,0,0,0,0,0,0,0,0,0,0,0,0,0,0,0,0,0,0,0,0,0,0,0,0,0,0,0,0,0,0,0,0,0,0,0,0,0,0,0,0,0,0,0,0,0,0,0,0,0,0,0,0,0,0,0,0,0,
0,0,0,0,0,0,0,0,0,0,0,0,0,0,0,0,0,0,0,0,0,0,0,0,0,0,0,0,0,0,0,0,0,0,0,0,0,0,0,0,0,0,0,0,0,0,0,0,0,0,0,0,0,0,0,0,0,0,0,0,0,0,0,0,0,0,0,0,0,0,0,0,0,0,0,0,0,0,0,0,0,0,0,0,0,0,0,0,0,0,0,0,0,0,0,0,0,0,0,0,0,0,0,0,0,0,0,0,0,0,0,0,0,0,0,0,0,0,0,0,0,0,0,0,0,0,0,0,0,0,0,0,0,0,0,0,0,0,0,0,0,0,0,0,0,0,0,0,0,0,0,0,0,0,0,0,0,0,0,0,0,0,0,0,0,0,0,0,0,0,0,0,0,0,0,0,0,0,0,0,0,0,0,0,0,0,0,0,0,0,0,0,0,0,0,0,0,0,0,0,0,0,0,0,0,0,0,0,0,0,0,0,0,0,0,0,0,0,0,0,0,0,0,0,0,0,0,0,0,0,0,0,0,0,0,0,0,0,0,0,0,0,0,0,0,0,0,0,0,0,0,0,0,0,0,0,0,0,0,0,0,0,0,0,0,0,0,0,0,0,0,0,0,0,0,0,0,0,0,0,0,0,0,0,0,0,0,0,0,0,0,0,0,0,0,0,0,0,0,0,0,0,0,0,0,0,0,0,0,0,0,0,0,0,0,0,0,0,0,0,0,0,0,0,0,0,0,0,0,0,0,0,0,0,0,0,0,0,0,0,0,0,0,0,0,0,0,0,0,0,0,0,0,0,0,0,0,0,0,0,0,0,0,0,0,0,0,0,0,0,0,0,0,0,0,0,0,0,0,0,0,0,0,0,0,0,0,0,0,0,0,0,0,0,0,0,0,0,0,0,0,0,0,0,0,0,0,0,0,0,0,0,0,0,0,0,0,0,0,0,0,0,0,0,0,0,0,0,0,0,0,0,0,0,0,0,0,0,0,0,0,0,0,0,0,0,0,0,0,0,0,0,0,0,0,0,0,0,0,0,0,0,0,0,0,0,0,0,0,0,0,0,0,0,0,0,0,0,0,0,0,0,0,0,0,0,0,0,0,0,0,0,0,0,0,0,0,0,0,0,0,0,0,0,0,0,0,0,0,0,0,0,0,0,0,0,0,0,0,0,0,0,0,0,0,0,0,0,0,0,0,0,0,0,0,0,0,0,0,0,0,0,0,0,0,0,0,0,0,0,0,0,0,0,0,0,0,0,0,0,0,0,0,0,0,0,0,0,0,0,0,0,0,0,0,0,0,0,0,0,0,0,0,0,0,0,0,0,0,0,0,0,0,0,0,0,0,0,0,0,0,0,0,0,0,0,0,0,0,0,0,0,0,0,0,0,0,0,0,0,0,0,0,0,0,
0,0,0,0,0,0,0,0,0,0,0,0,0,0,0,0,0,0,0,0,0,0,0,0,0,0,0,0,0,0,0,0,0,0,0,0,0,0,0,0,0,0,0,0,0,0,0,0,0,0,0,0,0,0,0,0,0,0,0,0,0,0,0,0,0,0,0,0,0,0,0,0,0,0,0,0,0,0,0,0,0,0,0,0,0,0,0,0,0,0,0,0,0,0,0,0,0,0,0,0,0,0,0,0,0,0,0,0,0,0,0,0,0,0,0,0,0,0,0,0,0,0,0,0,0,0,0,0,0,0,0,0,0,0,0,0,0,0,0,0,0,0,0,0,0,0,0,0,0,0,0,0,0,0,0,0,0,0,0,0,0,0,0,0,0,0,0,0,0,0,0,0,0,0,0,0,0,0,0,0,0,0,0,0,0,0,0,0,0,0,0,0,0,0,0,0,0,0,0,0,0,0,0,0,0,0,0,0,0,0,0,0,0,0,0,0,0,0,0,0,0,0,0,0,0,0,0,0,0,0,0,0,0,0,0,0,0,0,0,0,0,0,0,0,0,0,0,0,0,0,0,0,0,0,0,0,0,0,0,0,0,0,0,0,0,0,0,0,0,0,0,0,0,0,0,0,0,0,0,0,0,0,0,0,0,0,0,0,0,0,0,0,0,0,0,0,0,0,0,0,0,0,0,0,0,0,0,0,0,0,0,0,0,0,0,0,0,0,0,0,0,0,0,0,0,0,0,0,0,0,0,0,0,0,0,0,0,0,0,0,0,0,0,0,0,0,0,0,0,0,0,0,0,0,0,0,0,0,0,0,0,0,0,0,0,0,0,0,0,0,0,0,0,0,0,0,0,0,0,0,0,0,0,0,0,0,0,0,0,0,0,0,0,0,0,0,0,0,0,0,0,0,0,0,0,0,0,0,0,0,0,0,0,0,0,0,0,0,0,0,0,0,0,0,0,0,0,0,0,0,0,0,0,0,0,0,0,0,0,0,0,0,0,0,0,0,0,0,0,0,0,0,0,0,0,0,0,0,0,0,0,0,0,0,0,0,0,0,0,0,0,0,0,0,0,0,0,0,0,0,0,0,0,0,0,0,0,0,0,0,0,0,0,0,0,0,0,0,0,0,0,0,0,0,0,0,0,0,0,0,0,0,0,0,0,0,0,0,0,0,0,0,0,0,0,0,0,0,0,0,0,0,0,0,0,0,0,0,0,0,0,0,0,0,0,0,0,0,0,0,0,0,0,0,0,0,0,0,0,0,0,0,0,0,0,0,0,0,0,0,0,0,0,0,0,0,0,0,0,0,0,0,0,0,0,0,0,0,0,0,0,0,0,0,0,0,0,0,0,0,0,0,0,0,0,0,0,0,0,0,0,0,0,0,0,0,0,0,0,0,0,0,0,0,0,
0,0,0,0,0,0,0,0,0,0,0,0,0,0,0,0,0,0,0,0,0,0,0,0,0,0,0,0,0,0,0,0,0,0,0,0,0,0,0,0,0,0,0,0,0,0,0,0,0,0,0,0,0,0,0,0,0,0,0,0,0,0,0,0,0,0,0,0,0,0,0,0,0,0,0,0,0,0,0,0,0,0,0,0,0,0,0,0,0,0,0,0,0,0,0,0,0,0,0,0,0,0,0,0,0,0,0,0,0,0,0,0,0,0,0,0,0,0,0,0,0,0,0,0,0,0,0,0,0,0,0,0,0,0,0,0,0,0,0,0,0,0,0,0,0,0,0,0,0,0,0,0,0,0,0,0,0,0,0,0,0,0,0,0,0,0,0,0,0,0,0,0,0,0,0,0,0,0,0,0,0,0,0,0,0,0,0,0,0,0,0,0,0,0,0,0,0,0,0,0,0,0,0,0,0,0,0,0,0,0,0,0,0,0,0,0,0,0,0,0,0,0,0,0,0,0,0,0,0,0,0,0,0,0,0,0,0,0,0,0,0,0,0,0,0,0,0,0,0,0,0,0,0,0,0,0,0,0,0,0,0,0,0,0,0,0,0,0,0,0,0,0,0,0,0,0,0,0,0,0,0,0,0,0,0,0,0,0,0,0,0,0,0,0,0,0,0,0,0,0,0,0,0,0,0,0,0,0,0,0,0,0,0,0,0,0,0,0,0,0,0,0,0,0,0,0,0,0,0,0,0,0,0,0,0,0,0,0,0,0,0,0,0,0,0,0,0,0,0,0,0,0,0,0,0,0,0,0,0,0,0,0,0,0,0,0,0,0,0,0,0,0,0,0,0,0,0,0,0,0,0,0,0,0,0,0,0,0,0,0,0,0,0,0,0,0,0,0,0,0,0,0,0,0,0,0,0,0,0,0,0,0,0,0,0,0,0,0,0,0,0,0,0,0,0,0,0,0,0,0,0,0,0,0,0,0,0,0,0,0,0,0,0,0,0,0,0,0,0,0,0,0,0,0,0,0,0,0,0,0,0,0,0,0,0,0,0,0,0,0,0,0,0,0,0,0,0,0,0,0,0,0,0,0,0,0,0,0,0,0,0,0,0,0,0,0,0,0,0,0,0,0,0,0,0,0,0,0,0,0,0,0,0,0,0,0,0,0,0,0,0,0,0,0,0,0,0,0,0,0,0,0,0,0,0,0,0,0,0,0,0,0,0,0,0,0,0,0,0,0,0,0,0,0,0,0,0,0,0,0,0,0,0,0,0,0,0,0,0,0,0,0,0,0,0,0,0,0,0,0,0,0,0,0,0,0,0,0,0,0,0,0,0,0,0,0,0,0,0,0,0,0,0,0,0,0,0,0,0,0,0,0,0,0,0,0,0,0,0,0,0,0,0,0,0,
0,0,0,0,0,0,0,0,0,0,0,0,0,0,0,0,0,0,0,0,0,0,0,0,0,0,0,0,0,0,0,0,0,0,0,0,0,0,0,0,0,0,0,0,0,0,0,0,0,0,0,0,0,0,0,0,0,0,0,0,0,0,0,0,0,0,0,0,0,0,0,0,0,0,0,0,0,0,0,0,0,0,0,0,0,0,0,0,0,0,0,0,0,0,0,0,0,0,0,0,0,0,0,0,0,0,0,0,0,0,0,0,0,0,0,0,0,0,0,0,0,0,0,0,0,0,0,0,0,0,0,0,0,0,0,0,0,0,0,0,0,0,0,0,0,0,0,0,0,0,0,0,0,0,0,0,0,0,0,0,0,0,0,0,0,0,0,0,0,0,0,0,0,0,0,0,0,0,0,0,0,0,0,0,0,0,0,0,0,0,0,0,0,0,0,0,0,0,0,0,0,0,0,0,0,0,0,0,0,0,0,0,0,0,0,0,0,0,0,0,0,0,0,0,0,0,0,0,0,0,0,0,0,0,0,0,0,0,0,0,0,0,0,0,0,0,0,0,0,0,0,0,0,0,0,0,0,0,0,0,0,0,0,0,0,0,0,0,0,0,0,0,0,0,0,0,0,0,0,0,0,0,0,0,0,0,0,0,0,0,0,0,0,0,0,0,0,0,0,0,0,0,0,0,0,0,0,0,0,0,0,0,0,0,0,0,0,0,0,0,0,0,0,0,0,0,0,0,0,0,0,0,0,0,0,0,0,0,0,0,0,0,0,0,0,0,0,0,0,0,0,0,0,0,0,0,0,0,0,0,0,0,0,0,0,0,0,0,0,0,0,0,0,0,0,0,0,0,0,0,0,0,0,0,0,0,0,0,0,0,0,0,0,0,0,0,0,0,0,0,0,0,0,0,0,0,0,0,0,0,0,0,0,0,0,0,0,0,0,0,0,0,0,0,0,0,0,0,0,0,0,0,0,0,0,0,0,0,0,0,0,0,0,0,0,0,0,0,0,0,0,0,0,0,0,0,0,0,0,0,0,0,0,0,0,0,0,0,0,0,0,0,0,0,0,0,0,0,0,0,0,0,0,0,0,0,0,0,0,0,0,0,0,0,0,0,0,0,0,0,0,0,0,0,0,0,0,0,0,0,0,0,0,0,0,0,0,0,0,0,0,0,0,0,0,0,0,0,0,0,0,0,0,0,0,0,0,0,0,0,0,0,0,0,0,0,0,0,0,0,0,0,0,0,0,0,0,0,0,0,0,0,0,0,0,0,0,0,0,0,0,0,0,0,0,0,0,0,0,0,0,0,0,0,0,0,0,0,0,0,0,0,0,0,0,0,0,0,0,0,0,0,0,0,0,0,0,0,0,0,0,0,0,0,0,0,0,0,0,0,0,0,0,0,0,
0,0,0,0,0,0,0,0,0,0,0,0,0,0,0,0,0,0,0,0,0,0,0,0,0,0,0,0,0,0,0,0,0,0,0,0,0,0,0,0,0,0,0,0,0,0,0,0,0,0,0,0,0,0,0,0,0,0,0,0,0,0,0,0,0,0,0,0,0,0,0,0,0,0,0,0,0,0,0,0,0,0,0,0,0,0,0,0,0,0,0,0,0,0,0,0,0,0,0,0,0,0,0,0,0,0,0,0,0,0,0,0,0,0,0,0,0,0,0,0,0,0,0,0,0,0,0,0,0,0,0,0,0,0,0,0,0,0,0,0,0,0,0,0,0,0,0,0,0,0,0,0,0,0,0,0,0,0,0,0,0,0,0,0,0,0,0,0,0,0,0,0,0,0,0,0,0,0,0,0,0,0,0,0,0,0,0,0,0,0,0,0,0,0,0,0,0,0,0,0,0,0,0,0,0,0,0,0,0,0,0,0,0,0,0,0,0,0,0,0,0,0,0,0,0,0,0,0,0,0,0,0,0,0,0,0,0,0,0,0,0,0,0,0,0,0,0,0,0,0,0,0,0,0,0,0,0,0,0,0,0,0,0,0,0,0,0,0,0,0,0,0,0,0,0,0,0,0,0,0,0,0,0,0,0,0,0,0,0,0,0,0,0,0,0,0,0,0,0,0,0,0,0,0,0,0,0,0,0,0,0,0,0,0,0,0,0,0,0,0,0,0,0,0,0,0,0,0,0,0,0,0,0,0,0,0,0,0,0,0,0,0,0,0,0,0,0,0,0,0,0,0,0,0,0,0,0,0,0,0,0,0,0,0,0,0,0,0,0,0,0,0,0,0,0,0,0,0,0,0,0,0,0,0,0,0,0,0,0,0,0,0,0,0,0,0,0,0,0,0,0,0,0,0,0,0,0,0,0,0,0,0,0,0,0,0,0,0,0,0,0,0,0,0,0,0,0,0,0,0,0,0,0,0,0,0,0,0,0,0,0,0,0,0,0,0,0,0,0,0,0,0,0,0,0,0,0,0,0,0,0,0,0,0,0,0,0,0,0,0,0,0,0,0,0,0,0,0,0,0,0,0,0,0,0,0,0,0,0,0,0,0,0,0,0,0,0,0,0,0,0,0,0,0,0,0,0,0,0,0,0,0,0,0,0,0,0,0,0,0,0,0,0,0,0,0,0,0,0,0,0,0,0,0,0,0,0,0,0,0,0,0,0,0,0,0,0,0,0,0,0,0,0,0,0,0,0,0,0,0,0,0,0,0,0,0,0,0,0,0,0,0,0,0,0,0,0,0,0,0,0,0,0,0,0,0,0,0,0,0,0,0,0,0,0,0,0,0,0,0,0,0,0,0,0,0,0,0,0,0,0,0,0,0,0,0,0,0,0,0,0,0,0,0,0,
0,0,0,0,0,0,0,0,0,0,0,0,0,0,0,0,0,0,0,0,0,0,0,0,0,0,0,0,0,0,0,0,0,0,0,0,0,0,0,0,0,0,0,0,0,0,0,0,0,0,0,0,0,0,0,0,0,0,0,0,0,0,0,0,0,0,0,0,0,0,0,0,0,0,0,0,0,0,0,0,0,0,0,0,0,0,0,0,0,0,0,0,0,0,0,0,0,0,0,0,0,0,0,0,0,0,0,0,0,0,0,0,0,0,0,0,0,0,0,0,0,0,0,0,0,0,0,0,0,0,0,0,0,0,0,0,0,0,0,0,0,0,0,0,0,0,0,0,0,0,0,0,0,0,0,0,0,0,0,0,0,0,0,0,0,0,0,0,0,0,0,0,0,0,0,0,0,0,0,0,0,0,0,0,0,0,0,0,0,0,0,0,0,0,0,0,0,0,0,0,0,0,0,0,0,0,0,0,0,0,0,0,0,0,0,0,0,0,0,0,0,0,0,0,0,0,0,0,0,0,0,0,0,0,0,0,0,0,0,0,0,0,0,0,0,0,0,0,0,0,0,0,0,0,0,0,0,0,0,0,0,0,0,0,0,0,0,0,0,0,0,0,0,0,0,0,0,0,0,0,0,0,0,0,0,0,0,0,0,0,0,0,0,0,0,0,0,0,0,0,0,0,0,0,0,0,0,0,0,0,0,0,0,0,0,0,0,0,0,0,0,0,0,0,0,0,0,0,0,0,0,0,0,0,0,0,0,0,0,0,0,0,0,0,0,0,0,0,0,0,0,0,0,0,0,0,0,0,0,0,0,0,0,0,0,0,0,0,0,0,0,0,0,0,0,0,0,0,0,0,0,0,0,0,0,0,0,0,0,0,0,0,0,0,0,0,0,0,0,0,0,0,0,0,0,0,0,0,0,0,0,0,0,0,0,0,0,0,0,0,0,0,0,0,0,0,0,0,0,0,0,0,0,0,0,0,0,0,0,0,0,0,0,0,0,0,0,0,0,0,0,0,0,0,0,0,0,0,0,0,0,0,0,0,0,0,0,0,0,0,0,0,0,0,0,0,0,0,0,0,0,0,0,0,0,0,0,0,0,0,0,0,0,0,0,0,0,0,0,0,0,0,0,0,0,0,0,0,0,0,0,0,0,0,0,0,0,0,0,0,0,0,0,0,0,0,0,0,0,0,0,0,0,0,0,0,0,0,0,0,0,0,0,0,0,0,0,0,0,0,0,0,0,0,0,0,0,0,0,0,0,0,0,0,0,0,0,0,0,0,0,0,0,0,0,0,0,0,0,0,0,0,0,0,0,0,0,0,0,0,0,0,0,0,0,0,0,0,0,0,0,0,0,0,0,0,0,0,0,0,0,0,0,0,0,0,0,0,0,0,0,0,0,0,0,
0,0,0,0,0,0,0,0,0,0,0,0,0,0,0,0,0,0,0,0,0,0,0,0,0,0,0,0,0,0,0,0,0,0,0,0,0,0,0,0,0,0,0,0,0,0,0,0,0,0,0,0,0,0,0,0,0,0,0,0,0,0,0,0,0,0,0,0,0,0,0,0,0,0,0,0,0,0,0,0,0,0,0,0,0,0,0,0,0,0,0,0,0,0,0,0,0,0,0,0,0,0,0,0,0,0,0,0,0,0,0,0,0,0,0,0,0,0,0,0,0,0,0,0,0,0,0,0,0,0,0,0,0,0,0,0,0,0,0,0,0,0,0,0,0,0,0,0,0,0,0,0,0,0,0,0,0,0,0,0,0,0,0,0,0,0,0,0,0,0,0,0,0,0,0,0,0,0,0,0,0,0,0,0,0,0,0,0,0,0,0,0,0,0,0,0,0,0,0,0,0,0,0,0,0,0,0,0,0,0,0,0,0,0,0,0,0,0,0,0,0,0,0,0,0,0,0,0,0,0,0,0,0,0,0,0,0,0,0,0,0,0,0,0,0,0,0,0,0,0,0,0,0,0,0,0,0,0,0,0,0,0,0,0,0,0,0,0,0,0,0,0,0,0,0,0,0,0,0,0,0,0,0,0,0,0,0,0,0,0,0,0,0,0,0,0,0,0,0,0,0,0,0,0,0,0,0,0,0,0,0,0,0,0,0,0,0,0,0,0,0,0,0,0,0,0,0,0,0,0,0,0,0,0,0,0,0,0,0,0,0,0,0,0,0,0,0,0,0,0,0,0,0,0,0,0,0,0,0,0,0,0,0,0,0,0,0,0,0,0,0,0,0,0,0,0,0,0,0,0,0,0,0,0,0,0,0,0,0,0,0,0,0,0,0,0,0,0,0,0,0,0,0,0,0,0,0,0,0,0,0,0,0,0,0,0,0,0,0,0,0,0,0,0,0,0,0,0,0,0,0,0,0,0,0,0,0,0,0,0,0,0,0,0,0,0,0,0,0,0,0,0,0,0,0,0,0,0,0,0,0,0,0,0,0,0,0,0,0,0,0,0,0,0,0,0,0,0,0,0,0,0,0,0,0,0,0,0,0,0,0,0,0,0,0,0,0,0,0,0,0,0,0,0,0,0,0,0,0,0,0,0,0,0,0,0,0,0,0,0,0,0,0,0,0,0,0,0,0,0,0,0,0,0,0,0,0,0,0,0,0,0,0,0,0,0,0,0,0,0,0,0,0,0,0,0,0,0,0,0,0,0,0,0,0,0,0,0,0,0,0,0,0,0,0,0,0,0,0,0,0,0,0,0,0,0,0,0,0,0,0,0,0,0,0,0,0,0,0,0,0,0,0,0,0,0,0,0,0,0,0,0,0,0,0,0,0,0,0,0,0,0,0,0,0,
0,0,0,0,0,0,0,0,0,0,0,0,0,0,0,0,0,0,0,0,0,0,0,0,0,0,0,0,0,0,0,0,0,0,0,0,0,0,0,0,0,0,0,0,0,0,0,0,0,0,0,0,0,0,0,0,0,0,0,0,0,0,0,0,0,0,0,0,0,0,0,0,0,0,0,0,0,0,0,0,0,0,0,0,0,0,0,0,0,0,0,0,0,0,0,0,0,0,0,0,0,0,0,0,0,0,0,0,0,0,0,0,0,0,0,0,0,0,0,0,0,0,0,0,0,0,0,0,0,0,0,0,0,0,0,0,0,0,0,0,0,0,0,0,0,0,0,0,0,0,0,0,0,0,0,0,0,0,0,0,0,0,0,0,0,0,0,0,0,0,0,0,0,0,0,0,0,0,0,0,0,0,0,0,0,0,0,0,0,0,0,0,0,0,0,0,0,0,0,0,0,0,0,0,0,0,0,0,0,0,0,0,0,0,0,0,0,0,0,0,0,0,0,0,0,0,0,0,0,0,0,0,0,0,0,0,0,0,0,0,0,0,0,0,0,0,0,0,0,0,0,0,0,0,0,0,0,0,0,0,0,0,0,0,0,0,0,0,0,0,0,0,0,0,0,0,0,0,0,0,0,0,0,0,0,0,0,0,0,0,0,0,0,0,0,0,0,0,0,0,0,0,0,0,0,0,0,0,0,0,0,0,0,0,0,0,0,0,0,0,0,0,0,0,0,0,0,0,0,0,0,0,0,0,0,0,0,0,0,0,0,0,0,0,0,0,0,0,0,0,0,0,0,0,0,0,0,0,0,0,0,0,0,0,0,0,0,0,0,0,0,0,0,0,0,0,0,0,0,0,0,0,0,0,0,0,0,0,0,0,0,0,0,0,0,0,0,0,0,0,0,0,0,0,0,0,0,0,0,0,0,0,0,0,0,0,0,0,0,0,0,0,0,0,0,0,0,0,0,0,0,0,0,0,0,0,0,0,0,0,0,0,0,0,0,0,0,0,0,0,0,0,0,0,0,0,0,0,0,0,0,0,0,0,0,0,0,0,0,0,0,0,0,0,0,0,0,0,0,0,0,0,0,0,0,0,0,0,0,0,0,0,0,0,0,0,0,0,0,0,0,0,0,0,0,0,0,0,0,0,0,0,0,0,0,0,0,0,0,0,0,0,0,0,0,0,0,0,0,0,0,0,0,0,0,0,0,0,0,0,0,0,0,0,0,0,0,0,0,0,0,0,0,0,0,0,0,0,0,0,0,0,0,0,0,0,0,0,0,0,0,0,0,0,0,0,0,0,0,0,0,0,0,0,0,0,0,0,0,0,0,0,0,0,0,0,0,0,0,0,0,0,0,0,0,0,0,0,0,0,0,0,0,0,0,0,0,0,0,0,0,0,0,0,0,
0,0,0,0,0,0,0,0,0,0,0,0,0,0,0,0,0,0,0,0,0,0,0,0,0,0,0,0,0,0,0,0,0,0,0,0,0,0,0,0,0,0,0,0,0,0,0,0,0,0,0,0,0,0,0,0,0,0,0,0,0,0,0,0,0,0,0,0,0,0,0,0,0,0,0,0,0,0,0,0,0,0,0,0,0,0,0,0,0,0,0,0,0,0,0,0,0,0,0,0,0,0,0,0,0,0,0,0,0,0,0,0,0,0,0,0,0,0,0,0,0,0,0,0,0,0,0,0,0,0,0,0,0,0,0,0,0,0,0,0,0,0,0,0,0,0,0,0,0,0,0,0,0,0,0,0,0,0,0,0,0,0,0,0,0,0,0,0,0,0,0,0,0,0,0,0,0,0,0,0,0,0,0,0,0,0,0,0,0,0,0,0,0,0,0,0,0,0,0,0,0,0,0,0,0,0,0,0,0,0,0,0,0,0,0,0,0,0,0,0,0,0,0,0,0,0,0,0,0,0,0,0,0,0,0,0,0,0,0,0,0,0,0,0,0,0,0,0,0,0,0,0,0,0,0,0,0,0,0,0,0,0,0,0,0,0,0,0,0,0,0,0,0,0,0,0,0,0,0,0,0,0,0,0,0,0,0,0,0,0,0,0,0,0,0,0,0,0,0,0,0,0,0,0,0,0,0,0,0,0,0,0,0,0,0,0,0,0,0,0,0,0,0,0,0,0,0,0,0,0,0,0,0,0,0,0,0,0,0,0,0,0,0,0,0,0,0,0,0,0,0,0,0,0,0,0,0,0,0,0,0,0,0,0,0,0,0,0,0,0,0,0,0,0,0,0,0,0,0,0,0,0,0,0,0,0,0,0,0,0,0,0,0,0,0,0,0,0,0,0,0,0,0,0,0,0,0,0,0,0,0,0,0,0,0,0,0,0,0,0,0,0,0,0,0,0,0,0,0,0,0,0,0,0,0,0,0,0,0,0,0,0,0,0,0,0,0,0,0,0,0,0,0,0,0,0,0,0,0,0,0,0,0,0,0,0,0,0,0,0,0,0,0,0,0,0,0,0,0,0,0,0,0,0,0,0,0,0,0,0,0,0,0,0,0,0,0,0,0,0,0,0,0,0,0,0,0,0,0,0,0,0,0,0,0,0,0,0,0,0,0,0,0,0,0,0,0,0,0,0,0,0,0,0,0,0,0,0,0,0,0,0,0,0,0,0,0,0,0,0,0,0,0,0,0,0,0,0,0,0,0,0,0,0,0,0,0,0,0,0,0,0,0,0,0,0,0,0,0,0,0,0,0,0,0,0,0,0,0,0,0,0,0,0,0,0,0,0,0,0,0,0,0,0,0,0,0,0,0,0,0,0,0,0,0,0,0,0,0,0,0,0,0,0,0,
