0,0,0,0,0,0,0,0,0,0,0,0,0,0,0,0,0,0,0,0,0,0,0,0,0,0,0,0,0,0,0,0,0,0,0,0,0,0,0,0,0,0,0,0,0,0,0,0,0,0,0,0,0,0,0,0,0,0,0,0,0,0,0,0,0,0,0,0,0,0,0,0,0,0,0,0,0,0,0,0,0,0,0,0,0,0,0,0,0,0,0,0,0,0,0,0,0,0,0,0,0,0,0,0,0,0,0,0,0,0,0,0,0,0,0,0,0,0,0,0,0,0,0,0,0,0,0,0,0,0,0,0,0,0,0,0,0,0,0,0,0,0,0,0,0,0,0,0,0,0,0,0,0,0,0,0,0,0,0,0,0,0,0,0,0,0,0,0,0,
0,0,0,0,0,0,0,0,0,0,0,0,0,0,0,0,0,0,0,0,0,0,0,0,0,0,0,0,0,0,0,0,0,0,0,0,0,0,0,0,0,0,0,0,0,0,0,0,0,0,0,0,0,0,0,0,0,0,0,0,0,0,0,0,0,0,0,0,0,0,0,0,0,0,0,0,0,0,0,0,0,0,0,0,0,0,0,0,0,0,0,0,0,0,0,0,0,0,0,0,0,0,0,0,0,0,0,0,0,0,48,0,0,0,0,0,0,0,0,0,0,0,48,3645,0,0,0,0,0,0,0,0,0,0,0,0,0,0,0,0,0,0,0,0,0,0,0,0,0,0,0,0,0,0,0,0,0,0,0,0,0,0,0,0,0,0,0,0,0,
0,0,0,0,0,0,0,0,0,0,0,0,0,0,0,0,0,0,0,0,0,0,0,0,0,0,0,0,0,0,0,0,0,0,0,0,0,0,0,0,0,0,0,0,0,0,0,0,0,0,0,0,0,0,0,0,0,0,0,0,0,0,0,0,0,0,0,0,0,0,0,0,0,0,0,0,0,0,0,0,0,0,0,0,0,0,0,0,0,0,0,0,0,0,0,0,0,0,0,0,0,0,0,0,0,0,0,0,0,0,48,0,0,0,0,0,0,0,0,0,0,0,48,3645,0,0,0,0,0,0,0,0,0,0,0,0,0,0,0,0,0,0,0,0,0,0,0,0,0,0,0,0,0,0,0,0,0,0,0,0,0,0,0,0,0,0,0,0,0,
0,0,0,0,0,0,0,0,0,0,0,0,0,0,0,0,0,0,0,0,0,0,0,0,0,0,0,0,0,0,0,0,0,0,0,0,0,0,0,0,0,0,0,0,0,0,0,0,0,0,0,0,0,0,0,0,0,0,0,0,0,0,0,0,0,0,0,0,0,0,0,0,0,0,0,0,0,0,0,0,0,0,0,0,0,0,0,0,0,0,0,0,0,0,0,0,0,0,0,0,0,0,0,0,0,0,0,0,0,0,48,0,0,0,0,0,0,0,0,0,0,0,48,3645,0,0,0,0,0,0,0,0,0,0,0,0,0,0,0,0,0,0,0,0,0,0,0,0,0,0,0,0,0,0,0,0,0,0,0,0,0,0,0,0,0,0,0,0,0,
0,0,0,0,0,0,0,0,0,0,0,0,0,0,0,0,0,0,0,0,0,0,0,0,0,0,0,0,0,0,0,0,0,0,0,0,0,0,0,0,0,0,0,0,0,0,0,0,0,0,0,0,0,0,0,0,0,0,0,0,0,0,0,0,0,0,0,0,0,0,0,0,0,0,0,0,0,0,0,0,0,0,0,0,0,0,0,0,0,0,0,0,0,0,0,0,64,64,48,0,0,0,0,0,0,0,0,0,64,4095,3982,3982,0,0,0,0,0,0,0,0,0,64,3998,224,3982,0,0,0,0,0,0,0,0,0,48,3982,3966,3613,0,0,0,0,0,0,0,0,0,0,0,0,0,0,0,0,0,0,0,0,0,0,0,0,0,0,0,0,0,0,0,
0,0,0,0,0,0,0,0,0,0,0,0,0,0,0,0,0,0,0,0,0,0,0,0,0,0,0,0,0,0,0,0,0,0,0,0,0,0,0,0,0,0,0,0,0,0,0,0,0,0,0,0,0,0,0,0,0,0,0,0,0,0,0,0,0,0,0,0,0,0,0,0,0,0,0,0,0,0,0,0,0,0,0,0,0,0,0,0,0,0,0,0,0,0,0,0,64,64,48,0,0,0,0,0,0,0,0,0,64,4095,3982,3982,0,0,0,0,0,0,0,0,0,64,3998,224,3982,0,0,0,0,0,0,0,0,0,48,3982,3966,3613,0,0,0,0,0,0,0,0,0,0,0,0,0,0,0,0,0,0,0,0,0,0,0,0,0,0,0,0,0,0,0,
0,0,0,0,0,0,0,0,0,0,0,0,0,0,0,0,0,0,0,0,0,0,0,0,0,0,0,0,0,0,0,0,0,0,0,0,0,0,0,0,0,0,0,0,0,0,0,0,0,0,0,0,0,0,0,0,0,0,0,0,0,0,0,0,0,0,0,0,0,0,0,0,0,0,0,0,0,0,0,0,0,0,0,0,0,0,0,0,0,0,0,0,0,0,0,0,80,64,48,0,0,0,0,0,0,0,0,0,64,4095,3982,3982,0,0,0,0,0,0,0,0,0,64,3982,224,3982,0,0,0,0,0,0,0,0,0,48,3950,3982,3549,0,0,0,0,0,0,0,0,0,0,0,0,0,0,0,0,0,0,0,0,0,0,0,0,0,0,0,0,0,0,0,
0,0,0,0,0,0,0,0,0,0,0,0,0,0,0,0,0,0,0,0,0,0,0,0,0,0,0,0,0,0,0,0,0,0,0,0,0,0,0,0,0,0,0,0,0,0,0,0,0,0,0,0,0,0,0,0,0,0,0,0,0,0,0,0,0,0,0,0,0,0,0,0,0,0,0,0,0,0,0,0,0,0,0,0,0,0,0,0,0,0,0,0,0,0,0,0,64,64,48,0,0,0,0,0,0,0,0,0,64,4078,3982,3982,0,0,0,0,0,0,0,0,0,64,3982,208,3982,0,0,0,0,0,0,0,0,0,48,3982,3966,3629,0,0,0,0,0,0,0,0,0,0,0,0,0,0,0,0,0,0,0,0,0,0,0,0,0,0,0,0,0,0,0,
0,0,0,0,0,0,0,0,0,0,0,0,0,0,0,0,0,0,0,0,0,0,0,0,0,0,0,0,0,0,0,0,0,0,0,0,0,0,0,0,0,0,0,0,0,0,0,0,0,0,0,0,0,0,0,0,0,0,0,0,0,0,0,0,0,0,0,0,0,0,0,0,0,0,0,0,0,0,0,0,0,0,0,0,0,0,0,0,0,0,0,0,0,0,0,0,64,64,48,0,0,0,0,0,0,0,0,0,64,4078,3982,3982,0,0,0,0,0,0,0,0,0,64,3982,208,3982,0,0,0,0,0,0,0,0,0,48,3982,3966,3629,0,0,0,0,0,0,0,0,0,0,0,0,0,0,0,0,0,0,0,0,0,0,0,0,0,0,0,0,0,0,0,
0,0,0,0,0,0,0,0,0,0,0,0,0,0,0,0,0,0,0,0,0,0,0,0,0,0,0,0,0,0,0,0,0,0,0,0,0,0,0,0,0,0,0,0,0,0,0,0,0,0,0,0,0,0,0,0,0,0,0,0,0,0,0,0,0,0,0,0,0,0,0,0,0,0,0,0,0,0,0,0,0,0,0,0,0,0,0,0,0,0,0,0,0,0,0,0,64,64,48,0,0,0,0,0,0,0,0,0,64,4078,3982,3982,0,0,0,0,0,0,0,0,0,64,3982,208,3982,0,0,0,0,0,0,0,0,0,48,3982,3966,3629,0,0,0,0,0,0,0,0,0,0,0,0,0,0,0,0,0,0,0,0,0,0,0,0,0,0,0,0,0,0,0,
0,0,0,0,0,0,0,0,0,0,0,0,0,0,0,0,0,0,0,0,0,0,0,0,0,0,0,0,0,0,0,0,0,0,0,0,0,0,0,0,0,0,0,0,0,0,0,0,0,0,0,0,0,0,0,0,0,0,0,0,0,0,0,0,0,0,0,0,0,0,0,0,0,0,0,0,0,0,0,0,0,0,0,0,0,0,0,0,0,0,0,0,0,0,0,0,64,64,48,0,0,0,0,0,0,0,0,0,64,4095,3982,3982,0,0,0,0,0,0,0,0,0,64,3982,224,3982,0,0,0,0,0,0,0,0,0,48,3982,3966,3613,0,0,0,0,0,0,0,0,0,0,0,0,0,0,0,0,0,0,0,0,0,0,0,0,0,0,0,0,0,0,0,
0,0,0,0,0,0,0,0,0,0,0,0,0,0,0,0,0,0,0,0,0,0,0,0,0,0,0,0,0,0,0,0,0,0,0,0,0,0,0,0,0,0,0,0,0,0,0,0,0,0,0,0,0,0,0,0,0,0,0,0,0,0,0,0,0,0,0,0,0,0,0,0,0,0,0,0,0,0,0,0,0,0,0,0,0,0,0,0,0,0,0,0,0,0,0,0,64,64,48,0,0,0,0,0,0,0,0,0,64,4078,3982,3982,0,0,0,0,0,0,0,0,0,64,3998,208,3982,0,0,0,0,0,0,0,0,0,48,3982,3966,3645,0,0,0,0,0,0,0,0,0,0,0,0,0,0,0,0,0,0,0,0,0,0,0,0,0,0,0,0,0,0,0,
0,0,0,0,0,0,0,0,0,0,0,0,0,0,0,0,0,0,0,0,0,0,0,0,0,0,0,0,0,0,0,0,0,0,0,0,0,0,0,0,0,0,0,0,0,0,0,0,0,0,0,0,0,0,0,0,0,0,0,0,0,0,0,0,0,0,0,0,0,0,0,0,0,0,0,0,0,0,0,0,0,0,0,0,0,0,0,0,0,0,0,0,0,0,0,0,64,64,48,0,0,0,0,0,0,0,0,0,64,4078,3982,3982,0,0,0,0,0,0,0,0,0,64,3998,208,3982,0,0,0,0,0,0,0,0,0,48,3982,3966,3645,0,0,0,0,0,0,0,0,0,0,0,0,0,0,0,0,0,0,0,0,0,0,0,0,0,0,0,0,0,0,0,
0,0,0,0,0,0,0,0,0,0,0,0,0,0,0,0,0,0,0,0,0,0,0,0,0,0,0,0,0,0,0,0,0,0,0,0,0,0,0,0,0,0,0,0,0,0,0,0,0,0,0,0,0,0,0,0,0,0,0,0,0,0,0,0,0,0,0,0,0,0,0,0,0,0,0,0,0,0,0,0,0,0,0,0,0,0,0,0,0,0,0,0,0,0,0,0,64,64,48,0,0,0,0,0,0,0,0,0,64,4078,3982,3982,0,0,0,0,0,0,0,0,0,64,3998,208,3982,0,0,0,0,0,0,0,0,0,48,3982,3966,3645,0,0,0,0,0,0,0,0,0,0,0,0,0,0,0,0,0,0,0,0,0,0,0,0,0,0,0,0,0,0,0,
0,0,0,0,0,0,0,0,0,0,0,0,0,0,0,0,0,0,0,0,0,0,0,0,0,0,0,0,0,0,0,0,0,0,0,0,0,0,0,0,0,0,0,0,0,0,0,0,0,0,0,0,0,0,0,0,0,0,0,0,0,0,0,0,0,0,0,0,0,0,0,0,0,0,0,0,0,0,0,0,0,0,0,0,0,0,0,0,0,0,0,0,0,0,0,0,64,64,48,0,0,0,0,0,0,0,0,0,64,4078,3982,3982,0,0,0,0,0,0,0,0,0,64,3998,208,3982,0,0,0,0,0,0,0,0,0,48,3982,3966,3645,0,0,0,0,0,0,0,0,0,0,0,0,0,0,0,0,0,0,0,0,0,0,0,0,0,0,0,0,0,0,0,
0,0,0,0,0,0,0,0,0,0,0,0,0,0,0,0,0,0,0,0,0,0,0,0,0,0,0,0,0,0,0,0,0,0,0,0,0,0,0,0,0,0,0,0,0,0,0,0,0,0,0,0,0,0,0,0,0,0,0,0,0,0,0,0,0,0,0,0,0,0,0,0,0,0,0,0,0,0,0,0,0,0,0,0,0,0,0,0,0,0,0,0,0,0,0,0,64,64,48,0,0,0,0,0,0,0,0,0,64,4078,3982,3982,0,0,0,0,0,0,0,0,0,64,3998,208,3982,0,0,0,0,0,0,0,0,0,48,3982,3966,3645,0,0,0,0,0,0,0,0,0,0,0,0,0,0,0,0,0,0,0,0,0,0,0,0,0,0,0,0,0,0,0,
0,0,0,0,0,0,0,0,0,0,0,0,0,0,0,0,0,0,0,0,0,0,0,0,0,0,0,0,0,0,0,0,0,0,0,0,0,0,0,0,0,0,0,0,0,0,0,0,0,0,0,0,0,0,0,0,0,0,0,0,0,0,0,0,0,0,0,0,0,0,0,0,0,0,0,0,0,0,0,0,0,0,0,64,64,48,0,0,0,0,0,0,0,0,0,176,3982,3998,4014,48,0,0,0,0,0,0,0,64,3966,0,48,4014,3982,0,0,0,0,0,0,0,64,3966,0,0,64,3982,0,0,0,0,0,0,0,48,3709,64,64,176,3645,0,0,0,0,0,0,0,0,48,3966,3982,3645,0,0,0,0,0,0,0,0,0,0,0,0,0,0,0,0,0,0,
0,0,0,0,0,0,0,0,0,0,0,0,0,0,0,0,0,0,0,0,0,0,0,0,0,0,0,0,0,0,0,0,0,0,0,0,0,0,0,0,0,0,0,0,0,0,0,0,0,0,0,0,0,0,0,0,0,0,0,0,0,0,0,0,0,0,0,0,0,0,0,0,0,0,0,0,0,0,0,0,0,0,0,64,64,48,0,0,0,0,0,0,0,0,0,176,3982,3998,4014,48,0,0,0,0,0,0,0,64,3966,0,48,4014,3982,0,0,0,0,0,0,0,64,3966,0,0,64,3982,0,0,0,0,0,0,0,48,3709,64,64,176,3645,0,0,0,0,0,0,0,0,48,3966,3982,3645,0,0,0,0,0,0,0,0,0,0,0,0,0,0,0,0,0,0,
0,0,0,0,0,0,0,0,0,0,0,0,0,0,0,0,0,0,0,0,0,0,0,0,0,0,0,0,0,0,0,0,0,0,0,0,0,0,0,0,0,0,0,0,0,0,0,0,0,0,0,0,0,0,0,0,0,0,0,0,0,0,0,0,0,0,0,0,0,0,0,0,0,0,0,0,0,0,0,0,0,0,0,64,64,64,48,0,0,0,0,0,0,0,0,176,3982,4095,3982,3982,0,0,0,0,0,0,0,64,3966,64,3998,208,3982,0,0,0,0,0,0,0,64,3982,48,3982,3982,3982,0,0,0,0,0,0,0,48,3709,64,64,176,3645,0,0,0,0,0,0,0,0,48,3966,3982,3645,0,0,0,0,0,0,0,0,0,0,0,0,0,0,0,0,0,0,
0,0,0,0,0,0,0,0,0,0,0,0,0,0,0,0,0,0,0,0,0,0,0,0,0,0,0,0,0,0,0,0,0,0,0,0,0,0,0,0,0,0,0,0,0,0,0,0,0,0,0,0,0,0,0,0,0,0,0,0,0,0,0,0,0,0,0,0,0,0,0,0,0,0,0,0,0,0,0,0,0,0,0,64,64,64,48,0,0,0,0,0,0,0,0,176,3982,4095,3982,3966,0,0,0,0,0,0,0,64,3966,64,3982,208,3982,0,0,0,0,0,0,0,64,3982,48,3982,4014,3982,0,0,0,0,0,0,0,48,3709,64,64,176,3645,0,0,0,0,0,0,0,0,48,3966,3982,3645,0,0,0,0,0,0,0,0,0,0,0,0,0,0,0,0,0,0,
0,0,0,0,0,0,0,0,0,0,0,0,0,0,0,0,0,0,0,0,0,0,0,0,0,0,0,0,0,0,0,0,0,0,0,0,0,0,0,0,0,0,0,0,0,0,0,0,0,0,0,0,0,0,0,0,0,0,0,0,0,0,0,0,0,0,0,0,0,0,0,0,0,0,0,0,0,0,0,0,0,0,0,64,64,64,48,0,0,0,0,0,0,0,0,176,3982,4095,3982,3966,0,0,0,0,0,0,0,64,3966,64,3982,208,3982,0,0,0,0,0,0,0,64,3982,48,3982,4014,3982,0,0,0,0,0,0,0,48,3709,64,64,176,3645,0,0,0,0,0,0,0,0,48,3966,3982,3645,0,0,0,0,0,0,0,0,0,0,0,0,0,0,0,0,0,0,
0,0,0,0,0,0,0,0,0,0,0,0,0,0,0,0,0,0,0,0,0,0,0,0,0,0,0,0,0,0,0,0,0,0,0,0,0,0,0,0,0,0,0,0,0,0,0,0,0,0,0,0,0,0,0,0,0,0,0,0,0,0,0,0,0,0,0,0,0,0,0,0,0,0,0,0,0,0,0,0,0,0,0,64,64,64,48,0,0,0,0,0,0,0,0,176,3982,4095,3982,3966,0,0,0,0,0,0,0,64,3966,64,3982,208,3982,0,0,0,0,0,0,0,64,3982,48,3982,4014,3982,0,0,0,0,0,0,0,48,3709,64,64,176,3645,0,0,0,0,0,0,0,0,48,3966,3982,3645,0,0,0,0,0,0,0,0,0,0,0,0,0,0,0,0,0,0,
0,0,0,0,0,0,0,0,0,0,0,0,0,0,0,0,0,0,0,0,0,0,0,0,0,0,0,0,0,0,0,0,0,0,0,0,0,0,0,0,0,0,0,0,0,0,0,0,0,0,0,0,0,0,0,0,0,0,0,0,0,0,0,0,0,0,0,0,0,0,0,0,0,0,0,0,0,0,0,0,0,0,0,64,48,64,48,0,0,0,0,0,0,0,0,176,3982,4095,3982,3966,0,0,0,0,0,0,0,64,3966,64,3982,208,3982,0,0,0,0,0,0,0,64,3982,48,3982,3998,3982,0,0,0,0,0,0,0,48,3709,64,64,176,3645,0,0,0,0,0,0,0,0,48,3966,3982,3645,0,0,0,0,0,0,0,0,0,0,0,0,0,0,0,0,0,0,
0,0,0,0,0,0,0,0,0,0,0,0,0,0,0,0,0,0,0,0,0,0,0,0,0,0,0,0,0,0,0,0,0,0,0,0,0,0,0,0,0,0,0,0,0,0,0,0,0,0,0,0,0,0,0,0,0,0,0,0,0,0,0,0,0,0,0,0,0,0,0,0,0,0,0,0,0,0,0,0,0,0,0,64,64,64,48,0,0,0,0,0,0,0,0,176,3982,4095,3982,3966,0,0,0,0,0,0,0,64,3966,64,3998,208,3982,0,0,0,0,0,0,0,64,3982,48,3982,3998,3982,0,0,0,0,0,0,0,48,3709,64,64,176,3645,0,0,0,0,0,0,0,0,48,3966,3982,3645,0,0,0,0,0,0,0,0,0,0,0,0,0,0,0,0,0,0,
0,0,0,0,0,0,0,0,0,0,0,0,0,0,0,0,0,0,0,0,0,0,0,0,0,0,0,0,0,0,0,0,0,0,0,0,0,0,0,0,0,0,0,0,0,0,0,0,0,0,0,0,0,0,0,0,0,0,0,0,0,0,0,0,0,0,0,0,0,0,0,0,0,0,0,0,0,0,0,0,0,0,0,64,64,64,48,0,0,0,0,0,0,0,0,176,3982,4095,3982,3966,0,0,0,0,0,0,0,64,3966,64,3998,208,3982,0,0,0,0,0,0,0,64,3982,48,3982,3998,3982,0,0,0,0,0,0,0,48,3709,64,64,176,3645,0,0,0,0,0,0,0,0,48,3966,3982,3645,0,0,0,0,0,0,0,0,0,0,0,0,0,0,0,0,0,0,
0,0,0,0,0,0,0,0,0,0,0,0,0,0,0,0,0,0,0,0,0,0,0,0,0,0,0,0,0,0,0,0,0,0,0,0,0,0,0,0,0,0,0,0,0,0,0,0,0,0,0,0,0,0,0,0,0,0,0,0,0,0,0,0,0,0,0,0,0,0,0,0,0,0,0,0,0,0,0,0,0,0,0,64,64,64,48,0,0,0,0,0,0,0,0,176,3982,4095,3982,3966,0,0,0,0,0,0,0,64,3966,64,3998,208,3982,0,0,0,0,0,0,0,64,3982,48,3982,3998,3982,0,0,0,0,0,0,0,48,3709,64,64,176,3645,0,0,0,0,0,0,0,0,48,3966,3982,3645,0,0,0,0,0,0,0,0,0,0,0,0,0,0,0,0,0,0,
0,0,0,0,0,0,0,0,0,0,0,0,0,0,0,0,0,0,0,0,0,0,0,0,0,0,0,0,0,0,0,0,0,0,0,0,0,0,0,0,0,0,0,0,0,0,0,0,0,0,0,0,0,0,0,0,0,0,0,0,0,0,0,0,0,0,0,0,0,0,64,64,64,48,0,0,0,0,0,0,0,0,208,4078,3982,3982,3998,48,0,0,0,0,0,0,176,3982,3982,0,48,3982,3950,0,0,0,0,0,64,3966,64,3950,0,0,64,3982,0,0,0,0,0,64,3982,48,3725,64,64,240,3982,0,0,0,0,0,48,3725,48,48,3982,3998,4078,3645,0,0,0,0,0,0,48,3725,64,64,176,3677,0,0,0,0,0,0,0,0,48,3966,3982,3645,0,0,0,0,0,
0,0,0,0,0,0,0,0,0,0,0,0,0,0,0,0,0,0,0,0,0,0,0,0,0,0,0,0,0,0,0,0,0,0,0,0,0,0,0,0,0,0,0,0,0,0,0,0,0,0,0,0,0,0,0,0,0,0,0,0,0,0,0,0,0,0,0,0,0,0,64,64,64,48,0,0,0,0,0,0,0,0,208,4095,3982,3982,3998,48,0,0,0,0,0,0,176,3982,3982,0,48,3998,3982,0,0,0,0,0,64,3982,64,3966,0,0,64,3982,0,0,0,0,0,64,3966,48,3709,48,64,224,3982,0,0,0,0,0,48,3725,48,48,3982,3998,4078,3645,0,0,0,0,0,0,48,3725,64,64,176,3645,0,0,0,0,0,0,0,0,48,3966,3982,3645,0,0,0,0,0,
0,0,0,0,0,0,0,0,0,0,0,0,0,0,0,0,0,0,0,0,0,0,0,0,0,0,0,0,0,0,0,0,0,0,0,0,0,0,0,0,0,0,0,0,0,0,0,0,0,0,0,0,0,0,0,0,0,0,0,0,0,0,0,0,0,0,0,0,0,0,64,64,64,48,0,0,0,0,0,0,0,0,208,4095,3982,3982,3998,48,0,0,0,0,0,0,176,3982,3982,0,48,3998,3982,0,0,0,0,0,64,3982,64,3966,0,0,64,3982,0,0,0,0,0,64,3966,48,3709,64,64,224,3982,0,0,0,0,0,48,3725,48,48,3982,3998,4078,3645,0,0,0,0,0,0,48,3725,64,64,176,3645,0,0,0,0,0,0,0,0,48,3966,3982,3645,0,0,0,0,0,
0,0,0,0,0,0,0,0,0,0,0,0,0,0,0,0,0,0,0,0,0,0,0,0,0,0,0,0,0,0,0,0,0,0,0,0,0,0,0,0,0,0,0,0,0,0,0,0,0,0,0,0,0,0,0,0,0,0,0,0,0,0,0,0,0,0,0,0,0,0,64,64,64,48,0,0,0,0,0,0,0,0,208,4095,3982,3982,3998,48,0,0,0,0,0,0,176,3982,3982,0,48,3998,3982,0,0,0,0,0,64,3982,64,3966,0,0,64,3982,0,0,0,0,0,64,3966,48,3709,64,64,224,3982,0,0,0,0,0,48,3709,48,48,3982,3998,4078,3645,0,0,0,0,0,0,48,3725,64,64,176,3645,0,0,0,0,0,0,0,0,48,3966,3982,3645,0,0,0,0,0,
0,0,0,0,0,0,0,0,0,0,0,0,0,0,0,0,0,0,0,0,0,0,0,0,0,0,0,0,0,0,0,0,0,0,0,0,0,0,0,0,0,0,0,0,0,0,0,0,0,0,0,0,0,0,0,0,0,0,48,0,0,0,0,0,0,0,0,0,0,0,208,3982,64,48,0,0,0,0,0,0,0,0,208,4078,3982,3982,3998,48,0,0,0,0,0,0,176,3982,3982,0,48,3982,3982,0,0,0,0,0,64,3966,64,3966,0,0,64,3982,0,0,0,0,0,64,3982,48,3709,64,64,224,3982,0,0,0,0,0,48,3709,48,48,3982,3998,4078,3645,0,0,0,0,0,0,48,3725,64,64,176,3677,0,0,0,0,0,0,0,0,48,3966,3982,3645,0,0,0,0,0,
0,0,0,0,0,0,0,0,0,0,0,0,0,0,0,0,0,0,0,0,0,0,0,0,0,0,0,0,0,0,0,0,0,0,0,0,0,0,0,0,0,0,0,0,0,0,0,0,0,0,0,0,0,0,0,0,0,0,48,0,0,0,0,0,0,0,0,0,0,0,208,3982,64,48,0,0,0,0,0,0,0,0,208,4078,3982,3982,3998,48,0,0,0,0,0,0,176,3982,3982,0,48,3982,3982,0,0,0,0,0,64,3966,64,3966,0,0,64,3982,0,0,0,0,0,64,3982,48,3709,64,64,224,3982,0,0,0,0,0,48,3709,48,48,3982,3998,4078,3645,0,0,0,0,0,0,48,3725,64,64,176,3677,0,0,0,0,0,0,0,0,48,3966,3982,3645,0,0,0,0,0,
0,0,0,0,0,0,0,0,0,0,0,0,0,0,0,0,0,0,0,0,0,0,0,0,0,0,0,0,0,0,0,0,0,0,0,0,0,0,0,0,0,0,0,0,0,0,0,0,0,0,0,0,0,0,0,0,0,0,64,64,48,0,0,0,0,0,0,0,0,0,208,4095,4095,3725,48,0,0,0,0,0,0,0,176,3966,3982,3709,176,3725,48,0,0,0,0,0,208,3966,0,0,48,3725,224,3950,0,0,0,0,64,4095,3982,0,0,0,64,4095,3966,0,0,0,0,64,4095,3709,48,0,0,64,4095,3645,0,0,0,0,48,3725,176,3709,48,64,176,3645,0,0,0,0,0,0,48,3725,208,4095,4095,3645,0,0,0,0,0,0,0,0,48,3982,3966,3645,0,0,0,0,0,
0,0,0,0,0,0,0,0,0,0,0,0,0,0,0,0,0,0,0,0,0,0,0,0,0,0,0,0,0,0,0,0,0,0,0,0,0,0,0,0,0,0,0,0,0,0,0,0,0,0,0,0,0,0,0,0,0,0,64,64,48,0,0,0,0,0,0,0,0,0,208,4095,4095,3725,48,0,0,0,0,0,0,0,176,3966,3982,3709,176,3725,48,0,0,0,0,0,208,3966,0,0,48,3725,224,3950,0,0,0,0,64,4095,3982,0,0,0,64,4095,3966,0,0,0,0,64,4095,3709,48,0,0,64,4095,3645,0,0,0,0,48,3725,176,3709,48,64,176,3645,0,0,0,0,0,0,48,3725,208,4095,4095,3645,0,0,0,0,0,0,0,0,48,3982,3966,3645,0,0,0,0,0,
0,0,0,0,0,0,0,0,0,0,0,0,0,0,0,0,0,0,0,0,0,0,0,0,0,0,0,0,0,0,0,0,0,0,0,0,0,0,0,0,0,0,0,0,0,0,0,0,0,0,0,0,0,0,0,0,0,0,64,64,48,0,0,0,0,0,0,0,0,0,208,4095,4095,3725,48,0,0,0,0,0,0,0,176,3966,3982,3709,176,3725,48,0,0,0,0,0,208,3966,0,0,48,3725,224,3950,0,0,0,0,64,4095,3982,0,0,0,64,4095,3966,0,0,0,0,64,4095,3709,48,0,0,64,4095,3645,0,0,0,0,48,3725,176,3709,48,64,176,3645,0,0,0,0,0,0,48,3725,208,4095,4095,3645,0,0,0,0,0,0,0,0,48,3982,3966,3645,0,0,0,0,0,
0,0,0,0,0,0,0,0,0,0,0,0,0,0,0,0,0,0,0,0,0,0,0,0,0,0,0,0,0,0,0,0,0,0,0,0,0,0,0,0,0,0,0,0,0,0,0,0,0,0,0,0,0,0,0,0,0,0,64,64,48,0,0,0,0,0,0,0,0,0,208,4095,4095,3725,48,0,0,0,0,0,0,0,176,3966,3982,3709,176,3725,48,0,0,0,0,0,208,3966,0,0,48,3725,224,3950,0,0,0,0,64,4095,3982,0,0,0,64,4095,3966,0,0,0,0,64,4095,3709,48,0,0,64,4095,3645,0,0,0,0,48,3725,176,3709,48,64,176,3645,0,0,0,0,0,0,48,3725,208,4095,4095,3645,0,0,0,0,0,0,0,0,48,3982,3966,3645,0,0,0,0,0,
0,0,0,0,0,0,0,0,0,0,0,0,0,0,0,0,0,0,0,0,0,0,0,0,0,0,0,0,0,0,0,0,0,0,0,0,0,0,0,0,0,0,0,0,64,64,48,0,0,0,0,0,0,0,0,0,64,4095,4095,3982,48,0,0,0,0,0,0,0,0,64,4095,4095,4095,3725,48,0,0,0,0,0,0,0,176,3982,3982,3709,176,3709,48,0,0,0,0,0,208,3966,0,0,48,3725,224,3950,0,0,0,0,64,4095,3966,0,0,0,64,4095,3966,0,0,0,0,64,4078,3725,48,0,0,64,4095,3645,0,0,0,0,48,3725,176,3709,48,64,176,3645,0,0,0,0,0,0,48,3725,208,4095,4095,3645,0,0,0,0,0,0,0,0,48,3982,3966,3645,0,0,0,0,0,
0,0,0,0,0,0,0,0,0,0,0,0,0,0,0,0,0,0,0,0,0,0,0,0,0,0,0,0,0,0,0,0,0,0,0,0,0,0,0,0,0,0,0,0,64,64,48,0,0,0,0,0,0,0,0,0,64,4095,4095,3982,48,0,0,0,0,0,0,0,0,64,4095,4095,4095,3725,48,0,0,0,0,0,0,0,176,3982,3982,3709,176,3709,48,0,0,0,0,0,208,3966,0,0,48,3725,224,3950,0,0,0,0,64,4095,3966,0,0,0,64,4095,3966,0,0,0,0,64,4078,3725,48,0,0,64,4095,3645,0,0,0,0,48,3725,176,3709,48,64,176,3645,0,0,0,0,0,0,48,3725,208,4095,4095,3645,0,0,0,0,0,0,0,0,48,3982,3966,3645,0,0,0,0,0,
0,0,0,0,0,0,0,0,0,0,0,0,0,0,0,0,0,0,0,0,0,0,0,0,0,0,0,0,0,0,0,0,0,0,0,0,0,0,0,0,0,0,0,0,64,64,48,0,0,0,0,0,0,0,0,0,64,4095,4095,3982,48,0,0,0,0,0,0,0,48,64,4095,4095,4095,3725,48,0,0,0,0,0,48,3741,176,3966,3982,3645,48,3725,48,0,0,0,0,48,64,3966,0,0,0,0,64,3950,0,0,0,64,3966,64,3966,0,0,0,0,64,3966,0,0,0,64,3982,48,3709,48,0,0,0,208,3982,0,0,0,48,3629,0,48,3709,64,64,176,3982,3629,0,0,0,0,0,48,0,48,3966,3966,3709,48,0,0,0,0,0,0,0,0,64,48,48,48,0,0,0,0,
0,0,0,0,0,0,0,0,0,0,0,0,0,0,0,0,0,0,0,0,0,0,0,0,0,0,0,0,0,0,0,0,0,0,0,0,0,0,0,0,0,0,0,0,64,64,48,0,0,0,0,0,0,0,0,0,64,4095,4095,3982,48,0,0,0,0,0,0,0,48,64,4095,4095,4095,3725,48,0,0,0,0,0,48,3741,176,3966,3982,3645,48,3725,48,0,0,0,0,48,64,3966,0,0,0,0,64,3950,0,0,0,64,3966,64,3966,0,0,0,0,64,3966,0,0,0,64,3982,48,3709,48,0,0,0,208,3982,0,0,0,48,3629,0,48,3709,64,64,176,3982,3629,0,0,0,0,0,48,0,48,3966,3966,3709,48,0,0,0,0,0,0,0,0,64,48,48,48,0,0,0,0,
0,0,0,0,0,0,0,0,0,0,0,0,0,0,0,0,0,0,0,0,0,0,0,0,0,0,0,0,0,0,0,0,0,0,0,0,0,0,0,0,0,0,0,0,64,64,64,48,0,0,0,0,0,0,0,0,208,4095,4095,4095,3645,0,48,0,0,0,0,0,176,3982,4095,4095,3982,0,176,3645,0,0,0,0,64,3966,48,3966,3982,3645,48,3645,0,48,0,0,0,208,3982,0,0,0,0,0,0,208,3982,0,0,64,4095,3966,0,0,0,0,0,64,4095,3982,0,0,64,4095,3645,0,0,0,0,0,64,4078,3645,0,0,48,3645,0,48,0,0,0,0,64,3966,0,0,0,0,0,176,3645,0,64,64,64,176,3645,0,0,0,0,0,0,0,224,4095,4095,3982,0,0,0,0,
0,0,0,0,0,0,0,0,0,0,0,0,0,0,0,0,0,0,0,0,0,0,0,0,0,0,0,0,0,0,0,0,0,0,0,0,0,0,0,0,0,0,0,0,64,64,64,48,0,0,0,0,0,0,0,0,208,4095,4095,4095,3645,0,48,0,0,0,0,0,176,3982,4095,4095,3982,0,176,3645,0,0,0,0,64,3966,48,3966,3982,3645,48,3645,0,48,0,0,0,208,3982,0,0,0,0,0,0,208,3982,0,0,64,4095,3966,0,0,0,0,0,64,4095,3982,0,0,64,4095,3645,0,0,0,0,0,64,4078,3645,0,0,48,3645,0,48,0,0,0,0,64,3966,0,0,0,0,0,176,3645,0,64,64,64,176,3645,0,0,0,0,0,0,0,224,4095,4095,3982,0,0,0,0,
0,0,0,0,0,0,0,0,0,0,0,0,0,0,0,0,0,0,0,0,0,0,0,0,0,0,0,0,0,0,0,64,64,48,0,0,0,0,0,0,0,0,0,176,3982,4095,3982,48,0,0,0,0,0,0,0,64,3982,208,4095,4095,3982,0,48,0,0,0,0,0,208,4095,3966,3982,3998,3982,176,3645,0,0,0,0,64,4078,3725,64,64,176,3982,3645,0,48,0,0,0,208,3982,48,3982,3950,3645,0,0,208,3966,0,0,64,4095,3982,0,0,0,0,0,64,4095,3982,0,0,64,4095,3645,0,0,0,0,0,64,4078,3645,0,0,48,3645,0,48,0,0,0,0,64,3966,0,0,0,0,0,176,3645,0,64,64,64,176,3645,0,0,0,0,0,0,0,224,4095,4095,3982,0,0,0,0,
0,0,0,0,0,0,0,0,0,0,0,0,0,0,0,0,0,0,0,0,0,0,0,0,0,0,0,0,0,0,0,64,64,48,0,0,0,0,0,0,0,0,0,176,3982,4095,3982,48,0,0,0,0,0,0,0,64,3982,208,4095,4095,3982,0,48,0,0,0,0,0,208,4095,3966,3982,3998,3982,176,3645,0,0,0,0,64,4078,3725,64,64,176,3982,3645,0,48,0,0,0,208,3982,48,3982,3950,3645,0,0,208,3966,0,0,64,4095,3982,0,0,0,0,0,64,4095,3982,0,0,64,4095,3645,0,0,0,0,0,64,4078,3645,0,0,48,3645,0,48,0,0,0,0,64,3966,0,0,0,0,0,176,3645,0,64,64,64,176,3645,0,0,0,0,0,0,0,224,4095,4095,3982,0,0,0,0,
0,0,0,0,0,0,0,0,0,0,0,0,0,0,0,0,0,0,0,0,0,0,0,0,0,0,0,0,0,0,0,64,64,48,0,0,0,0,0,0,0,0,0,176,3982,4095,3982,48,0,0,0,0,0,0,0,64,3982,208,4095,4095,3982,0,48,0,0,0,0,0,208,4095,3966,3982,3998,3982,176,3645,0,0,0,0,64,4078,3725,64,64,176,3982,3645,0,48,0,0,0,208,3982,48,3982,3950,3645,0,0,208,3982,0,0,64,4095,3982,0,0,0,0,0,64,4095,3982,0,0,64,4095,3645,0,0,0,0,0,64,4078,3645,0,0,48,3645,0,48,0,0,0,0,64,3966,0,0,0,0,0,176,3645,0,64,64,64,176,3645,0,0,0,0,0,0,0,224,4095,4095,3982,0,0,0,0,
0,0,0,0,0,0,0,0,0,0,0,0,0,0,0,0,0,0,0,0,0,0,0,0,0,0,0,0,0,0,0,64,64,48,0,0,0,0,0,0,0,0,0,176,3982,4095,3982,48,0,0,0,0,0,0,0,64,3982,208,4095,4095,3982,0,48,0,0,0,0,0,208,4095,3966,3982,3998,3982,176,3645,0,0,0,0,64,4078,3725,64,64,176,3982,3645,0,48,0,0,0,208,3982,48,3982,3950,3645,0,0,208,3982,0,0,64,4095,3982,0,0,0,0,0,64,4095,3982,0,0,64,4095,3645,0,0,0,0,0,64,4078,3645,0,0,48,3645,0,48,0,0,0,0,64,3966,0,0,0,0,0,176,3645,0,64,64,64,176,3645,0,0,0,0,0,0,0,224,4095,4095,3982,0,0,0,0,
0,0,0,0,0,0,0,0,0,0,0,0,0,0,0,0,0,0,0,0,0,0,0,0,0,0,0,0,0,0,0,64,64,64,48,0,0,0,0,0,0,0,0,176,3966,3982,3998,3966,0,48,0,0,0,0,0,208,3982,64,64,208,3966,48,3709,48,0,0,0,64,4095,4095,3982,3950,3998,3998,48,48,3645,0,0,0,176,3966,3725,64,64,176,3966,3645,0,0,48,0,64,3966,0,48,3982,3966,3645,0,0,48,64,3966,0,64,3982,0,0,0,0,0,0,64,3982,64,3966,0,64,3982,0,0,0,0,0,0,64,3966,48,0,0,48,3725,48,0,0,0,0,0,48,3725,48,0,0,0,64,3982,48,0,0,0,0,64,176,0,0,0,0,0,0,3709,64,64,64,176,0,0,0,0,
0,0,0,0,0,0,0,0,0,0,0,0,0,0,0,0,0,0,0,0,0,0,0,0,0,0,0,0,0,0,0,64,64,64,48,0,0,0,0,0,0,0,0,176,3966,3982,3998,3966,0,48,0,0,0,0,0,208,3982,64,64,208,3966,48,3709,48,0,0,0,64,4095,4095,3982,3950,3998,3998,48,48,3645,0,0,0,176,3966,3725,64,64,176,3966,3645,0,0,48,0,64,3966,0,48,3982,3966,3645,0,0,48,64,3966,0,64,3982,0,0,0,0,0,0,64,3982,64,3966,0,64,3982,0,0,0,0,0,0,64,3966,48,0,0,48,3725,48,0,0,0,0,0,48,3725,48,0,0,0,48,3982,48,0,0,0,0,64,176,0,0,0,0,0,0,3709,64,64,64,176,0,0,0,0,
0,0,0,0,0,0,0,0,0,0,0,0,0,0,0,0,0,0,64,64,48,0,0,0,0,0,0,0,0,0,208,4095,4095,3998,64,0,0,0,0,0,0,0,192,4095,4095,4095,4078,3709,64,48,0,0,0,0,64,4078,3982,3982,3982,3597,64,4078,3693,48,0,0,0,208,3934,0,0,0,0,64,3982,176,3613,0,0,64,4095,3709,48,0,0,0,192,3950,3613,0,48,0,224,3966,48,3693,64,64,192,3629,0,0,224,3950,64,4078,3982,0,48,3950,3950,3629,0,0,64,4095,3950,0,4078,3629,0,0,0,0,0,0,0,64,4095,0,0,3549,0,48,0,0,0,0,0,0,64,3934,0,0,0,176,3677,48,0,0,0,0,0,176,0,0,0,0,0,0,3629,0,64,64,64,0,0,0,0,
0,0,0,0,0,0,0,0,0,0,0,0,0,0,0,0,0,0,64,64,48,0,0,0,0,0,0,0,0,0,208,4095,4095,3998,64,0,0,0,0,0,0,0,192,4095,4095,4095,4078,3709,64,48,0,0,0,0,64,4078,3982,3982,3982,3597,64,4078,3693,48,0,0,0,208,3934,0,0,0,0,64,3982,176,3613,0,0,64,4095,3709,48,0,0,0,192,3950,3613,0,48,0,224,3966,64,3693,64,64,192,3629,0,0,224,3950,64,4078,3982,0,48,3950,3950,3629,0,0,64,4095,3950,0,4078,3629,0,0,0,0,0,0,0,64,4095,0,0,3549,0,48,0,0,0,0,0,0,64,3934,0,0,0,176,3677,48,0,0,0,0,0,176,0,0,0,0,0,0,3629,0,64,64,64,0,0,0,0,
0,0,0,0,0,0,0,0,0,0,0,0,0,0,0,0,0,0,64,64,48,0,0,0,0,0,0,0,0,0,208,4095,4095,3998,64,0,0,0,0,0,0,0,192,4095,4095,4095,4078,3709,64,48,0,0,0,0,64,4078,3982,3982,3982,3597,64,4078,3693,48,0,0,0,208,3934,0,0,0,0,64,3982,176,3613,0,0,64,4095,3709,48,0,0,0,192,3950,3629,0,48,0,224,3966,64,3693,64,64,192,3629,0,0,224,3950,64,4078,3982,0,48,3950,3950,3629,0,0,64,4095,3950,0,4078,3629,0,0,0,0,0,0,0,64,4095,0,0,3549,0,48,0,0,0,0,0,0,64,3934,0,0,0,176,3677,48,0,0,0,0,0,176,0,0,0,0,0,0,3629,0,64,64,64,0,0,0,0,
0,0,0,0,0,0,0,0,0,0,0,0,0,0,0,0,0,0,64,64,48,0,0,0,0,0,0,0,0,0,208,4095,4095,3998,64,0,0,0,0,0,0,0,192,4095,4095,4095,4078,3709,64,48,0,0,0,0,64,4078,3982,3982,3982,3597,64,4078,3693,48,0,0,0,208,3934,0,0,0,0,64,3982,176,3613,0,0,64,4095,3709,48,0,0,0,192,3950,3613,0,48,0,224,3966,64,3693,64,64,192,3629,0,0,224,3950,64,4078,3982,0,48,3950,3950,3629,0,0,64,4095,3950,0,4078,3629,0,0,0,0,0,0,0,64,4095,0,0,3549,0,48,0,0,0,0,0,0,64,3934,0,0,0,176,3677,48,0,0,0,0,0,176,0,0,0,0,0,0,3629,0,64,64,64,0,0,0,0,
0,0,0,0,0,0,0,0,0,0,0,0,0,0,0,0,0,0,64,64,48,0,0,0,0,0,0,0,0,0,208,4095,4095,3998,64,0,0,0,0,0,0,0,192,4095,4095,4095,4078,3709,64,48,0,0,0,0,64,4078,3982,3982,3982,3597,64,4078,3693,48,0,0,0,208,3934,0,0,0,0,64,3982,176,3613,0,0,64,4095,3709,48,0,0,0,192,3950,3613,0,48,0,224,3966,48,3693,64,64,192,3629,0,0,224,3950,64,4078,3982,0,48,3950,3950,3629,0,0,64,4095,3950,0,4078,3629,0,0,0,0,0,0,0,64,4095,0,0,3549,0,48,0,0,0,0,0,0,64,3934,0,0,0,176,3677,48,0,0,0,0,0,176,0,0,0,0,0,0,3629,0,64,64,64,0,0,0,0,
0,0,0,0,0,0,0,0,0,0,0,0,0,0,0,0,0,0,64,64,48,0,0,0,0,0,0,0,0,0,208,4095,4095,3998,64,0,0,0,0,0,0,0,192,4095,4095,4095,4078,3709,64,48,0,0,0,0,64,4078,3982,3982,3982,3597,64,4078,3693,48,0,0,0,208,3934,0,0,0,0,64,3982,176,3613,0,0,64,4095,3709,48,0,0,0,192,3950,3613,0,48,0,224,3966,48,3693,64,64,192,3629,0,0,224,3950,64,4078,3982,0,48,3950,3950,3629,0,0,64,4095,3950,0,4078,3629,0,0,0,0,0,0,0,64,4095,0,0,3549,0,48,0,0,0,0,0,0,64,3934,0,0,0,176,3677,48,0,0,0,0,0,176,0,0,0,0,0,0,3629,0,64,64,64,0,0,0,0,
0,0,0,0,0,0,0,0,0,0,0,0,0,0,0,0,0,0,64,64,64,48,0,0,0,0,0,0,0,0,224,4078,3966,3998,3934,0,48,0,0,0,0,0,176,3982,3998,64,192,3677,176,3629,0,0,0,0,208,3982,48,3950,3966,3645,64,3950,0,0,48,0,64,4095,3950,0,0,0,0,64,3982,48,48,3645,0,208,3966,3709,48,0,0,0,176,3966,3629,0,0,64,3902,0,48,3693,64,64,176,3613,0,0,48,64,64,3950,0,0,48,3966,3982,3645,0,0,64,3950,64,0,3950,0,0,0,0,0,0,0,0,64,3950,0,0,3645,48,0,0,0,0,0,0,0,48,3693,0,0,0,3966,0,0,0,0,0,0,0,48,0,0,0,0,0,0,48,0,0,0,0,0,0,0,0,
0,0,0,0,0,0,0,0,0,0,0,0,0,0,0,0,0,0,64,64,64,48,0,0,0,0,0,0,0,0,224,4078,3966,3998,3934,0,48,0,0,0,0,0,176,3982,3998,64,192,3677,176,3629,0,0,0,0,208,3982,48,3950,3966,3645,64,3950,0,0,48,0,64,4095,3950,0,0,0,0,64,3982,48,48,3645,0,208,3966,3709,48,0,0,0,176,3966,3629,0,0,64,3902,0,48,3693,64,64,176,3613,0,0,48,64,64,3950,0,0,48,3966,3982,3645,0,0,64,3950,64,0,3950,0,0,0,0,0,0,0,0,64,3950,0,0,3645,48,0,0,0,0,0,0,0,48,3693,0,0,0,3966,0,0,0,0,0,0,0,48,0,0,0,0,0,0,48,0,0,0,0,0,0,0,0,
0,0,0,0,0,64,64,64,0,0,0,0,0,0,0,0,64,256,4078,4078,3934,96,48,0,0,0,0,0,80,4095,4078,3982,4078,3966,3998,3982,64,0,0,0,0,176,3966,3966,273,3982,64,64,3982,3934,0,0,0,64,3982,208,3902,3950,3966,3629,16,208,3934,16,80,0,64,4078,3645,0,0,0,0,48,3982,3918,48,3404,0,256,3693,64,0,0,0,0,16,208,3597,0,16,96,3838,64,3982,64,0,0,0,240,3918,0,64,64,80,3918,48,3918,3645,64,64,176,3918,3677,64,3918,64,0,3934,0,0,48,3950,3982,3645,0,0,64,3950,0,0,3645,48,0,0,0,0,0,0,0,48,3693,0,0,0,3966,0,0,0,0,0,0,0,48,0,0,0,0,0,0,48,0,0,0,0,0,0,0,0,
0,0,0,0,0,64,64,64,0,0,0,0,0,0,0,0,64,256,4078,4078,3934,96,48,0,0,0,0,0,80,4095,4078,3982,4078,3966,3998,3982,64,0,0,0,0,176,3966,3966,273,3982,64,64,3982,3934,0,0,0,64,3982,224,3918,3950,3966,3629,16,208,3934,16,80,0,64,4078,3645,0,0,0,0,48,3982,3918,48,3404,0,256,3693,64,0,0,0,0,16,208,3597,0,16,96,3838,64,3982,64,0,0,0,240,3918,0,64,64,80,3918,48,3918,3645,64,64,176,3918,3677,64,3918,80,0,3934,0,0,48,3950,3982,3645,0,0,64,3950,0,0,3645,48,0,0,0,0,0,0,0,48,3693,0,0,0,3966,0,0,0,0,0,0,0,48,0,0,0,0,0,0,48,0,0,0,0,0,0,0,0,
0,0,0,0,0,64,64,64,0,0,0,0,0,0,0,0,64,256,4078,4078,3934,96,48,0,0,0,0,0,80,4095,4078,3982,4078,3966,3998,3982,64,0,0,0,0,176,3966,3966,273,3982,64,64,3982,3934,0,0,0,64,3982,224,3918,3950,3966,3629,16,208,3934,16,80,0,64,4078,3645,0,0,0,0,48,3982,3918,48,3436,0,256,3693,64,0,0,0,0,16,208,3581,0,16,96,3838,64,3982,64,0,0,0,240,3918,0,64,64,80,3918,48,3918,3645,64,64,176,3918,3677,64,3918,80,0,3934,0,0,48,3950,3982,3645,0,0,64,3950,0,0,3645,48,0,0,0,0,0,0,0,48,3693,0,0,0,3966,0,0,0,0,0,0,0,48,0,0,0,0,0,0,48,0,0,0,0,0,0,0,0,
0,0,0,0,0,64,64,64,0,0,0,0,0,0,0,0,64,256,4078,4078,3934,96,48,0,0,0,0,0,80,4095,4078,3982,4078,3966,3998,3982,64,0,0,0,0,176,3966,3966,273,3982,64,64,3982,3934,0,0,0,64,3982,224,3918,3950,3966,3629,16,208,3934,16,80,0,64,4078,3645,0,0,0,0,48,3982,3918,48,3404,0,256,3693,64,0,0,0,0,16,208,3581,0,16,96,3838,64,3982,64,0,0,0,240,3918,0,64,64,80,3918,48,3918,3645,64,64,176,3918,3677,64,3918,80,0,3934,0,0,48,3950,3982,3645,0,0,64,3950,0,0,3645,48,0,0,0,0,0,0,0,48,3693,0,0,0,3966,0,0,0,0,0,0,0,48,0,0,0,0,0,0,48,0,0,0,0,0,0,0,0,
0,0,0,0,0,80,64,64,64,0,0,0,0,0,0,0,64,289,4062,4078,3934,3918,64,0,0,0,0,16,240,4095,4095,4095,3982,224,3966,3950,48,3693,0,0,192,4078,4078,4095,4095,4078,3677,80,3982,48,64,0,48,3918,4078,3982,3934,3982,3677,0,64,3982,3934,0,48,0,224,3902,16,64,0,0,0,0,48,3982,48,0,240,3838,3629,240,3500,0,0,0,16,176,3918,3597,0,3838,0,80,3982,80,0,0,16,240,3934,0,16,48,3886,0,48,3934,3629,64,80,160,3934,3629,0,96,3950,0,0,0,0,48,3934,3966,3581,0,0,0,64,0,0,0,0,0,0,0,0,0,0,0,0,48,0,0,0,0,0,0,0,0,0,0,0,0,0,0,0,0,0,0,0,0,0,0,0,0,0,0,0,
0,0,0,0,0,80,64,64,64,0,0,0,0,0,0,0,64,289,4062,4078,3934,3918,64,0,0,0,0,16,240,4095,4095,4095,3982,224,3966,3950,48,3693,0,0,192,4078,4078,4095,4095,4078,3677,80,3982,48,64,0,48,3918,4078,3982,3934,3982,3677,0,64,3982,3934,0,48,0,224,3902,16,64,0,0,0,0,48,3982,48,0,240,3838,3629,240,3500,0,0,0,16,176,3918,3597,0,3838,0,80,3982,80,0,0,16,240,3934,0,16,48,3886,0,48,3934,3629,64,80,160,3934,3645,0,96,3950,0,0,0,0,48,3934,3966,3581,0,0,0,64,0,0,0,0,0,0,0,0,0,0,0,0,48,0,0,0,0,0,0,0,0,0,0,0,0,0,0,0,0,0,0,0,0,0,0,0,0,0,0,0,
0,0,0,0,3854,3982,4062,4095,3950,0,0,0,0,0,0,208,3950,128,224,4078,3966,3934,3741,64,0,0,0,273,4078,3982,4095,4095,3982,64,0,64,3966,3966,0,0,4078,3741,240,4095,4095,4078,3613,16,48,80,4078,0,64,3918,48,3950,3950,3950,3613,16,48,3581,64,3982,48,64,3966,0,0,64,0,0,0,0,0,96,3918,0,240,3950,0,48,3468,16,0,0,0,0,64,3934,0,4014,3741,48,0,0,0,0,0,0,0,192,3709,48,3934,64,3677,64,0,0,0,0,16,176,3532,80,3902,0,0,64,3581,80,64,64,64,176,3581,0,64,0,0,0,0,48,3934,3966,3982,3966,3645,0,0,48,0,0,0,0,0,0,0,0,0,0,0,0,0,0,0,0,0,0,0,0,0,0,0,0,0,0,0,
0,0,0,0,3854,3982,4062,4095,3950,0,0,0,0,0,0,208,3950,128,224,4078,3966,3934,3741,64,0,0,0,273,4078,3982,4095,4095,3982,64,0,64,3966,3966,0,0,4078,3741,240,4095,4095,4078,3613,16,48,80,4078,0,64,3918,48,3950,3950,3950,3613,16,48,3581,64,3982,48,64,3966,0,0,64,0,0,0,0,0,96,3918,0,240,3950,0,48,3468,16,0,0,0,0,64,3934,0,4014,3741,48,0,0,0,0,0,0,0,192,3709,48,3934,64,3677,64,0,0,0,0,16,176,3532,80,3902,0,0,64,3581,80,64,64,64,176,3581,0,64,0,0,0,0,48,3934,3966,3982,3966,3645,0,0,48,0,0,0,0,0,0,0,0,0,0,0,0,0,0,0,0,0,0,0,0,0,0,0,0,0,0,0,
0,0,0,0,64,3934,4095,3870,80,0,0,0,0,0,0,273,3886,96,273,4078,3966,3902,3725,64,0,0,0,64,4078,3982,4095,4095,3998,48,0,64,3966,3629,0,0,208,3645,240,4095,4078,4078,3597,16,48,0,208,0,48,3886,64,3982,3934,3950,3597,0,48,3581,80,3934,64,64,3870,0,0,48,0,0,0,0,0,64,3902,0,208,3581,0,48,3404,0,0,0,0,0,48,3549,0,3886,16,48,0,0,0,0,0,0,0,64,16,48,3902,48,3677,48,0,0,0,16,16,176,3549,64,3950,0,0,48,3549,16,64,64,48,48,3613,0,64,0,0,0,0,0,48,3966,3966,3629,0,0,0,48,0,0,0,0,0,0,0,0,0,0,0,0,0,0,0,0,0,0,0,0,0,0,0,0,0,0,0,
0,0,0,0,64,3934,4095,3870,80,0,0,0,0,0,0,273,3886,96,273,4078,3966,3902,3725,64,0,0,0,64,4078,3982,4095,4095,3998,48,0,64,3966,3629,0,0,208,3645,240,4095,4078,4078,3597,16,48,0,208,0,48,3886,64,3982,3934,3950,3597,0,48,3581,80,3934,64,64,3870,0,0,48,0,0,0,0,0,64,3902,0,208,3597,0,48,3404,0,0,0,0,0,48,3549,0,3886,16,48,0,0,0,0,0,0,0,64,16,48,3902,48,3677,48,0,0,0,16,16,176,3549,64,3950,0,0,48,3549,16,64,64,48,48,3613,0,64,0,0,0,0,0,48,3966,3966,3629,0,0,0,48,0,0,0,0,0,0,0,0,0,0,0,0,0,0,0,0,0,0,0,0,0,0,0,0,0,0,0,
0,0,0,0,64,3902,4095,3886,80,0,0,0,0,0,0,240,3468,80,273,4078,3982,3902,3677,48,0,0,0,64,3950,64,4095,4095,3982,64,0,48,3645,0,0,0,224,3709,224,4078,4095,4078,3645,0,64,0,176,0,64,3918,48,3950,3950,3950,3613,0,48,3549,64,3902,0,64,3934,0,0,48,0,0,0,0,0,64,3918,0,208,3532,0,64,3581,16,0,0,16,0,64,3581,0,3886,16,48,0,0,0,0,0,0,0,48,16,48,3918,48,3613,48,0,0,0,0,0,176,3597,64,3934,0,0,48,3597,16,64,64,48,48,3613,0,64,0,0,0,0,0,48,3966,3966,3629,0,0,0,48,0,0,0,0,0,0,0,0,0,0,0,0,0,0,0,0,0,0,0,0,0,0,0,0,0,0,0,
0,0,0,0,64,3902,4095,3886,80,0,0,0,0,0,0,240,3452,80,273,4078,3982,3902,3677,48,0,0,0,64,3950,64,4095,4095,3982,64,0,48,3645,0,0,0,224,3709,224,4078,4095,4078,3645,0,64,0,176,0,64,3918,48,3950,3950,3950,3613,0,48,3549,64,3902,0,64,3934,0,0,48,0,0,0,0,0,64,3918,0,208,3532,0,64,3581,16,0,0,16,0,64,3581,0,3886,16,48,0,0,0,0,0,0,0,48,16,48,3918,48,3613,48,0,0,0,0,0,176,3597,64,3934,0,0,48,3597,16,64,64,48,48,3613,0,64,0,0,0,0,0,48,3966,3966,3629,0,0,0,48,0,0,0,0,0,0,0,0,0,0,0,0,0,0,0,0,0,0,0,0,0,0,0,0,0,0,0,
0,0,0,0,112,273,4078,3886,3934,0,0,0,0,0,0,4095,4078,3870,3966,3532,96,0,48,3918,0,0,0,4062,3998,3950,0,80,273,3982,0,0,48,3982,0,0,3645,80,3950,64,3870,3950,3950,0,80,0,80,0,3918,16,80,3934,64,80,224,3436,80,3597,0,96,3934,3966,96,64,4078,3934,4078,3372,16,0,0,0,240,3966,4062,3532,64,3870,240,3966,0,0,0,16,64,3854,3886,3950,80,64,3870,3902,3468,0,0,16,0,16,224,3982,4078,3549,64,16,0,0,0,0,0,0,176,3934,3966,0,64,3613,64,0,0,0,0,0,176,3645,64,0,0,0,48,3725,64,64,64,64,176,3677,0,48,0,0,0,0,48,3982,3966,3982,3982,3613,0,0,0,0,0,0,0,0,0,0,0,0,0,0,0,0,0,
0,0,0,0,112,273,4078,3886,3934,0,0,0,0,0,0,4095,4078,3870,3966,3532,96,0,48,3918,0,0,0,4062,3998,3950,0,80,273,3982,0,0,48,3982,0,0,3645,80,3950,64,3870,3950,3950,0,80,0,80,0,3918,16,80,3934,64,80,224,3436,80,3597,0,96,3934,3966,96,64,4078,3934,4078,3372,16,0,0,0,240,3966,4062,3532,64,3870,240,3966,0,0,0,16,64,3854,3886,3950,80,64,3870,3902,3468,0,0,16,0,16,224,3982,4078,3549,64,16,0,0,0,0,0,0,176,3934,3966,0,64,3613,64,0,0,0,0,0,176,3645,64,0,0,0,48,3725,64,64,64,64,176,3677,0,48,0,0,0,0,48,3982,3966,3982,3982,3613,0,0,0,0,0,0,0,0,0,0,0,0,0,0,0,0,0,
0,0,0,0,112,273,4078,3886,3934,0,0,0,0,0,0,4095,4078,3870,3966,3532,96,0,48,3918,0,0,0,4062,3982,3950,0,80,273,3982,0,0,48,3982,0,0,3645,80,3950,64,3870,3950,3950,0,80,0,80,0,3918,16,80,3934,64,80,224,3436,80,3581,0,96,3934,3966,96,64,4078,3934,4078,3340,16,0,0,0,240,3966,4062,3500,64,3870,240,3966,0,0,0,16,64,3854,3886,3950,80,64,3870,3902,3468,0,0,16,0,16,224,3982,4078,3581,64,16,0,0,0,0,0,0,176,3934,3982,0,64,3613,64,0,0,0,0,0,176,3645,64,0,0,0,48,3725,64,64,64,64,176,3677,0,48,0,0,0,0,48,3982,3966,3982,3982,3613,0,0,0,0,0,0,0,0,0,0,0,0,0,0,0,0,0,
0,0,0,0,112,273,4078,3886,3934,0,0,0,0,0,0,4095,4078,3870,3966,3532,96,0,48,3918,0,0,0,4062,3982,3950,0,80,273,3982,0,0,48,3982,0,0,3645,80,3950,64,3870,3950,3950,0,80,0,80,0,3918,16,80,3934,64,80,224,3436,80,3597,0,96,3934,3966,96,64,4078,3934,4078,3340,16,0,0,0,240,3966,4062,3500,64,3870,240,3966,0,0,0,16,64,3854,3886,3950,80,64,3870,3902,3468,0,0,16,0,16,224,3982,4078,3581,64,16,0,0,0,0,0,0,176,3934,3982,0,64,3613,64,0,0,0,0,0,176,3645,64,0,0,0,48,3725,64,64,64,64,176,3677,0,48,0,0,0,0,48,3982,3966,3982,3982,3613,0,0,0,0,0,0,0,0,0,0,0,0,0,0,0,0,0,
0,0,0,0,160,208,4078,3950,3934,0,0,0,0,0,0,96,4078,3918,4078,3982,112,0,0,64,0,0,0,3549,64,3918,48,3950,3918,3966,0,0,48,3597,0,0,80,80,3982,16,0,64,3918,0,0,16,208,0,4078,3468,80,3934,80,64,208,3645,0,0,48,3934,3950,3870,16,80,4078,3886,4078,3597,0,0,0,0,64,3950,3934,0,64,3966,289,3838,16,16,0,16,0,80,3966,3677,64,64,3934,3934,3549,16,0,16,0,0,224,3629,64,3597,0,0,0,16,0,16,0,0,48,3597,80,0,0,0,64,0,0,0,0,16,48,0,0,0,0,0,48,3677,64,64,64,64,176,3645,0,0,0,0,0,0,48,3966,3982,3982,3982,3645,0,0,0,0,0,0,0,0,0,0,0,0,0,0,0,0,0,
0,0,0,0,160,208,4078,3950,3934,0,0,0,0,0,0,96,4078,3918,4078,3982,112,0,0,64,0,0,0,3549,64,3918,48,3950,3918,3966,0,0,48,3597,0,0,80,80,3982,16,0,64,3918,0,0,16,208,0,4078,3468,80,3934,80,64,208,3645,0,0,48,3934,3950,3870,16,80,4078,3886,4078,3597,0,0,0,0,64,3950,3934,0,64,3966,289,3838,16,16,0,16,0,80,3966,3677,64,64,3934,3934,3549,16,0,16,0,0,224,3629,64,3597,0,0,0,16,0,16,0,0,48,3597,80,0,0,0,64,0,0,0,0,16,48,0,0,0,0,0,48,3677,64,64,64,64,176,3645,0,0,0,0,0,0,48,3966,3982,3982,3982,3645,0,0,0,0,0,0,0,0,0,0,0,0,0,0,0,0,0,
0,0,0,0,80,64,96,0,64,0,0,0,0,0,0,0,240,3982,4095,3854,80,0,0,0,0,0,0,3581,80,3934,48,3934,3918,3966,0,0,48,3613,0,0,80,64,3982,16,0,64,3918,0,0,0,80,0,4078,3532,80,3934,80,64,208,3645,0,0,48,3902,3950,3902,0,80,4078,3886,4078,3597,0,0,0,0,64,3918,3436,0,64,3966,289,3838,16,16,0,16,16,64,3532,16,64,64,3934,3934,3549,16,0,16,0,16,48,16,64,3532,0,0,0,16,0,16,0,0,48,3532,64,0,0,0,64,0,0,0,0,16,48,0,16,0,0,0,48,3629,0,64,64,48,48,3629,0,0,0,0,0,0,0,48,3966,3966,3629,0,0,0,0,0,0,0,0,0,0,0,0,0,0,0,0,0,0,
0,0,0,0,80,64,96,0,64,0,0,0,0,0,0,0,240,3982,4095,3854,80,0,0,0,0,0,0,3581,80,3934,48,3934,3918,3966,0,0,48,3613,0,0,80,64,3982,16,0,64,3918,0,0,0,80,0,4078,3532,80,3934,80,64,208,3645,0,0,48,3902,3950,3902,0,80,4078,3886,4078,3597,0,0,0,0,64,3918,3436,0,64,3966,289,3838,16,16,0,16,16,64,3532,16,64,64,3934,3934,3549,16,0,16,0,16,48,16,64,3532,0,0,0,16,0,16,0,0,48,3532,64,0,0,0,64,0,0,0,0,16,48,0,16,0,0,0,48,3629,0,64,64,48,48,3629,0,0,0,0,0,0,0,48,3966,3966,3629,0,0,0,0,0,0,0,0,0,0,0,0,0,0,0,0,0,0,
0,0,0,0,80,64,64,0,0,0,0,0,0,0,0,0,256,3934,4078,3822,112,48,0,16,0,0,0,0,64,3966,64,3950,4095,4095,3902,16,0,48,0,0,48,64,3934,0,240,4078,4078,3950,0,0,96,0,64,3163,80,3982,80,224,4078,3918,3613,0,64,3340,144,16,0,64,4078,3902,4078,3324,16,16,0,0,0,80,0,16,48,3870,449,3805,16,0,0,0,0,16,80,96,0,64,3870,3918,3500,0,0,0,0,0,16,192,3934,0,0,16,0,16,0,0,0,0,0,48,4046,0,48,0,0,0,0,16,0,0,16,16,160,0,0,3677,64,48,0,0,0,0,0,64,176,3597,0,0,0,3982,3709,64,64,64,80,176,3950,3597,0,0,0,0,0,0,3982,3950,3966,3950,3645,0,0,0,0,
0,0,0,0,80,64,64,0,0,0,0,0,0,0,0,0,256,3934,4078,3822,112,48,0,16,0,0,0,0,64,3966,64,3950,4095,4095,3902,16,0,48,0,0,48,64,3934,0,240,4078,4078,3950,0,0,96,0,64,3163,80,3982,80,224,4078,3918,3613,0,64,3340,144,16,0,64,4078,3902,4078,3324,16,16,0,0,0,80,0,16,48,3870,449,3805,16,0,0,0,0,16,80,96,0,64,3870,3918,3500,0,0,0,0,0,16,192,3934,0,0,16,0,16,0,0,0,0,0,48,4046,0,48,0,0,0,0,16,0,0,16,16,160,0,0,3677,64,48,0,0,0,0,0,64,176,3597,0,0,0,3982,3709,64,64,64,80,176,3950,3597,0,0,0,0,0,0,3982,3950,3966,3950,3645,0,0,0,0,
0,0,0,0,3934,3918,3581,144,0,0,0,0,0,0,0,273,3372,16,64,481,3805,64,0,16,0,0,0,80,3982,16,64,3982,4078,3998,3982,16,0,48,0,0,208,3982,64,96,240,3950,401,3886,0,0,96,0,64,3741,4078,4078,3902,3918,4095,4046,3645,16,64,3340,144,16,64,4078,3613,112,192,4062,3677,0,0,0,0,80,0,96,3934,112,3902,3998,3902,0,16,0,0,16,80,96,48,3677,144,64,224,3581,16,0,16,0,16,192,3934,0,48,3805,3934,3613,0,0,0,16,0,48,4046,0,48,0,0,16,0,16,0,0,0,16,160,0,0,3677,64,48,0,0,0,0,0,64,176,3597,0,0,0,3982,3709,64,64,64,80,176,3950,3597,0,0,0,0,0,0,3982,3950,3966,3950,3645,0,0,0,0,
0,0,0,0,3934,3918,3581,144,0,0,0,0,0,0,0,273,3372,16,64,481,3805,64,0,16,0,0,0,80,3982,16,64,3982,4078,3998,3982,16,0,48,0,0,208,3982,64,96,240,3950,401,3886,0,0,96,0,64,3741,4078,4078,3902,3918,4095,4046,3645,16,64,3340,144,16,64,4078,3613,112,192,4062,3677,0,0,0,0,80,0,96,3934,112,3902,3998,3902,0,16,0,0,16,80,96,48,3677,144,64,224,3581,16,0,16,0,16,192,3934,0,48,3805,3934,3613,0,0,0,16,0,48,4046,0,48,0,0,16,0,16,0,0,0,16,160,0,0,3677,64,48,0,0,0,0,0,64,176,3597,0,0,0,3982,3709,64,64,64,80,176,3950,3597,0,0,0,0,0,0,3982,3950,3966,3950,3645,0,0,0,0,
0,0,0,0,3902,3934,3677,64,0,0,0,0,0,0,0,224,3324,16,48,208,3918,48,0,16,0,0,0,64,3982,16,64,3886,4095,3982,3902,0,0,0,0,0,240,3934,64,80,224,3998,401,3854,0,0,48,0,80,3805,4095,4078,3902,3902,4078,4078,3452,16,48,3067,112,0,96,4078,3645,112,240,4014,3693,16,0,0,16,64,0,80,3934,128,3934,3998,3966,0,16,0,0,16,64,0,48,3645,80,64,176,3597,16,0,0,0,16,64,96,0,48,3805,3902,3645,16,0,0,0,0,0,240,0,96,16,0,16,0,16,0,0,0,16,160,0,0,3645,48,0,0,0,0,0,0,0,176,3597,0,0,0,3629,0,64,64,64,64,48,48,3629,0,0,0,0,0,0,3966,3950,3982,3950,3645,0,0,0,0,
0,0,0,0,3902,3934,3677,64,0,0,0,0,0,0,0,224,3324,16,48,208,3918,48,0,16,0,0,0,64,3982,16,64,3886,4095,3982,3902,0,0,0,0,0,240,3934,64,80,224,3998,401,3854,0,0,48,0,80,3805,4095,4078,3902,3902,4078,4078,3452,16,48,3067,112,0,96,4078,3629,112,240,4014,3693,16,0,0,16,64,0,80,3934,128,3950,3998,3966,0,16,0,0,16,64,0,48,3645,80,64,176,3597,16,0,0,0,16,64,96,0,48,3805,3902,3645,16,0,0,0,0,0,240,0,96,16,0,16,0,16,0,0,0,16,160,0,0,3645,48,0,0,0,0,0,0,0,176,3597,0,0,0,3629,0,64,64,64,64,48,48,3629,0,0,0,0,0,0,3966,3950,3982,3950,3645,0,0,0,0,
0,0,0,0,3918,4095,3902,144,48,0,0,0,0,0,0,240,3372,128,4030,3934,3934,3998,96,64,0,0,0,80,3934,0,112,3870,0,64,4095,4078,3468,16,0,0,64,3934,80,305,3982,64,289,4078,3982,32,0,0,0,64,4095,4062,3998,4095,4078,4078,4078,3613,0,0,16,0,64,4078,3581,289,4078,4095,4078,3532,16,0,0,64,0,64,3966,80,3950,3998,4078,3468,16,0,0,0,0,16,48,3629,80,64,240,3532,16,0,0,0,0,0,0,0,80,3725,3918,3581,16,0,16,0,0,0,0,0,0,16,16,0,0,0,0,0,0,0,0,0,0,48,0,0,0,0,0,0,0,0,0,176,0,0,0,48,0,0,0,0,0,0,0,176,0,0,0,0,0,0,64,64,64,64,48,0,0,0,0,
0,0,0,0,3918,4095,3902,144,48,0,0,0,0,0,0,240,3372,128,4030,3934,3934,3998,96,64,0,0,0,80,3934,0,112,3870,0,64,4095,4078,3468,16,0,0,64,3934,80,289,3982,64,289,4078,3982,32,0,0,0,64,4095,4062,3998,4095,4078,4078,4078,3613,0,0,16,0,64,4078,3581,289,4078,4095,4078,3532,16,0,0,64,0,64,3966,80,3950,3998,4078,3468,16,0,0,0,0,16,48,3629,80,64,240,3532,16,0,0,0,0,0,0,0,80,3725,3918,3549,16,0,16,0,0,0,0,0,0,0,16,0,0,0,0,0,0,0,0,0,0,48,0,0,0,0,0,0,0,0,0,176,0,0,0,48,0,0,0,0,0,0,0,176,0,0,0,0,0,0,64,64,64,64,48,0,0,0,0,
0,0,0,0,3918,4095,3902,144,48,0,0,0,0,0,0,240,3372,128,4030,3934,3934,3998,96,64,0,0,0,80,3934,0,112,3870,0,64,4095,4078,3468,16,0,0,64,3934,80,289,3982,64,289,4078,3982,32,0,0,0,64,4095,4062,3998,4095,4078,4078,4078,3613,0,0,16,0,64,4078,3581,289,4078,4095,4078,3532,16,0,0,64,0,64,3966,80,3950,3998,4078,3468,16,0,0,0,0,16,48,3629,80,64,240,3532,16,0,0,0,0,0,0,0,80,3725,3918,3549,16,0,16,0,0,0,0,0,0,0,16,0,0,0,0,0,0,0,0,0,0,48,0,0,0,0,0,0,0,0,0,176,0,0,0,48,0,0,0,0,0,0,0,176,0,0,0,0,0,0,64,64,64,64,48,0,0,0,0,
0,0,0,0,3918,4095,3902,144,48,0,0,0,0,0,0,240,3372,128,4030,3934,3934,3998,96,64,0,0,0,80,3934,0,112,3870,0,64,4095,4078,3468,16,0,0,64,3934,80,289,3982,64,289,4078,3982,32,0,0,0,64,4095,4062,3998,4095,4078,4078,4078,3613,0,0,16,0,64,4078,3581,289,4078,4095,4078,3532,16,0,0,64,0,64,3966,80,3950,3998,4078,3468,16,0,0,0,0,16,48,3629,80,64,240,3532,16,0,0,0,0,0,0,0,80,3725,3918,3549,16,0,16,0,0,0,0,0,0,0,16,0,0,0,0,0,0,0,0,0,0,48,0,0,0,0,0,0,0,0,0,176,0,0,0,48,0,0,0,0,0,0,0,176,0,0,0,0,0,0,64,64,64,64,48,0,0,0,0,
0,0,0,0,3918,4095,3902,144,48,0,0,0,0,0,0,240,3372,128,4030,3934,3934,3998,96,64,0,0,0,80,3934,0,112,3870,0,64,4095,4078,3468,16,0,0,64,3934,80,289,3982,64,289,4078,3982,32,0,0,0,64,4095,4062,3998,4095,4078,4078,4078,3613,0,0,16,0,64,4078,3581,289,4078,4095,4078,3532,16,0,0,64,0,64,3966,80,3950,3998,4078,3468,16,0,0,0,0,16,48,3629,80,64,240,3532,16,0,0,0,0,0,0,0,80,3725,3918,3549,16,0,16,0,0,0,0,0,0,16,16,0,0,0,0,0,0,0,0,0,0,48,0,0,0,0,0,0,0,0,0,176,0,0,0,48,0,0,0,0,0,0,0,176,0,0,0,0,0,0,64,64,64,64,48,0,0,0,0,
0,0,0,0,3918,4095,3902,144,48,0,0,0,0,0,0,240,3372,128,4030,3934,3934,3998,96,64,0,0,0,80,3934,0,112,3870,0,64,4095,4078,3468,16,0,0,64,3934,80,289,3982,64,289,4078,3982,32,0,0,0,64,4095,4062,3998,4095,4078,4078,4078,3613,0,0,16,0,64,4078,3581,289,4078,4095,4078,3532,16,0,0,64,0,64,3966,80,3950,3998,4078,3468,16,0,0,0,0,16,48,3629,80,64,240,3532,16,0,0,0,0,0,0,0,80,3725,3918,3549,16,0,16,0,0,0,0,0,0,16,16,0,0,0,0,0,0,0,0,0,0,48,0,0,0,0,0,0,0,0,0,176,0,0,0,48,0,0,0,0,0,0,0,176,0,0,0,0,0,0,64,64,64,64,48,0,0,0,0,
0,0,0,0,3789,4095,3854,128,48,0,0,0,0,0,0,192,3324,176,4046,3966,3950,3902,80,64,0,0,0,64,3982,80,273,3982,64,353,4078,4078,3500,0,0,0,80,4062,3966,4095,4095,4078,3998,4078,3950,0,0,0,0,273,3629,240,4078,3950,3966,273,4078,3597,0,0,16,64,3870,64,3950,3950,273,4062,4078,3918,0,16,0,48,64,3950,16,64,3950,4078,4095,4078,3436,0,0,0,16,64,3452,80,80,64,3934,4078,3372,16,0,16,16,0,0,48,3870,3918,80,240,3404,0,0,16,0,0,0,0,16,80,3822,3950,3372,16,0,0,0,0,0,0,0,0,0,0,0,0,0,0,0,0,0,0,0,0,0,0,0,0,0,0,0,0,0,0,0,0,0,0,0,0,0,0,0,0,0,0,0,0,0,
0,0,0,0,3789,4095,3854,128,48,0,0,0,0,0,0,192,3324,176,4046,3966,3950,3902,80,64,0,0,0,64,3982,80,273,3982,64,353,4078,4078,3500,0,0,0,80,4046,3966,4095,4095,4078,3998,4078,3950,0,0,0,0,273,3629,240,4078,3950,3966,273,4078,3597,0,0,16,64,3870,64,3950,3950,273,4062,4078,3918,0,16,0,48,64,3950,16,64,3950,4078,4095,4078,3436,0,0,0,16,64,3452,80,80,64,3934,4078,3372,16,0,16,16,0,0,48,3870,3918,80,240,3436,0,0,16,0,0,0,0,16,80,3822,3950,3372,16,0,0,0,0,0,0,0,0,0,0,0,0,0,0,0,0,0,0,0,0,0,0,0,0,0,0,0,0,0,0,0,0,0,0,0,0,0,0,0,0,0,0,0,0,0,
0,0,0,0,32,273,4030,4095,3902,0,0,0,0,0,0,3870,16,224,3950,3950,3934,3982,3934,64,0,0,0,4030,3613,240,3918,80,64,64,112,4078,3982,0,0,0,3982,192,3902,4062,3934,4078,3677,224,4078,3966,0,0,80,4062,3966,128,3966,192,3549,273,4078,4078,3468,0,16,80,4095,3950,369,4030,3549,273,4078,4078,3693,16,16,48,64,4030,3950,3805,3918,417,4078,4078,3645,16,0,16,16,64,3709,128,208,3982,3934,4078,3613,16,16,0,0,0,16,96,3982,3870,112,224,3372,0,16,0,0,0,0,0,16,64,3886,3966,3500,16,0,16,0,0,0,0,0,0,0,0,0,0,0,0,0,0,0,0,0,0,0,0,0,0,0,0,0,0,0,0,0,0,0,0,0,0,0,0,0,0,0,0,0,0,0,
0,0,0,0,32,273,4030,4095,3902,0,0,0,0,0,0,3870,16,224,3950,3950,3934,3982,3934,64,0,0,0,4030,3613,240,3918,80,64,64,112,4078,3982,0,0,0,3982,192,3902,4062,3934,4078,3677,224,4078,3966,0,0,80,4062,3966,128,3966,192,3549,273,4078,4078,3468,0,16,80,4095,3950,369,4030,3549,273,4078,4078,3693,16,16,48,64,4030,3950,3805,3918,417,4078,4078,3645,16,0,16,16,64,3709,128,208,3982,3934,4078,3613,16,16,0,0,0,16,96,3982,3870,112,224,3372,0,16,0,0,0,0,0,16,64,3886,3966,3500,16,0,16,0,0,0,0,0,0,0,0,0,0,0,0,0,0,0,0,0,0,0,0,0,0,0,0,0,0,0,0,0,0,0,0,0,0,0,0,0,0,0,0,0,0,0,
0,0,0,0,16,273,4030,4062,3163,0,0,0,0,0,0,64,16,224,3838,3966,3468,144,3532,80,0,0,0,64,3741,208,3950,128,96,64,16,64,3950,0,0,0,16,289,3838,4078,3886,4078,3645,48,64,3918,0,0,0,224,3500,144,3902,240,3613,273,3934,192,3340,0,16,48,3838,0,96,4014,3532,240,4078,4078,3532,16,16,48,64,3950,64,192,3982,289,4095,4014,3581,16,0,16,16,96,3886,4078,4095,4078,3982,4062,3693,0,0,0,0,0,0,96,4095,4078,3950,192,3532,16,0,0,0,0,0,0,64,3966,3902,3966,3532,0,16,16,0,0,0,0,0,0,0,0,0,0,0,0,0,0,0,0,0,0,0,0,0,0,0,0,0,0,0,0,0,0,0,0,0,0,0,0,0,0,0,0,0,0,0,
0,0,0,0,16,273,4030,4062,3163,0,0,0,0,0,0,64,16,224,3838,3966,3468,144,3532,80,0,0,0,64,3741,208,3950,128,96,64,16,64,3950,0,0,0,16,289,3838,4078,3886,4078,3645,48,64,3918,0,0,0,224,3500,144,3902,240,3613,273,3934,192,3340,0,16,48,3838,0,96,4014,3532,240,4078,4078,3532,16,16,48,64,3950,64,192,3982,289,4095,4014,3581,16,0,16,16,96,3886,4078,4095,4078,3982,4062,3693,0,0,0,0,0,0,96,4095,4078,3950,192,3532,16,0,0,0,0,0,0,64,3966,3902,3966,3532,0,16,16,0,0,0,0,0,0,0,0,0,0,0,0,0,0,0,0,0,0,0,0,0,0,0,0,0,0,0,0,0,0,0,0,0,0,0,0,0,0,0,0,0,0,0,
0,0,0,0,128,4046,3982,3918,3324,0,0,0,0,0,0,3581,16,224,3822,64,64,96,3870,3902,0,0,0,0,16,289,4095,4078,3741,3741,96,64,3854,0,0,0,16,289,4078,4078,3581,96,96,3372,289,3934,0,0,0,273,3918,4078,3773,321,3324,48,144,4062,3436,0,16,48,3886,80,3773,144,3259,369,3870,353,3934,16,0,0,64,3982,240,3998,48,96,3902,4095,4078,3677,16,0,16,96,3886,4062,4095,3934,96,240,4078,3468,0,0,0,0,0,96,4095,4078,4062,4062,3918,3436,0,0,0,0,0,0,48,3982,3950,3822,3677,0,0,0,0,0,16,0,0,0,0,0,0,0,0,0,0,0,0,0,0,0,0,0,0,0,0,0,0,0,0,0,0,0,0,0,0,0,0,0,0,0,0,0,0,0,0,
0,0,0,0,128,4046,3982,3918,3324,0,0,0,0,0,0,3581,16,224,3822,64,64,96,3870,3902,0,0,0,0,16,289,4095,4078,3741,3741,96,64,3854,0,0,0,16,289,4078,4078,3581,96,96,3372,289,3934,0,0,0,273,3918,4078,3773,321,3324,48,144,4062,3436,0,16,48,3886,80,3773,144,3259,369,3870,353,3934,16,0,0,64,3982,240,3998,48,96,3902,4095,4078,3677,16,0,16,96,3870,4062,4095,3934,96,240,4078,3468,0,0,0,0,0,96,4095,4078,4062,4062,3918,3436,0,0,0,0,0,0,48,3982,3950,3822,3677,0,0,0,0,0,16,0,0,0,0,0,0,0,0,0,0,0,0,0,0,0,0,0,0,0,0,0,0,0,0,0,0,0,0,0,0,0,0,0,0,0,0,0,0,0,0,
0,0,0,0,3822,3870,3950,3452,48,0,0,0,0,0,0,3581,64,16,64,48,48,0,48,3629,0,0,0,0,64,3982,273,4062,3870,3500,96,0,64,3982,0,0,16,224,4078,3982,3645,112,64,3725,64,80,3950,0,0,289,3918,3838,16,64,3549,64,128,3918,48,3292,16,64,3918,144,3950,48,0,112,3886,64,3998,80,16,0,64,3982,256,4095,3725,16,192,3998,240,3902,3452,16,0,96,3902,4095,4078,3998,289,4062,4078,3372,16,0,16,0,0,80,4095,4078,4095,4062,3982,3741,16,0,0,16,0,0,64,3902,3934,3966,3549,64,3645,0,16,16,0,0,0,0,0,0,0,0,0,0,0,0,0,0,0,0,0,0,0,0,0,0,0,0,0,0,0,0,0,0,0,0,0,0,0,0,0,0,0,0,0,
0,0,0,0,3822,3870,3950,3452,48,0,0,0,0,0,0,3581,64,16,64,48,48,0,48,3629,0,0,0,0,64,3982,273,4062,3870,3500,96,0,64,3982,0,0,16,224,4078,3982,3645,112,64,3725,64,80,3950,0,0,289,3918,3838,16,64,3549,64,128,3918,48,3292,16,64,3918,144,3950,48,0,112,3886,64,3998,80,16,0,64,3982,256,4095,3725,16,192,3998,240,3902,3452,16,0,96,3902,4095,4078,3998,289,4062,4078,3372,16,0,16,0,0,80,4095,4078,4095,4062,3982,3741,16,0,0,16,0,0,64,3902,3934,3966,3549,64,3645,0,16,16,0,0,0,0,0,0,0,0,0,0,0,0,0,0,0,0,0,0,0,0,0,0,0,0,0,0,0,0,0,0,0,0,0,0,0,0,0,0,0,0,0,
0,0,0,0,3822,3870,3950,3452,48,0,0,0,0,0,0,3581,80,80,64,64,48,0,48,3629,0,0,0,80,64,4046,4078,3918,3982,3902,64,0,64,3966,0,0,3452,80,4062,3629,0,80,3950,3452,64,80,3950,0,96,16,64,3950,0,0,0,16,353,3838,48,3292,16,3838,0,80,3822,128,0,0,64,4046,3934,80,16,0,3918,16,240,4095,3934,0,64,289,4078,3854,3452,16,0,3259,80,4046,4095,3918,289,4078,4078,3677,16,0,16,0,32,208,4095,4078,4078,3870,3998,3886,16,0,0,16,0,0,3838,3950,4078,3998,48,80,3597,0,0,16,0,0,0,0,48,3950,3966,3645,0,0,0,0,0,0,0,0,0,0,0,0,0,0,0,0,0,0,0,0,0,0,0,0,0,0,0,0,0,0,0,0,0,
0,0,0,0,3822,3870,3950,3452,48,0,0,0,0,0,0,3581,80,64,64,64,48,0,48,3629,0,0,0,80,64,4046,4078,3918,3982,3902,64,0,64,3982,0,0,3452,80,4062,3629,0,80,3950,3452,64,80,3950,0,96,16,64,3950,0,0,0,16,353,3838,48,3292,16,3838,0,80,3822,128,0,0,64,4046,3934,80,16,0,3918,16,240,4095,3934,0,64,289,4078,3854,3452,16,0,3259,80,4046,4095,3918,289,4062,4078,3677,16,0,16,0,32,208,4095,4078,4078,3870,3998,3886,16,0,0,16,0,0,3838,3950,4078,3998,48,80,3597,0,0,16,0,0,0,0,48,3950,3966,3645,0,0,0,0,0,0,0,0,0,0,0,0,0,0,0,0,0,0,0,0,0,0,0,0,0,0,0,0,0,0,0,0,0,
0,0,0,0,3886,3934,3950,3452,16,0,0,0,0,0,0,3581,96,64,48,0,16,0,64,3549,0,0,0,96,64,4078,3902,3613,0,64,0,0,80,3902,0,0,3436,64,3934,16,0,64,3372,0,0,64,3950,0,64,0,48,3645,0,0,0,16,48,0,48,3292,16,3870,0,80,80,80,0,0,80,3870,16,48,0,0,3950,224,4095,4095,3934,96,64,289,3934,48,3372,16,0,3918,4078,4078,3982,4095,4078,4095,4078,3934,16,0,0,0,80,4095,4014,401,4078,4095,4078,4078,3982,0,0,0,0,0,3982,4095,4078,4095,4078,4095,4095,3982,0,0,0,0,0,48,3982,3982,3966,3966,3966,3982,3629,0,0,0,0,0,0,0,0,0,0,0,0,0,0,0,0,0,0,0,0,0,0,0,0,0,0,0,0,0,0,
0,0,0,0,3886,3934,3950,3452,16,0,0,0,0,0,0,3581,96,64,48,0,16,0,64,3549,0,0,0,96,64,4078,3902,3613,0,64,0,0,80,3902,0,0,3436,64,3934,16,0,64,3372,0,0,64,3950,0,64,0,48,3645,0,0,0,16,48,0,48,3292,16,3870,0,80,80,80,0,0,80,3870,16,48,0,0,3950,224,4095,4095,3934,96,64,289,3934,48,3372,16,0,3918,4078,4078,3982,4095,4078,4095,4078,3934,16,0,0,0,80,4095,4014,417,4078,4095,4078,4078,3982,0,0,0,0,0,3982,4095,4078,4095,4078,4095,4095,3982,0,0,0,0,0,48,3982,3982,3966,3966,3966,3982,3629,0,0,0,0,0,0,0,0,0,0,0,0,0,0,0,0,0,0,0,0,0,0,0,0,0,0,0,0,0,0,
0,0,0,0,64,3902,3918,3532,16,0,0,0,0,0,0,3966,80,80,64,0,0,16,48,3452,0,0,0,289,4078,3902,3982,3645,16,64,0,0,0,80,0,0,3902,3950,0,64,0,64,3324,16,0,0,64,0,64,48,3613,80,3597,16,0,16,48,0,0,64,3340,3870,0,64,96,64,0,0,80,3902,16,0,64,0,3950,224,4095,4062,3982,64,16,64,3950,0,176,3163,16,3918,4078,4095,3998,4095,3982,96,192,3870,64,3468,16,0,80,4095,3998,289,4095,4095,4078,4095,3982,0,16,0,0,0,3982,4095,4095,4078,4095,4078,4095,3966,0,0,0,0,0,48,3982,3982,3966,3966,3966,3982,3629,0,0,0,0,0,0,0,0,0,0,0,0,0,0,0,0,0,0,0,0,0,0,0,0,0,0,0,0,0,0,
0,0,0,0,64,3902,3918,3532,16,0,0,0,0,0,0,3966,80,80,64,0,0,16,48,3452,0,0,0,289,4078,3902,3982,3645,16,64,0,0,0,80,0,0,3902,3950,0,64,0,64,3324,16,0,0,64,0,64,48,3613,80,3597,16,0,16,48,0,0,64,3340,3870,0,64,96,64,0,0,80,3902,16,0,64,0,3950,224,4095,4062,3982,64,16,64,3950,0,176,3163,16,3918,4078,4095,3998,4095,3982,96,192,3870,64,3468,16,0,80,4095,3998,289,4095,4095,4078,4095,3982,0,16,0,0,0,3982,4095,4095,4078,4095,4078,4095,3966,0,0,0,0,0,48,3982,3982,3966,3966,3966,3982,3629,0,0,0,0,0,0,0,0,0,0,0,0,0,0,0,0,0,0,0,0,0,0,0,0,0,0,0,0,0,0,
0,0,0,0,16,16,0,0,0,0,0,0,0,0,0,64,64,80,48,0,0,0,0,0,0,0,0,240,4062,3934,3950,3597,16,64,0,0,16,64,0,0,3886,3918,16,64,0,64,3163,32,0,0,112,0,64,48,3693,64,3532,16,0,32,48,0,0,48,3629,3870,0,96,80,80,16,0,80,3918,0,16,48,0,3934,256,4078,4062,3918,96,0,64,3918,0,192,3324,16,3838,4078,4078,3998,4095,3918,112,208,3773,96,3340,16,0,64,4078,3998,273,4095,4095,4095,4095,3934,0,0,0,0,0,3998,4095,4078,4078,4095,4078,4078,3982,0,0,16,0,0,48,3966,3950,3966,3982,3950,3982,3613,0,0,0,0,0,0,0,0,0,0,0,0,0,0,0,0,0,0,0,0,0,0,0,0,0,0,0,0,0,0,
0,0,0,0,16,16,0,0,0,0,0,0,0,0,0,64,64,80,48,0,0,0,0,0,0,0,0,240,4062,3934,3950,3597,16,64,0,0,16,64,0,0,3886,3918,16,64,0,64,3163,32,0,0,112,0,64,48,3693,64,3532,16,0,32,48,0,0,48,3629,3870,0,96,80,80,16,0,80,3918,0,16,48,0,3934,256,4078,4062,3918,96,0,64,3918,0,192,3324,16,3838,4078,4078,3998,4095,3918,112,208,3773,96,3340,16,0,64,4078,3998,273,4095,4095,4095,4095,3934,0,0,0,0,0,3998,4095,4078,4078,4095,4078,4078,3982,0,0,16,0,0,48,3966,3950,3966,3982,3950,3982,3613,0,0,0,0,0,0,0,0,0,0,0,0,0,0,0,0,0,0,0,0,0,0,0,0,0,0,0,0,0,0,
0,0,0,0,16,16,0,0,0,0,0,0,0,0,0,64,64,96,48,0,16,0,0,0,0,0,0,80,4078,3966,3886,3629,16,0,0,16,0,64,0,0,64,3950,16,96,16,0,16,0,0,0,128,0,64,48,3677,80,3099,16,0,0,48,0,0,48,3645,3870,16,64,80,48,16,0,96,3902,0,0,64,0,3902,273,4078,4078,3998,64,128,192,3902,16,144,3324,16,3822,4095,4078,3998,4095,4078,4078,4095,3982,176,3404,16,0,96,4095,3982,353,4078,4062,3982,3966,3950,3966,0,0,0,0,3982,4095,4078,4095,3982,48,0,321,3918,16,0,0,0,48,3966,3966,3982,3982,3998,224,4078,3645,0,0,0,0,0,0,0,0,48,3966,3966,3645,0,0,0,0,0,0,0,0,0,0,0,0,0,0,0,0,0,
0,0,0,0,16,16,0,0,0,0,0,0,0,0,0,64,64,96,48,0,16,0,0,0,0,0,0,80,4078,3966,3886,3629,16,0,0,16,0,64,0,0,64,3950,16,96,16,0,16,0,0,0,128,0,64,48,3677,80,3099,16,0,0,48,0,0,48,3645,3870,16,64,80,48,16,0,96,3902,0,0,64,0,3902,273,4078,4078,3998,64,128,192,3902,16,144,3324,16,3822,4095,4078,3998,4095,4078,4078,4095,3982,176,3404,16,0,96,4095,3982,353,4078,4062,3982,3966,3950,3966,0,0,0,0,3982,4095,4078,4095,3982,48,0,321,3918,16,0,0,0,48,3966,3966,3982,3982,3998,224,4078,3645,0,0,0,0,0,0,0,0,48,3966,3966,3645,0,0,0,0,0,0,0,0,0,0,0,0,0,0,0,0,0,
0,0,0,0,128,64,0,16,0,0,0,0,0,0,0,192,3870,3950,3629,0,48,0,0,0,0,0,0,3918,3918,0,0,0,48,3452,96,0,16,64,0,0,80,3966,16,64,0,0,64,3500,0,0,112,0,16,80,3934,289,3854,0,0,0,0,48,0,48,3629,16,192,3966,4014,3741,48,0,16,64,3966,16,48,0,385,3340,208,3998,208,3532,96,80,321,3902,192,3340,16,3870,96,4078,3982,3918,273,4078,4046,4095,4078,3340,16,0,3966,80,3998,289,4078,4078,4046,4014,4078,3934,0,0,0,0,208,3934,3982,3998,4095,3982,353,4078,3982,0,16,0,0,3709,64,64,224,4095,4095,4095,4078,3645,0,0,0,0,0,3966,3966,3982,3966,3966,3982,3613,0,0,0,0,0,0,0,0,0,0,0,0,0,0,0,0,0,
0,0,0,0,144,64,0,16,0,0,0,0,0,0,0,192,3870,3950,3629,0,48,0,0,0,0,0,0,3918,3918,0,0,0,48,3452,96,0,16,64,0,0,80,3966,16,64,0,0,64,3500,0,0,112,0,16,80,3934,289,3854,0,0,0,0,48,0,48,3629,16,192,3966,4014,3741,48,0,16,64,3966,16,48,0,385,3340,208,3998,208,3532,96,80,305,3902,192,3340,16,3870,96,4078,3982,3918,273,4078,4046,4095,4078,3340,16,0,3966,80,3998,289,4078,4078,4046,4014,4078,3934,0,0,0,0,208,3934,3982,3998,4095,3982,353,4078,3982,0,16,0,0,3709,64,64,224,4095,4095,4095,4078,3645,0,0,0,0,0,3966,3966,3982,3966,3966,3982,3613,0,0,0,0,0,0,0,0,0,0,0,0,0,0,0,0,0,
0,0,0,0,64,64,32,0,0,0,0,0,0,0,0,64,3950,3918,3452,16,64,0,0,0,0,0,0,3966,0,0,0,0,64,3581,96,0,0,0,0,0,3934,0,16,64,16,0,64,3532,0,0,16,0,64,3741,80,208,3902,0,16,0,0,80,0,0,48,0,289,4046,3934,3677,96,0,16,80,3934,0,0,80,224,3918,3629,80,48,3629,96,64,321,3822,16,64,2858,3805,0,256,3549,112,192,4078,3934,3998,3966,80,0,0,3966,48,3741,176,3982,4078,3998,96,224,4062,3452,0,16,0,64,64,3500,96,4078,3982,4078,3982,3934,0,16,0,0,3677,64,64,208,3982,224,3982,192,3613,0,0,0,0,0,3966,3982,3982,3966,3966,3982,3613,0,0,0,0,0,0,0,0,0,0,0,0,0,0,0,0,0,
0,0,0,0,64,64,32,0,0,0,0,0,0,0,0,64,3950,3918,3452,16,64,0,0,0,0,0,0,3966,0,0,0,0,64,3581,96,0,0,0,0,0,3934,0,16,64,16,0,64,3532,0,0,16,0,64,3741,80,208,3902,0,16,0,0,80,0,0,48,0,289,4046,3934,3677,96,0,16,80,3934,0,0,80,224,3918,3629,80,48,3629,96,64,321,3822,16,64,2858,3805,0,256,3549,112,192,4078,3934,3998,3966,80,0,0,3966,48,3741,176,3982,4078,3998,96,224,4062,3452,0,16,0,64,64,3500,96,4078,3982,4078,3982,3934,0,16,0,0,3677,64,64,208,3982,224,3982,192,3613,0,0,0,0,0,3966,3982,3982,3966,3966,3982,3613,0,0,0,0,0,0,0,0,0,0,0,0,0,0,0,0,0,
0,0,0,0,64,64,32,0,0,0,0,0,0,0,0,64,3950,3918,3452,16,64,0,0,0,0,0,0,3934,0,0,16,0,48,3581,96,0,16,0,0,0,3950,0,0,48,0,0,64,3292,0,0,0,0,96,3532,64,401,3741,16,0,0,16,48,0,0,48,16,497,4095,4078,3982,96,64,80,305,3870,0,0,48,449,4062,3950,3950,3870,4095,4030,3950,3966,3982,0,64,3259,4062,3902,16,0,289,4078,3966,16,64,3549,80,0,0,4078,3966,0,128,4078,4095,3982,96,48,64,3870,0,0,0,3934,80,240,4095,4078,3998,4078,3500,64,3934,0,0,0,3982,4095,4095,4078,3966,48,3613,0,176,3629,0,0,0,0,3950,3966,3966,3677,64,64,192,3629,0,0,0,0,0,0,0,0,48,3950,3982,3629,0,0,0,0,
0,0,0,0,64,64,32,0,0,0,0,0,0,0,0,64,3950,3918,3452,16,64,0,0,0,0,0,0,3934,0,0,16,0,48,3581,96,0,16,0,0,0,3950,0,0,48,0,0,64,3292,0,0,0,0,96,3532,64,401,3741,16,0,0,16,48,0,0,48,16,497,4095,4078,3982,96,64,80,305,3870,0,0,48,449,4062,3950,3950,3870,4095,4030,3950,3966,3982,0,64,3259,4062,3902,16,0,289,4078,3966,16,64,3549,80,0,0,4078,3966,0,128,4078,4095,3982,96,48,64,3870,0,0,0,3934,80,240,4095,4078,3998,4078,3500,64,3934,0,0,0,3982,4095,4095,4078,3966,48,3613,0,176,3629,0,0,0,0,3950,3966,3966,3677,64,64,192,3629,0,0,0,0,0,0,0,0,48,3950,3982,3629,0,0,0,0,
0,0,0,0,64,64,32,0,0,0,0,0,0,0,0,64,3950,3918,3468,16,64,0,0,0,0,0,0,3934,0,64,80,80,64,3613,64,0,16,0,0,0,3950,64,4078,3982,3902,0,80,3468,16,0,0,0,96,3581,321,3741,305,3854,0,0,32,64,0,0,48,16,481,4078,4095,4078,3966,128,80,224,3870,0,0,48,449,4062,3982,3982,3998,4078,4078,3934,3950,3982,0,64,3259,4062,3886,0,16,289,4078,3966,16,64,3677,80,0,0,4078,3966,0,80,4062,4095,3998,80,80,64,3870,0,0,0,3918,64,369,4062,4078,3998,4078,3452,80,3934,0,0,0,3982,4095,4095,4095,3966,48,3613,0,176,3629,0,0,0,0,3950,3966,3966,3677,64,64,192,3629,0,0,0,0,0,0,0,0,48,3950,3982,3629,0,0,0,0,
0,0,0,0,64,64,32,0,0,0,0,0,0,0,0,64,3950,3918,3468,16,64,0,0,0,0,0,0,3934,0,64,80,64,64,3613,64,0,16,0,0,0,3950,64,4078,3982,3902,0,80,3468,16,0,0,0,96,3581,321,3741,305,3854,0,0,32,64,0,0,48,16,481,4078,4095,4078,3966,128,80,224,3870,0,0,48,449,4062,3982,3982,3998,4078,4078,3934,3950,3982,0,64,3259,4062,3886,0,16,289,4078,3966,16,64,3677,80,0,0,4078,3966,0,80,4062,4095,3998,80,80,64,3870,0,0,0,3918,64,369,4062,4078,3998,4078,3452,80,3934,0,0,0,3982,4095,4095,4095,3966,48,3613,0,176,3629,0,0,0,0,3950,3966,3966,3677,64,64,192,3629,0,0,0,0,0,0,0,0,48,3950,3982,3629,0,0,0,0,
0,0,0,0,64,96,16,0,16,0,0,0,0,0,0,48,3950,3966,3532,16,64,0,0,0,0,0,0,3468,0,96,64,64,64,3613,64,0,0,0,0,0,16,240,4095,4078,3902,0,96,3468,0,0,0,0,3950,48,3902,4095,4095,3982,96,0,16,48,0,0,0,3436,16,256,4078,4095,4078,3870,80,224,3966,0,0,0,16,240,3918,3934,3918,4078,3998,4078,3950,3982,16,0,0,64,3934,64,16,353,3918,96,3918,96,3549,80,0,224,273,4062,3645,192,4030,3870,96,3934,80,64,3902,208,3324,0,3982,208,4095,4078,3549,208,4095,3870,96,4078,3532,0,0,3950,3998,4095,3998,208,4095,3982,3725,176,3629,0,0,0,0,208,4095,4095,3982,3982,64,176,3645,0,0,0,0,0,0,0,3629,48,3966,3982,3645,0,0,0,0,
0,0,0,0,64,96,16,0,16,0,0,0,0,0,0,48,3950,3966,3532,16,64,0,0,0,0,0,0,3468,0,96,64,64,64,3613,64,0,0,0,0,0,16,240,4095,4078,3902,0,96,3468,0,0,0,0,3950,48,3886,4095,4095,3982,96,0,16,48,0,0,0,3436,16,256,4078,4095,4078,3870,80,224,3966,0,0,0,16,240,3918,3934,3918,4078,3998,4078,3950,3982,16,0,0,64,3934,64,16,353,3918,96,3918,96,3549,80,0,224,273,4062,3645,192,4030,3870,96,3934,80,64,3902,208,3324,0,3982,208,4095,4078,3549,208,4095,3870,96,4078,3532,0,0,3950,3998,4095,3998,208,4095,3982,3725,176,3629,0,0,0,0,208,4095,4095,3982,3982,64,176,3645,0,0,0,0,0,0,0,3629,48,3966,3982,3645,0,0,0,0,
0,0,0,0,3966,3372,16,48,0,0,0,0,0,0,0,0,0,0,0,64,3436,0,16,0,0,0,0,16,0,64,80,96,0,16,16,80,0,16,0,0,16,240,4062,4095,3838,0,0,96,3468,0,0,0,3870,48,3998,4095,4095,3998,80,64,64,80,64,0,0,3645,16,321,4078,4095,4078,3934,3982,3998,4078,3870,0,0,16,224,3886,4095,4046,3982,0,48,96,3950,3982,64,0,64,3982,240,4078,3950,3982,80,3854,0,112,3934,3838,192,64,4078,3998,3982,96,3934,80,3886,16,64,80,4078,3292,0,3581,192,3934,256,3725,208,3950,256,3532,80,3966,0,0,176,3982,4095,3966,64,4095,4095,3645,0,224,3950,0,0,0,208,4095,3982,192,3950,3645,0,208,4078,0,0,0,0,0,0,3998,3998,64,64,208,0,0,0,0,
0,0,0,0,3966,3372,16,48,0,0,0,0,0,0,0,0,0,0,0,64,3436,0,16,0,0,0,0,16,0,64,80,96,0,16,16,80,0,16,0,0,16,240,4062,4095,3838,0,0,96,3468,0,0,0,3870,48,3998,4095,4095,3998,80,64,64,80,64,0,0,3645,16,321,4078,4095,4078,3934,3982,3998,4078,3870,0,0,16,224,3886,4095,4046,3966,0,48,96,3950,3982,64,0,64,3982,240,4078,3950,3982,80,3854,0,112,3934,3838,192,64,4078,3998,3982,96,3934,80,3886,16,64,80,4078,3292,0,3581,192,3934,256,3725,208,3950,256,3532,80,3966,0,0,176,3982,4095,3966,64,4095,4095,3645,0,224,3950,0,0,0,208,4095,3982,192,3950,3645,0,208,4078,0,0,0,0,0,0,3998,3998,64,64,208,0,0,0,0,
0,0,0,0,3966,3452,0,48,0,0,0,0,0,0,0,0,16,0,16,48,3372,16,0,0,0,0,0,0,0,80,64,64,0,0,0,64,0,16,0,0,32,240,4062,4095,3902,0,0,64,3500,0,0,0,3902,48,3950,4095,4095,3998,64,64,64,80,80,0,0,3693,16,289,4078,4078,4078,3982,3982,3982,4095,3838,16,0,16,224,3950,4095,4078,3966,16,48,80,3982,3982,80,0,80,3950,273,4078,3838,3966,64,3902,0,80,3854,3950,112,64,4078,3998,3966,80,3982,80,3870,16,48,80,4078,3163,0,3645,224,3918,273,3693,208,3934,240,3549,80,3950,0,0,176,3982,4095,3966,64,4095,4095,3645,0,224,3950,0,0,0,208,4095,3982,192,3950,3645,0,208,4078,0,0,0,0,0,0,3998,3998,64,64,208,0,0,0,0,
0,0,0,0,3966,3452,0,48,0,0,0,0,0,0,0,0,16,0,16,48,3372,16,0,0,0,0,0,0,0,80,64,64,0,0,0,64,0,16,0,0,32,240,4062,4095,3902,0,0,64,3500,0,0,0,3902,48,3950,4095,4095,3998,64,64,64,80,80,0,0,3693,16,289,4078,4078,4078,3982,3982,3982,4095,3838,16,0,16,224,3950,4095,4078,3966,16,48,80,3982,3982,80,0,80,3950,273,4078,3838,3966,64,3902,0,80,3854,3950,112,64,4078,3998,3966,80,3982,80,3870,16,48,80,4078,3163,0,3645,224,3918,273,3693,208,3934,240,3549,80,3950,0,0,176,3982,4095,3966,64,4095,4095,3645,0,224,3950,0,0,0,208,4095,3998,192,3950,3645,0,208,4078,0,0,0,0,0,0,3998,3998,64,64,208,0,0,0,0,
0,0,0,0,3918,3532,16,32,0,0,0,0,0,0,0,0,0,0,16,64,3243,16,0,0,0,0,0,0,16,64,80,64,16,0,16,64,0,0,0,0,16,224,4014,4095,3950,0,16,48,3500,0,0,0,64,48,3982,4095,4095,3950,64,96,64,128,96,16,0,3259,32,273,4046,4095,4062,4078,3918,3982,4046,3902,0,16,160,176,3982,4078,4095,4095,3918,64,64,3998,3934,96,0,3918,3966,96,4078,3950,4078,3966,3902,0,80,3902,3838,16,64,3950,289,3918,112,3854,96,3886,16,48,96,3982,273,0,3998,4078,3998,176,3645,48,3581,64,3468,64,4078,0,0,176,3982,4095,3966,0,64,64,48,0,224,3950,0,0,0,192,4095,3982,192,3950,3982,3725,208,4078,0,0,0,0,0,0,3982,3982,64,64,208,0,0,0,0,
0,0,0,0,3966,3468,0,32,0,0,0,0,0,0,0,0,16,0,16,48,3195,0,0,0,0,0,0,16,80,128,64,64,0,0,0,96,0,0,0,0,48,3918,4095,3998,3950,80,96,240,3822,0,16,0,3324,16,192,3982,305,4062,4095,4078,3870,3741,96,0,0,16,192,3966,4095,4062,4095,4062,3645,0,80,3982,96,0,289,3629,176,3870,4095,4062,3966,0,80,64,4078,3195,112,3870,273,3934,64,3902,3982,3886,96,3773,48,3340,96,3870,4046,3950,3950,0,0,80,3934,96,3934,48,16,80,4078,0,192,3870,80,16,176,3645,48,3934,3597,0,240,0,0,4095,4095,3982,192,3709,64,64,48,0,48,3982,0,0,0,3998,4095,3982,240,4078,3950,3677,0,0,0,0,0,0,0,0,4078,3982,3645,0,0,0,0,0,0,
0,0,0,0,3966,3468,0,32,0,0,0,0,0,0,0,0,16,0,16,48,3195,0,0,0,0,0,0,16,80,128,64,64,0,0,0,96,0,0,0,0,48,3918,4095,3998,3950,80,96,240,3822,0,16,0,3324,16,192,3982,305,4062,4095,4078,3870,3741,96,0,0,16,192,3966,4095,4062,4095,4062,3645,0,80,3982,96,0,289,3629,176,3870,4095,4062,3966,0,80,64,4078,3195,112,3870,273,3934,64,3902,3982,3886,96,3773,48,3340,96,3870,4046,3950,3950,0,0,80,3934,96,3934,48,16,80,4078,0,192,3870,80,16,176,3645,48,3934,3597,0,240,0,0,4095,4095,3982,192,3709,64,64,48,0,48,3982,0,0,0,3998,4095,3982,240,4078,3950,3677,0,0,0,0,0,0,0,0,4078,3982,3645,0,0,0,0,0,0,
0,0,0,0,3854,3500,0,0,0,0,0,0,0,0,0,0,96,64,48,0,0,16,0,0,0,0,0,16,224,4095,4078,3677,48,0,0,16,0,0,0,0,64,4078,3966,3581,305,3934,80,64,48,0,0,0,3259,80,3982,64,256,4078,4095,4046,3966,3500,64,0,0,16,176,3918,4078,4078,4095,4078,3581,0,64,3934,64,0,289,3549,208,3870,4095,4078,3982,16,64,64,4062,3436,80,3902,64,3950,128,3838,3934,3870,96,3886,80,3468,80,3902,3918,64,3854,16,0,80,3982,80,3870,16,16,64,3950,0,256,3998,64,16,208,3613,48,3597,0,0,192,0,0,3982,4095,3982,192,3709,64,64,48,0,48,3982,0,0,0,3998,4095,3982,240,4078,3950,3645,0,0,0,0,0,0,0,0,4078,3982,3645,0,0,0,0,0,0,
0,0,0,0,3854,3500,0,0,0,0,0,0,0,0,0,0,96,64,48,0,0,16,0,0,0,0,0,16,224,4095,4078,3677,48,0,0,16,0,0,0,0,64,4078,3966,3581,305,3934,80,64,48,0,0,0,3259,80,3982,64,240,4078,4095,4046,3966,3468,64,0,0,16,176,3918,4078,4078,4095,4078,3581,0,64,3934,64,0,289,3549,208,3870,4095,4078,3966,16,64,64,4062,3436,80,3902,64,3950,128,3838,3934,3870,96,3886,80,3468,80,3902,3918,64,3854,16,0,80,3982,80,3870,16,16,64,3950,0,256,3998,64,16,208,3613,48,3597,0,0,192,0,0,3982,4095,3982,192,3709,64,64,48,0,48,3982,0,0,0,3998,4095,3982,240,4078,3950,3645,0,0,0,0,0,0,0,0,4078,3982,3645,0,0,0,0,0,0,
0,0,0,0,16,0,0,0,16,0,0,0,0,0,0,0,64,96,64,0,0,48,3532,0,0,0,0,0,208,4078,4078,3581,64,0,0,16,0,16,0,0,64,4078,3982,3549,289,3950,64,64,80,16,0,0,3404,64,3950,96,256,4046,4095,4046,3982,3581,80,48,0,16,224,3950,4078,4062,4062,4078,3404,16,48,3741,3982,16,321,3549,208,3918,4095,4078,3982,16,80,0,96,3934,64,3838,112,3950,96,3773,3934,3918,80,3822,16,80,3870,3886,3902,64,3950,0,16,80,3966,64,3902,0,0,64,3838,0,208,3982,64,16,192,3613,96,3629,0,16,208,0,0,3982,4095,3982,192,3725,64,64,64,48,48,3982,0,0,0,3982,4078,3645,80,4078,3966,3966,3645,0,0,0,0,0,0,0,64,176,3645,0,0,0,0,0,0,
0,0,0,0,16,0,0,0,16,0,0,0,0,0,0,0,64,96,64,0,0,48,3532,0,0,0,0,0,208,4078,4078,3581,64,0,0,16,0,16,0,0,64,4078,3982,3549,289,3950,64,64,80,16,0,0,3404,64,3950,96,256,4046,4095,4046,3982,3581,80,48,0,16,224,3950,4078,4062,4062,4078,3404,16,48,3741,3982,16,321,3549,208,3918,4095,4078,3982,16,80,0,96,3934,64,3838,112,3950,96,3773,3934,3918,80,3822,16,80,3870,3886,3902,64,3950,0,16,80,3966,64,3902,0,0,64,3838,0,208,3982,64,16,192,3613,96,3629,0,16,208,0,0,3982,4095,3982,192,3725,64,64,64,48,48,3982,0,0,0,3982,4078,3645,80,4078,3966,3966,3645,0,0,0,0,0,0,0,64,176,3645,0,0,0,0,0,0,
0,0,0,0,16,0,0,0,0,0,0,0,0,0,0,0,64,64,48,0,0,48,3452,0,0,0,0,0,240,4095,4095,3950,64,128,64,48,16,0,0,0,80,4095,4095,4095,4078,4046,3982,3950,3693,64,64,0,3468,112,4078,4078,4078,3982,3982,64,32,48,3902,3934,96,16,289,4078,4046,3982,321,3918,3966,0,0,80,4095,3870,401,4062,3998,4078,3934,3645,401,3886,48,0,64,4078,3613,4062,3982,64,3645,96,240,4046,3982,3870,16,80,3340,48,4095,3982,0,96,3870,3950,3982,80,3934,16,0,16,48,0,3950,0,0,16,256,3500,48,3532,16,0,0,0,0,3982,64,64,192,3629,0,48,0,48,0,48,0,0,0,4078,3966,3629,0,224,3982,176,3629,48,0,0,0,0,0,0,64,176,3950,3950,3629,0,0,0,0,
0,0,0,0,16,0,0,0,0,0,0,0,0,0,0,0,64,64,48,0,0,48,3452,0,0,0,0,0,240,4095,4095,3950,64,128,64,48,16,0,0,0,80,4095,4095,4095,4078,4046,3982,3950,3693,64,64,0,3468,112,4078,4078,4078,3982,3982,64,32,48,3902,3934,96,16,289,4078,4046,3982,321,3918,3966,0,0,80,4095,3870,401,4062,3998,4078,3934,3645,401,3886,48,0,64,4078,3613,4062,3982,64,3645,96,240,4046,3982,3870,16,80,3340,48,4095,3982,0,96,3870,3950,3982,80,3934,16,0,16,48,0,3950,0,0,16,256,3500,48,3532,16,0,0,0,0,3982,64,64,192,3629,0,48,0,48,0,48,0,0,0,4078,3966,3629,0,224,3982,176,3629,48,0,0,0,0,0,0,64,176,3950,3950,3629,0,0,0,0,
0,0,0,0,16,0,0,0,0,0,0,0,0,0,0,64,48,64,48,16,16,48,3468,0,0,0,0,80,4078,3870,3982,3998,96,80,64,64,0,0,0,0,80,3902,80,289,4095,4062,3982,3934,3597,64,48,0,16,80,4095,4078,4078,3870,3982,64,64,48,3870,3950,96,16,208,4095,4078,3950,256,3870,4078,3468,0,80,4078,3886,305,4062,3982,4078,3902,3468,321,3870,32,48,64,4078,3629,4078,3918,96,3404,64,289,4062,3693,64,3902,64,3452,64,4095,3902,0,64,3854,3982,3822,16,64,3966,0,16,80,0,3982,0,16,0,240,3629,16,48,3581,0,0,0,0,3982,64,64,192,3645,0,16,64,48,0,48,0,0,0,4078,3950,3629,0,64,208,4078,3645,48,0,0,0,0,0,0,64,224,4078,3982,3629,0,0,0,0,
0,0,0,0,16,0,0,0,0,0,0,0,0,0,0,64,48,64,48,0,16,48,3468,0,0,0,0,80,4078,3870,3982,3998,96,80,64,64,0,0,0,0,80,3902,80,289,4095,4062,3982,3934,3597,64,48,0,16,80,4095,4078,4078,3870,3982,64,64,48,3870,3950,96,16,208,4095,4078,3950,256,3870,4078,3468,0,80,4078,3886,305,4062,3982,4078,3902,3468,321,3870,32,48,64,4078,3629,4078,3918,96,3404,64,289,4062,3693,64,3902,64,3452,64,4095,3902,0,64,3854,3982,3822,16,64,3966,0,16,80,0,3982,0,16,0,240,3629,16,48,3581,0,0,0,0,3982,64,64,192,3645,0,16,64,48,0,48,0,0,0,4078,3950,3629,0,64,208,4078,3645,48,0,0,0,0,0,0,64,224,4078,3982,3629,0,0,0,0,
0,0,0,0,16,0,0,0,0,0,0,0,0,0,0,64,48,64,48,16,16,48,3468,0,0,0,0,80,4078,3870,3982,3998,96,80,64,64,0,0,0,0,80,3902,80,289,4095,4062,3982,3934,3597,64,48,0,16,80,4095,4078,4078,3870,3982,64,64,48,3870,3950,96,16,208,4095,4078,3950,256,3870,4078,3468,0,80,4078,3886,305,4062,3982,4078,3902,3468,321,3870,32,48,64,4078,3629,4078,3918,96,3404,64,289,4062,3693,64,3902,64,3452,64,4095,3902,0,64,3854,3982,3822,16,64,3966,0,16,80,0,3982,0,16,0,240,3629,16,48,3581,0,0,0,0,3982,64,64,176,3645,0,16,64,48,0,48,0,0,0,4078,3950,3629,0,64,208,4078,3645,48,0,0,0,0,0,0,64,224,4078,3982,3629,0,0,0,0,
0,0,0,0,16,0,0,0,0,0,0,0,0,0,0,64,48,64,48,16,16,48,3468,0,0,0,0,80,4078,3870,3982,3998,96,80,64,64,0,0,0,0,80,3902,80,289,4095,4062,3982,3934,3597,64,48,0,16,80,4095,4078,4078,3870,3982,64,64,48,3870,3950,96,16,208,4095,4078,3950,256,3870,4078,3468,0,80,4078,3886,305,4062,3982,4078,3902,3468,321,3870,32,48,64,4078,3629,4078,3918,96,3404,64,289,4062,3693,64,3902,64,3452,64,4095,3902,0,64,3854,3982,3822,16,64,3966,0,16,80,0,3982,0,16,0,240,3629,16,48,3581,0,0,0,0,3982,64,64,176,3645,0,16,64,48,0,48,0,0,0,4078,3950,3629,0,64,208,4078,3645,48,0,0,0,0,0,0,64,224,4078,3982,3629,0,0,0,0,
0,0,0,0,0,16,0,0,16,0,0,0,0,0,0,64,80,80,64,80,80,176,3773,0,0,0,0,64,4095,4095,4078,4078,4078,3918,3934,3645,80,80,0,0,80,4062,4095,4078,4014,3950,64,0,64,3918,3324,0,96,176,4062,3966,3468,208,4078,3677,64,0,0,321,3195,3838,4078,3982,96,112,176,3532,96,3838,0,48,3773,128,305,3902,4078,3918,3902,3645,0,256,3982,48,64,3950,48,3966,96,3613,64,0,32,96,4078,3950,3966,48,3372,16,3950,16,64,3372,144,64,192,3870,176,3838,16,16,0,0,0,0,64,3902,3966,3918,3629,48,3677,0,0,0,0,48,0,0,0,0,48,0,64,64,0,0,0,0,0,64,64,48,48,3629,64,3966,3677,0,0,0,0,0,0,0,3998,64,64,64,48,0,0,0,0,
0,0,0,0,0,16,0,0,16,0,0,0,0,0,0,64,80,80,64,80,80,176,3773,0,0,0,0,64,4095,4095,4078,4078,4078,3918,3934,3645,80,80,0,0,80,4062,4095,4078,4014,3950,64,0,64,3918,3324,0,96,176,4062,3966,3468,208,4078,3677,64,0,0,321,3195,3838,4078,3982,96,112,176,3532,96,3838,0,48,3773,128,305,3902,4078,3918,3902,3645,0,256,3982,48,64,3950,48,3966,96,3613,64,0,32,96,4078,3950,3966,48,3372,16,3950,16,64,3372,144,64,192,3870,176,3838,16,16,0,0,0,0,64,3902,3966,3918,3629,48,3677,0,0,0,0,48,0,0,0,0,48,0,64,64,0,0,0,0,0,64,64,48,48,3629,64,3966,3677,0,0,0,0,0,0,0,3998,64,64,64,48,0,0,0,0,
0,0,0,0,0,0,0,0,16,0,0,0,0,0,0,64,64,64,64,64,64,64,48,0,0,0,0,48,3998,4078,4095,4095,4078,3950,3950,3693,289,3902,0,0,16,224,4095,4062,3982,3597,128,0,64,3838,3693,0,128,208,4078,3902,3452,16,256,3645,64,0,0,80,3902,3902,4078,3918,0,0,64,3292,80,3854,0,0,64,4095,224,3902,3918,0,0,0,16,240,3982,64,0,64,4078,3902,80,3597,80,0,0,64,4078,3982,3982,0,48,3436,3950,0,48,3645,80,112,192,3966,96,3902,0,0,0,0,0,0,48,3982,3950,3902,3629,80,3549,0,80,0,0,0,0,0,0,0,48,0,48,0,48,3645,0,0,0,64,64,48,64,3645,48,3629,0,0,0,0,0,0,0,0,3645,0,48,0,48,0,0,0,0,
0,0,0,0,0,0,0,0,16,0,0,0,0,0,0,64,64,64,64,64,64,64,48,0,0,0,0,48,3998,4078,4095,4095,4078,3950,3950,3693,289,3902,0,0,16,224,4095,4062,3982,3597,128,0,64,3838,3693,0,128,208,4078,3902,3452,16,256,3645,64,0,0,80,3902,3902,4078,3918,0,0,64,3292,80,3854,0,0,64,4095,224,3902,3918,0,0,0,16,240,3982,64,0,64,4078,3902,80,3597,80,0,0,64,4078,3982,3982,0,48,3436,3950,0,48,3645,80,112,192,3966,96,3902,0,0,0,0,0,0,48,3982,3950,3902,3629,80,3549,0,80,0,0,0,0,0,0,0,48,0,48,0,48,3645,0,0,0,64,64,48,64,3645,48,3629,0,0,0,0,0,0,0,0,3645,0,48,0,48,0,0,0,0,
0,0,0,0,48,16,0,16,0,0,0,0,0,0,0,3902,3934,3741,80,64,96,64,64,0,0,0,0,0,0,80,273,4095,4078,3998,4078,3725,256,3934,0,0,16,224,4078,4046,3950,3645,240,3532,64,3854,3693,0,80,192,4078,3966,3532,16,192,3741,64,0,16,96,3902,3950,4078,3950,0,16,48,3404,96,3789,16,0,96,4095,256,3854,3966,0,0,0,0,208,3982,16,64,64,4078,3934,80,3597,64,16,0,80,4078,3500,64,3902,48,3468,3934,0,48,3741,80,80,240,3934,16,64,3982,0,0,0,0,0,48,3902,3966,3918,3613,0,64,3677,96,0,0,0,0,0,0,0,48,0,0,0,48,3645,0,0,0,64,64,48,48,3629,0,0,0,0,0,0,0,0,0,0,3645,0,0,0,48,0,0,0,0,
0,0,0,0,48,16,0,16,0,0,0,0,0,0,0,3902,3934,3741,80,64,96,64,64,0,0,0,0,0,0,80,273,4095,4078,3998,4078,3725,256,3934,0,0,16,224,4078,4046,3950,3645,240,3532,64,3854,3693,0,80,192,4078,3966,3532,16,192,3741,64,0,16,96,3902,3950,4078,3950,0,16,48,3404,96,3789,16,0,96,4095,256,3854,3966,0,0,0,0,208,3982,16,64,64,4078,3934,80,3597,64,16,0,80,4078,3500,64,3902,48,3468,3934,0,48,3741,80,80,240,3934,16,64,3982,0,0,0,0,0,48,3902,3966,3918,3613,0,64,3677,96,0,0,0,0,0,0,0,48,0,0,0,48,3645,0,0,0,64,64,48,48,3629,0,0,0,0,0,0,0,0,0,0,3645,0,0,0,48,0,0,0,0,
0,0,0,0,64,64,64,64,96,0,0,0,0,0,0,3982,4095,4078,3950,3982,3950,3902,3709,64,0,0,0,16,224,4078,3982,64,64,0,48,64,3934,3597,0,0,208,4095,4095,4078,3966,3452,273,3581,0,16,96,0,160,3870,4078,3902,3629,16,208,3597,96,0,0,0,224,3918,64,3982,16,0,48,3597,128,3838,0,0,64,3934,3436,64,3982,0,0,0,0,289,3934,0,48,96,3934,0,48,3629,80,16,0,96,4062,3693,80,3870,48,3597,0,16,48,3709,64,96,224,3902,0,64,3966,0,16,0,0,0,80,3902,3934,3934,3645,0,64,3693,64,0,0,0,0,0,0,0,48,0,0,0,48,3645,0,0,0,64,64,48,64,3613,0,0,0,0,0,0,0,0,0,0,3613,0,0,0,48,0,0,0,0,
0,0,0,0,64,64,64,64,96,0,0,0,0,0,0,3982,4095,4078,3950,3982,3950,3902,3709,64,0,0,0,0,224,4078,3982,64,64,0,48,64,3934,3597,0,0,208,4095,4095,4078,3966,3452,273,3581,0,16,96,0,176,3870,4078,3902,3629,16,208,3597,96,0,0,0,224,3918,64,3982,16,0,48,3597,128,3838,0,0,64,3934,3436,64,3982,0,0,0,0,289,3934,0,48,96,3934,0,48,3629,80,16,0,96,4062,3693,80,3870,48,3597,0,16,48,3709,64,96,224,3902,0,64,3966,0,16,0,0,0,80,3902,3934,3934,3645,0,64,3693,64,0,0,0,0,0,0,0,48,0,0,0,48,3645,0,0,0,64,64,48,64,3613,0,0,0,0,0,0,0,0,0,0,3613,0,0,0,48,0,0,0,0,
0,0,0,0,64,80,64,64,80,0,0,0,0,0,0,3998,4095,4078,4095,4078,3966,3950,3645,64,0,0,0,0,192,4078,3934,3950,3597,0,64,48,3934,3597,0,0,256,4078,3950,112,0,0,48,3372,0,0,80,0,208,4078,3966,3870,3436,16,64,0,16,48,0,16,224,4062,3966,0,0,0,64,3404,16,64,3870,0,64,3902,3854,3982,0,0,0,0,0,48,80,3982,48,112,3902,96,3645,0,0,0,16,80,3966,80,3966,3950,48,3629,0,16,48,0,0,0,96,3982,64,80,3966,0,0,0,48,3581,0,80,64,176,3902,3532,64,3693,64,0,0,0,0,48,3934,3998,3950,0,0,0,48,3645,0,0,0,64,64,48,48,3613,0,0,0,0,0,0,0,0,0,0,3645,0,0,0,48,0,0,0,0,
0,0,0,0,64,80,64,64,80,0,0,0,0,0,0,3998,4095,4078,4095,4078,3966,3950,3645,64,0,0,0,0,192,4078,3934,3950,3597,0,64,48,3934,3597,0,0,256,4078,3950,112,0,0,48,3372,0,0,80,0,208,4078,3966,3870,3436,16,64,0,16,48,0,16,224,4062,3966,0,0,0,64,3404,16,64,3870,0,64,3902,3854,3982,0,0,0,0,0,48,80,3982,48,112,3902,96,3645,0,0,0,16,80,3966,80,3966,3950,48,3629,0,16,48,0,0,0,96,3982,64,80,3966,0,0,0,48,3581,0,80,64,176,3902,3532,64,3693,64,0,0,0,0,48,3934,3998,3950,0,0,0,48,3645,0,0,0,64,64,48,48,3613,0,0,0,0,0,0,0,0,0,0,3645,0,0,0,48,0,0,0,0,
0,0,0,0,64,80,64,64,80,0,0,0,0,0,0,3998,4095,4095,4095,4078,3966,3950,3581,0,0,0,0,0,192,4078,3934,3950,3597,0,64,0,64,3613,0,0,289,4078,3950,96,0,0,48,3372,0,0,48,0,256,4062,3966,3870,3404,16,64,0,16,48,0,16,240,3870,3966,0,0,0,64,3404,16,64,3870,16,80,3870,128,3934,0,0,0,0,0,48,80,3982,80,80,3950,64,3613,0,0,0,16,80,3966,80,3934,3870,64,3581,0,16,48,0,0,0,96,3982,64,80,3966,0,16,0,64,3597,0,80,64,192,3902,3532,64,3645,48,0,0,0,0,48,3934,3998,3966,0,0,0,48,3629,0,0,0,64,64,48,48,3597,0,0,0,0,0,0,0,0,0,0,3597,0,0,0,48,0,0,0,0,
0,0,0,0,64,80,64,64,80,0,0,0,0,0,0,3998,4095,4095,4095,4078,3966,3950,3581,0,0,0,0,0,192,4078,3934,3950,3597,0,64,0,64,3613,0,0,289,4078,3950,96,0,0,48,3372,0,0,48,0,256,4062,3966,3870,3404,16,64,0,16,48,0,16,240,3870,3966,0,0,0,64,3404,16,64,3870,16,80,3870,128,3934,0,0,0,0,0,48,80,3982,80,80,3950,64,3613,0,0,0,16,80,3966,80,3934,3870,64,3581,0,16,48,0,0,0,96,3982,64,80,3966,0,16,0,64,3597,0,80,64,192,3902,3532,64,3645,48,0,0,0,0,48,3934,3998,3966,0,0,0,48,3629,0,0,0,64,64,48,48,3597,0,0,0,0,0,0,0,0,0,0,3597,0,0,0,48,0,0,0,0,
0,0,0,0,3950,3918,3966,4078,3966,0,0,0,0,0,0,289,3918,96,96,224,3324,0,0,64,0,0,0,3966,4095,4095,4078,3934,3532,16,48,0,0,48,0,0,96,4095,4078,3918,16,80,48,3372,16,64,0,0,3613,273,3934,3934,3292,112,3324,144,0,176,3452,16,0,96,3870,0,0,16,0,80,3292,128,3934,16,0,80,64,3934,16,0,0,0,0,16,240,3934,16,80,64,64,3452,0,0,16,0,0,64,4062,3693,96,3773,64,0,16,64,0,0,0,0,80,3950,0,64,3918,0,0,48,3549,0,64,80,64,64,3532,16,64,3532,0,0,0,0,64,3950,3982,3741,48,0,0,0,48,0,0,0,0,0,0,0,176,3645,0,16,48,0,0,0,0,0,0,48,48,3597,0,0,0,0,0,0,
0,0,0,0,3950,3918,3966,4078,3966,0,0,0,0,0,0,289,3918,96,96,224,3324,0,0,64,0,0,0,3966,4095,4095,4078,3934,3532,16,48,0,0,48,0,0,96,4095,4078,3918,16,80,48,3372,16,64,0,0,3613,256,3934,3934,3292,112,3324,144,0,176,3452,16,0,96,3870,0,0,16,0,80,3292,128,3934,16,0,80,64,3934,16,0,0,0,0,16,240,3934,16,80,64,64,3452,0,0,16,0,0,64,4062,3693,96,3773,64,0,16,64,0,0,0,0,80,3950,0,64,3918,0,0,48,3549,0,64,80,64,64,3532,16,64,3532,0,0,0,0,64,3950,3982,3741,48,0,0,0,48,0,0,0,0,0,0,0,176,3645,0,16,48,0,0,0,0,0,0,48,48,3597,0,0,0,0,0,0,
0,0,0,0,4095,4095,4095,4078,3982,0,0,0,0,0,0,192,4078,4078,3870,3966,3468,64,16,64,0,0,0,4078,4095,4095,3918,16,0,48,3436,80,0,48,0,0,3870,4095,4078,3870,16,48,16,96,3436,80,0,0,3966,80,3934,3870,3549,48,3259,80,0,64,3918,0,0,3934,0,0,16,0,0,112,3452,0,64,3902,0,64,3966,0,0,0,0,0,0,16,64,64,3886,80,80,3613,0,0,0,0,0,0,64,3838,96,3934,3918,96,16,64,16,0,16,0,0,160,3902,48,64,3982,0,0,3500,48,0,0,0,16,64,4078,3645,48,3741,0,0,48,3629,0,64,64,64,176,3597,0,0,48,0,0,0,0,48,3950,3982,4078,3629,0,0,48,0,0,0,0,0,0,64,48,3581,0,0,0,0,0,0,
0,0,0,0,4095,4095,4095,4078,3982,0,0,0,0,0,0,192,4078,4078,3870,3966,3468,64,16,64,0,0,0,4078,4095,4095,3918,16,0,48,3436,80,0,48,0,0,3870,4095,4078,3870,16,48,16,96,3436,80,0,0,3966,80,3934,3870,3549,48,3259,80,0,64,3918,0,0,3934,0,0,16,0,0,112,3452,0,64,3902,0,64,3966,0,0,0,0,0,0,16,64,64,3886,80,80,3613,0,0,0,0,0,0,64,3838,96,3934,3918,96,16,64,16,0,16,0,0,160,3902,48,64,3982,0,0,3500,48,0,0,0,16,64,4078,3645,48,3741,0,0,48,3629,0,64,64,64,176,3597,0,0,48,0,0,0,0,48,3950,3982,4078,3629,0,0,48,0,0,0,0,0,0,64,48,3549,0,0,0,0,0,0,
0,0,0,0,4095,4095,4095,4078,3966,0,0,0,0,0,0,240,4062,4062,3870,3950,3597,80,0,64,0,0,0,4095,4095,4078,3918,16,0,48,3372,64,0,48,0,0,3950,4095,4095,3902,0,64,16,64,3597,80,0,0,3918,80,3934,3950,3436,48,3404,80,0,80,3902,0,16,3950,0,0,0,16,0,96,3324,0,64,3934,0,80,3950,0,0,16,0,0,0,16,64,64,3870,112,64,3693,0,0,0,16,64,16,80,3918,64,3982,3805,112,16,48,0,0,64,3292,0,80,3950,48,64,3966,0,0,3597,48,0,0,0,0,64,4078,3613,48,3629,0,0,48,3629,0,64,64,64,176,3597,0,0,48,0,0,0,0,48,3950,3982,4078,3629,0,0,48,0,0,0,0,0,0,64,48,3581,0,0,0,0,0,0,
0,0,0,0,4095,4095,4095,4078,3966,0,0,0,0,0,0,240,4062,4062,3870,3950,3597,80,0,64,0,0,0,4095,4095,4078,3918,16,0,48,3372,64,0,48,0,0,3950,4095,4095,3902,0,64,16,64,3597,80,0,0,3918,80,3934,3950,3436,48,3404,80,0,80,3902,0,16,3950,0,0,0,16,0,96,3324,0,64,3934,0,80,3950,0,0,16,0,0,0,16,64,64,3870,112,64,3693,0,0,0,16,64,16,80,3918,64,3982,3805,112,16,48,0,0,64,3292,0,80,3950,48,64,3966,0,0,3597,48,0,0,0,0,64,4078,3613,48,3629,0,0,48,3629,0,64,64,64,176,3597,0,0,48,0,0,0,0,48,3950,3982,4078,3629,0,0,48,0,0,0,0,0,0,64,48,3581,0,0,0,0,0,0,
0,0,0,0,3918,96,64,48,0,0,0,0,0,0,0,4078,3982,4078,4062,3918,3613,80,16,16,0,0,0,4095,3950,353,4078,3934,0,80,3532,80,0,64,0,0,4078,4078,3918,4078,3966,80,16,80,3532,64,0,0,4078,3950,3982,321,4078,3934,3741,80,0,80,3886,0,16,3902,96,3870,3870,3629,16,48,3340,16,64,3950,0,64,3918,0,16,0,16,0,16,0,48,64,3902,48,64,3677,16,0,0,16,48,0,64,3934,64,3982,3870,80,16,64,0,0,64,3613,16,80,3982,64,64,3918,0,0,3532,48,0,0,0,0,64,4078,3613,64,3645,0,0,64,3629,0,64,64,64,176,3613,0,0,48,0,0,0,0,48,3918,3982,4078,3613,0,0,64,0,0,0,0,0,0,48,48,3629,0,0,0,0,0,0,
0,0,0,0,3918,96,64,48,0,0,0,0,0,0,0,4078,3982,4078,4062,3918,3613,80,16,16,0,0,0,4095,3966,353,4078,3934,0,80,3532,80,0,64,0,0,4078,4078,3918,4078,3966,80,16,80,3532,64,0,0,4078,3950,3982,321,4078,3934,3741,80,0,80,3886,0,16,3902,96,3870,3870,3629,16,48,3340,16,64,3950,0,64,3918,0,16,0,16,0,16,0,48,64,3902,48,64,3677,16,0,0,16,48,0,64,3934,64,3982,3870,80,16,64,0,0,64,3613,16,96,3982,64,64,3918,0,0,3532,48,0,0,0,0,64,4078,3613,64,3645,0,0,64,3629,0,64,64,64,176,3613,0,0,48,0,0,0,0,48,3918,3982,4078,3613,0,0,64,0,0,0,0,0,0,48,48,3629,0,0,0,0,0,0,
0,0,0,0,3918,96,64,48,0,0,0,0,0,0,0,4078,3918,3934,4062,3918,3581,96,16,16,0,0,0,4095,3982,64,224,3966,0,48,3741,64,0,64,0,0,4078,3966,3934,3982,3966,48,0,128,3195,64,0,0,4078,3629,80,112,192,3789,3709,48,0,80,3886,0,16,3902,112,3950,3773,3645,16,48,3452,16,96,3950,0,64,3918,0,0,16,16,16,0,16,48,64,3902,48,64,3677,16,0,16,0,48,0,96,3838,64,3982,3870,80,16,64,0,0,96,3259,16,64,3918,64,64,3918,0,0,3549,64,0,0,0,0,80,4078,3597,64,3645,0,0,64,3629,0,64,64,64,176,3613,0,0,48,0,0,0,0,48,3918,3982,4078,3613,0,0,64,0,0,0,0,0,0,48,48,3629,0,0,0,0,0,0,
0,0,0,0,3918,96,64,48,0,0,0,0,0,0,0,4078,3918,3934,4062,3918,3581,96,16,16,0,0,0,4095,3982,64,224,3966,0,48,3741,64,0,64,0,0,4078,3966,3934,3982,3966,48,0,128,3195,64,0,0,4078,3629,80,112,192,3789,3709,48,0,80,3886,0,16,3902,112,3950,3773,3645,16,48,3452,16,96,3950,0,64,3918,0,0,16,16,16,0,16,48,64,3902,48,64,3677,16,0,16,0,48,0,96,3838,64,3982,3870,80,16,64,0,0,96,3259,16,64,3918,64,64,3918,0,0,3549,64,0,0,0,0,80,4078,3597,64,3645,0,0,48,3629,0,64,64,64,176,3613,0,0,48,0,0,0,0,48,3918,3982,4078,3613,0,0,64,0,0,0,0,0,0,48,48,3629,0,0,0,0,0,0,
0,0,0,0,4078,3902,3934,3613,112,0,0,0,0,0,0,3982,3966,3500,80,0,64,3292,16,0,0,0,0,3982,64,64,208,3966,0,0,0,0,80,0,0,0,4062,3950,3902,3998,3950,48,16,0,48,3532,80,0,3950,3629,64,96,208,3870,3549,64,0,0,80,3805,0,0,64,3918,3902,3613,16,48,3372,16,0,64,3950,0,0,0,0,0,64,80,48,16,48,16,96,3870,64,0,0,0,64,4062,3934,3966,80,3870,0,64,3982,3805,112,0,0,64,3950,289,3838,64,3966,16,64,80,3870,0,0,16,48,3934,3870,3629,64,3581,48,3581,64,0,0,0,48,0,0,0,0,64,48,0,0,0,0,0,0,3629,0,64,64,176,3966,3629,0,0,0,0,0,0,0,0,4078,3966,3645,0,0,0,0,0,0,
0,0,0,0,4078,3902,3934,3613,112,0,0,0,0,0,0,3982,3966,3500,80,0,64,3292,16,0,0,0,0,3982,64,64,208,3966,0,0,0,0,80,0,0,0,4062,3950,3902,3998,3950,48,16,0,48,3532,80,0,3950,3629,64,96,208,3870,3549,64,0,0,80,3805,0,0,64,3918,3902,3613,16,48,3372,16,0,64,3950,0,0,0,0,0,64,80,48,16,48,16,96,3870,64,0,0,0,64,4062,3934,3966,80,3870,0,64,3982,3805,112,0,0,64,3950,289,3838,64,3966,16,64,80,3870,0,0,16,48,3934,3870,3629,64,3581,48,3581,64,0,0,0,48,0,0,0,0,64,48,0,0,0,0,0,0,3629,0,64,64,176,3966,3629,0,0,0,0,0,0,0,0,4078,3966,3645,0,0,0,0,0,0,
0,0,0,0,3998,4078,3934,3372,96,0,0,0,0,0,0,3998,80,240,3468,48,80,3468,0,0,0,0,0,64,3966,3918,3500,96,3950,16,0,0,96,0,0,0,0,0,16,16,64,3950,0,16,48,3532,112,0,3372,48,0,0,0,240,3532,0,64,0,64,3838,16,64,3645,80,64,224,3436,0,80,3549,0,64,3950,0,0,48,3966,3934,3998,112,64,0,16,64,80,3886,64,0,0,0,64,4062,3902,3950,0,128,3918,48,3934,3789,64,0,0,64,3966,353,3870,16,64,3982,112,80,3902,0,0,0,64,3950,3902,3613,0,64,3950,3500,80,0,0,0,48,0,0,0,0,0,48,0,0,0,0,0,0,3645,0,64,64,48,48,3645,0,0,0,0,0,0,0,0,3966,3998,3950,0,0,0,0,0,0,
0,0,0,0,3998,4078,3934,3372,96,0,0,0,0,0,0,3998,80,240,3468,48,80,3468,0,0,0,0,0,64,3966,3918,3500,96,3950,16,0,0,96,0,0,0,0,0,16,16,64,3950,0,16,48,3532,112,0,3372,48,0,0,0,240,3532,0,64,0,64,3838,16,64,3645,80,64,224,3436,0,80,3549,0,64,3950,0,0,48,3966,3934,3998,112,64,0,16,64,80,3886,64,0,0,0,64,4062,3902,3950,0,128,3918,48,3934,3789,64,0,0,64,3966,353,3870,16,64,3982,112,80,3902,0,0,0,64,3950,3902,3613,0,64,3950,3500,80,0,0,0,48,0,0,0,0,0,48,0,0,0,0,0,0,3645,0,64,64,48,48,3645,0,0,0,0,0,0,0,0,3966,3998,3950,0,0,0,0,0,0,
0,0,0,0,3998,4030,3918,3372,96,0,0,0,0,0,0,3950,80,289,3597,64,80,3532,0,0,0,0,0,48,3982,3902,3532,96,3982,0,0,0,80,0,0,0,0,16,64,0,80,3950,0,16,48,3532,96,0,3372,64,48,3645,16,176,3500,0,64,0,64,3805,0,64,3581,80,64,192,3693,0,64,3436,0,64,3966,0,0,64,3934,3950,3982,80,48,0,16,48,64,3934,64,0,0,0,64,4078,3982,3902,16,96,3966,48,3982,3870,48,0,0,96,3950,385,3966,0,48,3982,96,64,3918,0,0,0,48,3950,3838,3613,0,64,3934,3581,48,0,0,0,48,0,0,0,0,0,48,0,0,0,0,0,0,3645,0,64,64,48,48,3645,0,0,0,0,0,0,0,0,3966,3998,3950,0,0,0,0,0,0,
0,0,0,0,3998,4030,3918,3372,96,0,0,0,0,0,0,3950,80,289,3597,64,80,3532,0,0,0,0,0,48,3982,3902,3532,96,3982,0,0,0,80,0,0,0,0,16,64,0,80,3950,0,16,48,3532,96,0,3372,64,48,3645,16,176,3500,0,64,0,64,3805,0,64,3581,80,64,192,3693,0,64,3436,0,64,3966,0,0,64,3934,3950,3982,80,48,0,16,48,64,3934,64,0,0,0,64,4078,3982,3902,16,96,3966,48,3982,3870,48,0,0,96,3950,385,3966,0,48,3982,96,64,3918,0,0,0,48,3950,3838,3613,0,64,3934,3581,48,0,0,0,48,0,0,0,0,0,48,0,0,0,0,0,0,3645,0,64,64,48,48,3645,0,0,0,0,0,0,0,0,3966,3998,3950,0,0,0,0,0,0,
0,0,0,0,3998,4030,3918,3372,96,0,0,0,0,0,0,3950,80,289,3597,64,80,3532,0,0,0,0,0,48,3982,3918,3500,96,3902,0,0,16,80,0,0,0,0,16,80,16,80,3966,0,16,48,3532,96,0,3372,64,64,3581,0,192,3597,0,64,0,64,3805,0,64,3581,80,64,224,3404,16,64,3597,0,64,3966,0,0,64,3934,3950,3886,128,64,48,0,48,64,3934,64,0,0,0,64,4078,4078,4095,3982,112,3918,48,3982,3870,48,0,0,80,4095,4095,4062,3982,64,3982,80,64,3918,0,0,0,64,3950,3966,3918,3613,64,3966,3581,48,0,0,0,48,0,0,0,0,0,48,0,0,0,0,0,0,3645,0,64,64,48,48,3645,0,0,0,0,0,0,0,0,3966,3998,3950,0,0,0,0,0,0,
0,0,0,0,3998,4030,3918,3372,96,0,0,0,0,0,0,3950,80,289,3597,64,80,3532,0,0,0,0,0,48,3982,3918,3500,96,3902,0,0,16,80,0,0,0,0,16,80,16,80,3966,0,16,48,3532,96,0,3372,64,64,3581,0,192,3597,0,64,0,64,3805,0,64,3581,80,64,224,3404,16,64,3597,0,64,3966,0,0,64,3934,3950,3886,128,64,48,0,48,64,3934,64,0,0,0,64,4078,4078,4095,3982,112,3918,48,3982,3870,48,0,0,80,4095,4095,4062,3982,64,3982,80,64,3918,0,0,0,64,3950,3966,3918,3613,64,3966,3581,48,0,0,0,48,0,0,0,0,0,48,0,0,0,0,0,0,3645,0,64,64,48,48,3645,0,0,0,0,0,0,0,0,3966,3998,3950,0,0,0,0,0,0,
0,0,0,0,3436,64,0,0,96,0,0,0,0,0,0,64,64,273,3404,80,0,0,64,3051,0,0,0,48,3918,3934,3581,96,3966,0,0,0,80,3372,0,0,0,0,64,16,64,3966,0,0,0,0,16,0,3468,64,64,3629,0,192,3613,16,48,16,0,16,128,64,3452,96,64,305,3838,96,64,3468,16,0,64,3741,0,80,3982,4078,3854,4095,3998,96,16,48,0,64,3934,0,16,64,3870,128,4062,3966,3982,96,3918,16,48,3902,0,0,80,3934,80,3966,289,3934,128,3870,0,0,96,0,0,48,3725,208,4078,4062,3532,64,3645,0,48,0,0,0,0,64,3950,3950,3645,0,48,0,176,3581,0,0,0,0,0,0,0,0,48,3677,176,3597,0,0,0,0,0,0,64,64,48,0,64,0,0,0,0,
0,0,0,0,3436,64,0,0,96,0,0,0,0,0,0,64,64,273,3404,80,0,0,64,3051,0,0,0,48,3918,3934,3581,96,3966,0,0,0,80,3372,0,0,0,0,64,16,64,3966,0,0,0,0,16,0,3468,64,64,3629,0,192,3613,16,48,16,0,16,128,64,3452,96,64,305,3838,96,64,3468,16,0,64,3741,0,80,3982,4078,3854,4095,3998,96,16,48,0,64,3934,0,16,64,3870,128,4062,3966,3982,96,3918,16,48,3902,0,0,80,3934,80,3966,289,3934,128,3870,0,0,96,0,0,48,3725,208,4078,4062,3532,64,3645,0,48,0,0,0,0,64,3950,3950,3645,0,48,0,176,3581,0,0,0,0,0,0,0,0,48,3677,176,3597,0,0,0,0,0,0,64,64,48,0,64,0,0,0,0,
0,0,0,0,80,3902,3886,80,80,0,0,0,0,0,0,64,64,64,80,3934,3805,48,32,2954,0,0,0,64,4078,4095,3982,0,208,3902,0,0,64,3292,0,0,80,4078,3870,3982,80,3902,3950,0,0,0,16,0,128,64,3934,401,3870,16,353,3918,48,0,0,16,0,3822,256,3982,3982,3693,240,4046,3950,3532,16,0,16,0,3966,3950,80,96,192,4046,3998,48,16,48,0,16,16,80,3950,3902,3822,3998,4078,3998,3934,64,3982,16,0,48,0,16,0,0,80,3918,240,3918,96,3902,0,0,80,0,16,0,0,48,3982,3966,3677,48,3677,0,0,0,0,0,0,0,0,0,0,0,48,0,0,0,0,0,0,0,0,0,0,0,48,3613,0,0,0,0,0,0,0,0,0,0,48,0,0,0,0,0,0,
0,0,0,0,80,3902,3886,80,80,0,0,0,0,0,0,64,64,64,80,3934,3805,48,32,2954,0,0,0,64,4078,4095,3982,0,208,3902,0,0,64,3292,0,0,80,4078,3870,3982,80,3902,3950,0,0,0,16,0,128,64,3934,401,3870,16,353,3918,48,0,0,16,0,3822,256,3982,3982,3693,240,4046,3950,3532,16,0,16,0,3966,3950,80,96,192,4046,3998,48,16,48,0,16,16,80,3950,3902,3822,3998,4078,3998,3934,64,3982,16,0,48,0,16,0,0,80,3918,240,3918,96,3902,0,0,80,0,16,0,0,48,3982,3966,3677,48,3677,0,0,0,0,0,0,0,0,0,0,0,48,0,0,0,0,0,0,0,0,0,0,0,48,3613,0,0,0,0,0,0,0,0,0,0,48,0,0,0,0,0,0,
0,0,0,0,80,3902,3886,80,80,0,0,0,0,0,0,64,64,48,80,3934,3805,48,32,2954,0,0,0,64,4095,4078,3918,16,192,3918,16,0,64,3292,0,0,80,4078,3982,3966,48,3934,3982,0,16,0,16,0,128,64,3918,305,3870,0,240,3982,64,0,0,16,0,3822,256,3950,3966,3532,273,4078,4078,3500,16,0,16,0,3966,3950,64,80,385,4046,3950,3725,64,80,0,16,16,80,3950,3854,3982,4014,3372,0,96,4095,3982,16,0,48,0,16,0,96,3870,16,0,96,4062,3966,0,0,80,0,16,0,48,3693,96,80,208,3918,3581,0,0,0,0,0,0,0,64,3950,3950,3693,48,0,0,0,0,0,0,0,0,0,0,0,64,3549,0,0,0,0,0,0,0,0,0,0,48,0,0,0,0,0,0,
0,0,0,0,80,3902,3886,80,80,0,0,0,0,0,0,64,64,48,80,3934,3805,48,32,2954,0,0,0,64,4095,4078,3918,16,192,3918,16,0,64,3292,0,0,80,4078,3982,3966,48,3934,3966,0,16,0,16,0,112,64,3918,305,3870,0,240,3982,64,0,0,16,0,3822,240,3950,3966,3532,273,4078,4078,3500,16,0,16,0,3966,3950,64,80,385,4046,3950,3725,64,80,0,16,16,80,3950,3854,3982,4014,3372,0,96,4095,3982,16,0,48,0,16,0,96,3870,16,0,96,4062,3966,0,0,80,0,16,0,48,3693,96,80,208,3918,3581,0,0,0,0,0,0,0,64,3950,3950,3693,48,0,0,0,0,0,0,0,0,0,0,0,64,3549,0,0,0,0,0,0,0,0,0,0,48,0,0,0,0,0,0,
0,0,0,0,289,3741,3950,0,64,0,0,0,0,0,0,3934,3982,3549,128,3259,80,0,32,2858,0,0,0,0,64,96,80,0,64,3966,80,0,32,3324,0,0,80,4078,3998,3886,16,64,4078,3468,16,0,32,0,96,64,3950,273,3950,16,240,3629,16,0,0,0,16,3741,256,3950,3838,3549,273,3918,80,0,0,0,0,0,3950,3532,64,80,289,3773,3950,3613,64,16,80,0,16,0,64,3950,4014,3966,16,0,80,3934,80,3805,0,96,0,0,16,96,3822,0,0,96,3950,64,3934,0,80,0,0,0,64,3677,80,80,176,3629,64,3549,0,0,0,0,0,0,48,3950,3950,3629,0,0,0,0,0,0,0,0,0,0,0,0,0,0,0,0,0,0,0,0,0,0,0,0,0,0,48,0,0,0,0,
0,0,0,0,289,3741,3950,0,64,0,0,0,0,0,0,3934,3982,3549,128,3259,80,0,32,2858,0,0,0,0,64,96,80,0,64,3966,80,0,32,3324,0,0,80,4078,3998,3886,16,64,4078,3468,16,0,32,0,96,64,3950,273,3950,16,240,3629,16,0,0,0,16,3741,256,3950,3838,3549,273,3918,80,0,0,0,0,0,3950,3532,64,80,289,3773,3950,3613,64,16,80,0,16,0,64,3950,4014,3966,16,0,80,3934,80,3805,0,96,0,0,16,96,3822,0,0,96,3950,64,3934,0,80,0,0,0,64,3677,80,80,176,3629,64,3549,0,0,0,0,0,0,48,3950,3950,3629,0,0,0,0,0,0,0,0,0,0,0,0,0,0,0,0,0,0,0,0,0,0,0,0,0,0,48,0,0,0,0,
0,0,0,0,64,0,64,3436,64,0,0,0,0,0,0,4078,4095,3902,0,0,96,3870,0,0,0,0,0,224,3950,3950,3725,64,0,64,3934,0,0,0,0,0,3918,0,0,64,3902,0,96,3918,16,0,0,0,64,3966,0,0,64,3934,0,64,3966,0,0,0,0,48,3500,80,64,240,3934,80,176,3597,0,0,0,0,96,64,3934,3998,4078,3998,4062,3629,64,0,112,0,0,3613,64,96,208,3934,224,3629,64,3934,80,3741,16,0,64,3918,3918,3918,4078,3581,0,64,3966,64,3870,16,0,0,0,0,64,3452,96,64,192,3645,48,3597,0,0,0,0,0,0,48,3966,3982,3645,0,0,0,0,0,0,0,0,0,0,0,0,0,0,0,0,0,0,0,0,0,0,0,0,0,0,48,0,0,0,0,
0,0,0,0,64,0,64,3436,64,0,0,0,0,0,0,4078,4095,3902,0,0,96,3870,0,0,0,0,0,224,3950,3950,3725,64,0,64,3934,0,0,0,0,0,3918,0,0,64,3902,0,96,3918,16,0,0,0,64,3966,0,0,64,3934,0,64,3966,0,0,0,0,48,3500,80,64,240,3934,80,176,3597,0,0,0,0,96,64,3934,3998,4078,3998,4062,3629,64,0,112,0,0,3613,64,96,208,3934,224,3629,64,3934,80,3741,16,0,64,3918,3918,3918,4078,3581,0,64,3966,64,3870,16,0,0,0,0,64,3452,96,64,192,3645,48,3597,0,0,0,0,0,0,48,3966,3982,3645,0,0,0,0,0,0,0,0,0,0,0,0,0,0,0,0,0,0,0,0,0,0,0,0,0,0,48,0,0,0,0,
0,0,0,0,64,0,64,3436,64,0,0,0,0,0,0,4078,4095,3886,0,0,96,3870,16,0,0,0,0,224,3918,3966,3677,80,16,64,3950,0,0,0,0,0,3918,16,0,96,3934,0,64,3950,0,0,0,0,64,3966,0,0,64,3982,80,240,3950,0,0,0,0,48,3468,64,64,192,3902,3998,4078,3982,0,0,0,0,96,64,3950,4078,3500,0,273,3918,3645,80,112,0,0,3613,64,224,3998,80,224,3613,0,64,4095,3741,16,0,64,3918,3982,4078,3934,3404,16,0,321,4078,3870,16,0,0,0,48,3597,64,0,0,80,4078,3966,3597,0,0,0,0,0,48,3709,64,64,176,3645,0,0,0,0,0,0,0,0,48,3982,3966,3645,0,0,0,0,0,0,0,0,0,0,0,0,0,48,0,0,0,0,
0,0,0,0,64,0,64,3436,64,0,0,0,0,0,0,4078,4095,3886,0,0,96,3870,16,0,0,0,0,208,3918,3966,3677,80,16,64,3950,0,0,0,0,0,3918,16,0,96,3934,0,64,3950,0,0,0,0,64,3950,0,0,64,3982,80,240,3950,0,0,0,0,48,3500,64,64,192,3902,3998,4078,3982,0,0,0,0,96,64,3950,4078,3500,0,273,3918,3645,80,112,0,0,3613,64,224,3998,80,224,3613,0,64,4095,3741,16,0,64,3918,3982,4078,3934,3404,16,0,321,4078,3870,16,0,0,0,48,3597,64,0,0,80,4078,3966,3597,0,0,0,0,0,48,3709,64,64,176,3645,0,0,0,0,0,0,0,0,48,3982,3966,3645,0,0,0,0,0,0,0,0,0,0,0,0,0,48,0,0,0,0,
0,0,0,0,80,0,0,0,0,0,0,0,0,0,0,4095,4078,3822,16,0,0,0,0,0,0,0,0,192,3950,3950,3645,64,0,0,48,0,0,0,0,0,3934,0,0,64,3966,0,64,3581,0,0,0,0,80,3934,0,0,80,3950,80,48,16,0,0,0,0,64,3613,64,64,224,3934,3982,3645,48,0,0,0,0,0,64,3982,4078,3581,0,0,48,3709,64,80,0,0,0,0,64,3934,0,0,0,0,80,4078,3854,16,0,0,0,64,3934,0,0,0,0,192,4095,3934,0,0,0,0,48,3613,64,0,0,64,4078,3982,3645,0,0,0,0,0,48,3709,64,64,176,3645,0,0,0,0,0,0,0,0,48,3982,3966,3645,0,0,0,0,0,0,0,0,0,0,0,0,0,48,0,0,0,0,
0,0,0,0,80,0,0,0,0,0,0,0,0,0,0,4095,4078,3822,16,0,0,0,0,0,0,0,0,192,3950,3950,3645,64,0,0,48,0,0,0,0,0,3934,0,0,64,3966,0,64,3581,0,0,0,0,80,3934,0,0,80,3950,80,48,16,0,0,0,0,64,3613,64,64,224,3934,3982,3645,48,0,0,0,0,0,64,3982,4078,3581,0,0,48,3709,64,80,0,0,0,0,64,3934,0,0,0,0,80,4078,3854,16,0,0,0,64,3934,0,0,0,0,192,4095,3934,0,0,0,0,48,3613,64,0,0,64,4078,3982,3645,0,0,0,0,0,48,3709,64,64,176,3645,0,0,0,0,0,0,0,0,48,3982,3966,3645,0,0,0,0,0,0,0,0,0,0,0,0,0,48,0,0,0,0,
0,0,0,0,80,0,0,0,0,0,0,0,0,0,0,4095,4078,3838,16,0,0,0,0,0,0,0,0,208,3966,3918,3645,64,0,0,48,0,0,0,0,0,3934,0,0,64,3950,0,64,3613,0,0,0,0,80,3934,0,0,64,3982,64,64,0,0,0,0,0,48,3645,64,64,176,3998,4078,3629,64,0,0,0,0,0,64,3966,4078,3677,64,3500,80,3613,96,80,0,0,0,0,64,3918,0,0,16,64,273,4062,3854,16,0,0,0,64,3934,0,0,64,4078,3982,4095,3918,0,0,0,0,64,3677,48,0,48,3982,240,4078,3613,0,0,0,0,0,48,3725,64,208,4095,3982,3645,0,0,0,0,0,0,0,48,3982,3982,3645,0,0,0,0,0,0,0,0,0,0,0,0,0,48,0,0,0,0,
0,0,0,0,80,0,0,0,0,0,0,0,0,0,0,4095,4078,3838,16,0,0,0,0,0,0,0,0,208,3966,3918,3645,64,0,0,48,0,0,0,0,0,3934,0,0,64,3950,0,64,3613,0,0,0,0,80,3934,0,0,64,3982,64,64,0,0,0,0,0,48,3645,64,64,176,3998,4078,3629,64,0,0,0,0,0,64,3966,4078,3677,64,3500,80,3613,96,80,0,0,0,0,64,3918,0,0,16,64,273,4062,3854,16,0,0,0,64,3934,0,0,64,4078,3982,4095,3918,0,0,0,0,64,3677,48,0,48,3982,240,4078,3613,0,0,0,0,0,48,3725,64,208,4095,3982,3645,0,0,0,0,0,0,0,48,3982,3982,3645,0,0,0,0,0,0,0,0,0,0,0,0,0,48,0,0,0,0,
0,0,0,0,80,0,0,0,0,0,0,0,0,0,0,3966,3918,3468,80,0,0,0,0,0,0,0,0,3597,0,0,48,3709,48,0,64,0,0,0,0,0,0,0,0,0,80,3950,64,3581,0,0,0,0,3966,0,0,0,16,192,3982,64,0,0,0,0,0,3645,64,0,16,224,4095,4078,3677,80,0,0,0,0,48,3677,64,208,4078,3950,3693,64,3629,80,80,0,0,0,64,3998,4078,3629,0,16,64,256,4078,3854,16,0,0,0,80,3966,0,0,64,4078,3982,4095,3918,0,0,0,0,48,3693,64,0,80,3982,240,4078,3613,0,0,0,0,0,48,3725,64,208,4095,3982,3645,0,0,0,0,0,0,0,48,3982,3982,3645,0,0,0,0,0,0,0,0,0,0,0,0,0,48,0,0,0,0,
0,0,0,0,80,0,0,0,0,0,0,0,0,0,0,3966,3918,3468,80,0,0,0,0,0,0,0,0,3597,0,0,48,3709,48,0,64,0,0,0,0,0,0,0,0,0,80,3950,64,3581,0,0,0,0,3966,0,0,0,16,192,3982,64,0,0,0,0,0,3645,64,0,16,224,4095,4078,3677,80,0,0,0,0,48,3677,64,208,4078,3950,3693,64,3629,80,80,0,0,0,64,3998,4078,3629,0,16,64,256,4078,3854,16,0,0,0,80,3966,0,0,64,4078,3982,4095,3918,0,0,0,0,48,3693,64,0,80,3982,240,4078,3613,0,0,0,0,0,48,3725,64,208,4095,3982,3645,0,0,0,0,0,0,0,48,3982,3982,3645,0,0,0,0,0,0,0,0,0,0,0,0,0,48,0,0,0,0,
0,0,0,0,3902,16,0,80,0,0,0,0,0,0,0,3966,3950,3741,80,48,3163,16,0,0,0,0,0,3532,0,0,48,3677,80,0,0,0,0,0,0,0,0,0,0,16,256,3934,64,0,0,64,0,0,3918,0,16,80,160,3982,4078,3645,64,176,3292,16,0,3629,64,64,4078,3645,289,3918,48,3982,3902,0,0,0,48,3532,240,3918,273,3838,3549,0,48,3725,80,80,0,0,64,4078,3982,3532,16,16,64,64,240,4095,3950,16,0,80,3982,16,0,0,64,4078,3982,4078,4095,3918,16,0,48,3645,64,0,0,64,3982,224,4078,3950,3597,0,0,0,64,3982,48,0,48,3982,4095,3966,0,0,0,0,0,48,3966,3693,64,64,176,3950,3725,48,0,0,0,0,0,0,48,3966,3966,3645,0,0,0,0,0,
0,0,0,0,3902,16,0,80,0,0,0,0,0,0,0,3966,3950,3741,80,48,3163,16,0,0,0,0,0,3532,0,0,48,3677,80,0,0,0,0,0,0,0,0,0,0,16,256,3934,64,0,0,64,0,0,3918,0,16,80,160,3982,4078,3645,64,176,3292,16,0,3629,64,64,4078,3645,289,3918,48,3982,3902,0,0,0,48,3532,240,3918,273,3838,3549,0,48,3725,80,80,0,0,64,4078,3982,3532,16,16,64,64,240,4095,3950,16,0,80,3982,16,0,0,64,4078,3982,4078,4095,3918,16,0,48,3645,64,0,0,64,3982,224,4078,3950,3597,0,0,0,64,3982,48,0,48,3982,4095,3966,0,0,0,0,0,48,3966,3693,64,64,176,3950,3725,48,0,0,0,0,0,0,48,3966,3982,3645,0,0,0,0,0,
0,0,0,0,3902,16,0,80,0,0,0,0,0,0,0,3966,3950,3741,80,48,3163,16,0,0,0,0,0,3532,0,0,64,3709,64,0,0,0,0,0,0,0,0,16,0,0,192,3918,80,16,0,64,0,0,3918,0,0,112,224,4095,4095,3966,96,160,3292,16,0,3629,64,80,4046,3998,4078,3950,4078,3982,3982,0,0,0,48,3500,208,3998,224,3982,240,3902,64,3645,80,80,0,0,80,4078,3982,3950,3934,3982,3950,80,224,4095,3950,16,0,64,3934,16,0,0,80,4078,3934,4095,4095,3918,16,0,48,3709,64,0,0,64,3934,256,4078,3950,3597,0,0,0,64,3982,48,0,48,3982,4095,3966,0,0,0,0,0,48,3966,3693,64,64,176,3950,3725,48,0,0,0,0,0,0,48,3966,3966,3645,0,0,0,0,0,
0,0,0,0,3902,16,0,80,0,0,0,0,0,0,0,3966,3950,3741,80,48,3163,16,0,0,0,0,0,3532,0,0,64,3709,64,0,0,0,0,0,0,0,0,16,0,0,192,3918,80,16,0,64,0,0,3918,0,0,112,224,4095,4095,3966,96,160,3292,16,0,3629,64,80,4046,3998,4078,3950,4078,3982,3982,0,0,0,48,3500,208,3998,224,3982,240,3902,64,3645,80,80,0,0,80,4078,3982,3950,3934,3982,3950,80,224,4095,3950,16,0,64,3934,16,0,0,80,4078,3934,4095,4095,3918,16,0,48,3709,64,0,0,64,3934,256,4078,3950,3597,0,0,0,64,3982,48,0,48,3982,4095,3966,0,0,0,0,0,48,3966,3693,64,64,176,3950,3725,48,0,0,0,0,0,0,48,3966,3966,3645,0,0,0,0,0,
0,0,0,0,3259,16,64,48,0,0,0,0,0,0,0,0,0,0,64,3854,3532,16,0,0,0,0,0,0,0,0,0,0,0,64,0,0,0,0,0,0,0,0,0,0,64,192,3918,0,0,48,0,0,0,0,0,80,64,4095,4095,3950,0,160,3340,16,0,0,0,48,3549,112,4078,3966,3982,64,3500,0,0,0,48,0,64,16,64,3966,192,3918,0,16,80,64,0,3468,64,3950,64,208,3950,3998,3966,64,273,4095,3902,16,16,64,4095,3966,3500,0,80,4078,3982,4078,4078,3934,16,0,48,3597,0,0,0,80,3982,240,4078,3950,3532,0,0,0,0,48,0,0,48,3982,3982,3966,0,0,0,0,0,48,3629,0,64,64,48,48,3725,48,0,0,0,0,0,0,48,3966,3966,3645,0,0,0,0,0,
0,0,0,0,3259,16,64,48,0,0,0,0,0,0,0,0,0,0,64,3854,3532,16,0,0,0,0,0,0,0,0,0,0,0,64,0,0,0,0,0,0,0,0,0,0,64,192,3918,0,0,48,0,0,0,0,0,80,64,4095,4095,3950,0,160,3340,16,0,0,0,48,3549,112,4078,3966,3982,64,3500,0,0,0,48,0,64,16,64,3966,192,3918,0,16,80,64,0,3468,64,3950,64,208,3950,3998,3966,64,273,4095,3902,16,16,64,4095,3966,3500,0,80,4078,3982,4078,4078,3934,16,0,48,3597,0,0,0,80,3982,240,4078,3950,3532,0,0,0,0,48,0,0,48,3982,3982,3966,0,0,0,0,0,48,3629,0,64,64,48,48,3725,48,0,0,0,0,0,0,48,3966,3966,3645,0,0,0,0,0,
0,0,0,0,3131,16,64,48,0,0,0,0,0,0,0,0,0,0,64,3854,3436,16,0,0,0,0,0,0,0,0,0,64,64,48,16,0,0,0,0,0,0,0,64,48,3934,3998,3950,16,64,80,0,0,0,0,176,3549,0,96,256,3918,64,3982,3870,0,0,0,64,3532,16,80,4078,3982,3950,0,176,3645,0,0,64,64,0,0,80,3950,273,3934,321,3950,16,64,0,3902,3934,64,64,224,3982,4078,3982,3950,3613,224,3725,16,96,4062,3982,3950,3597,80,3902,0,0,64,4078,3950,16,0,3629,0,0,0,64,3982,0,16,64,4078,3468,0,0,0,48,0,0,48,3709,64,64,208,3966,0,0,0,0,3709,48,0,0,48,3982,3998,4095,3950,0,0,0,0,0,0,0,64,64,48,48,0,0,0,0,
0,0,0,0,3131,16,64,48,0,0,0,0,0,0,0,0,0,0,64,3854,3436,16,0,0,0,0,0,0,0,0,0,64,64,48,16,0,0,0,0,0,0,0,64,48,3934,3998,3950,16,64,80,0,0,0,0,176,3549,0,96,256,3918,64,3982,3870,0,0,0,64,3549,16,80,4078,3982,3950,0,176,3645,0,0,64,64,0,0,80,3950,273,3934,321,3950,16,64,0,3902,3934,64,64,224,3982,4078,3982,3950,3613,224,3725,16,96,4062,3966,3950,3597,80,3902,0,0,64,4078,3950,0,0,3629,0,0,0,64,3982,0,16,64,4078,3468,0,0,0,48,0,0,48,3709,64,64,208,3966,0,0,0,0,3709,48,0,0,48,3982,3998,4095,3950,0,0,0,0,0,0,0,64,64,48,48,0,0,0,0,
0,0,0,0,3051,32,64,80,0,0,0,0,0,0,0,0,0,0,48,3886,3452,16,0,0,0,0,0,0,0,0,16,64,64,48,0,0,0,0,0,0,0,0,80,96,4095,4078,3870,0,80,80,0,0,0,0,176,3581,224,3870,3950,3982,192,3950,3870,0,0,0,48,3613,112,3854,16,64,3918,3982,224,3597,16,0,64,64,0,64,3934,16,64,256,4095,3870,16,96,0,3886,3982,80,273,3982,321,4078,4078,3982,3693,256,3725,16,144,4046,3934,3934,3966,3982,4078,3468,0,80,4078,3950,0,0,3677,0,0,0,80,3918,16,0,64,4078,3452,0,0,0,48,0,0,48,3709,64,64,208,3966,0,0,0,0,3709,48,0,0,48,3966,3998,4095,3950,0,0,0,0,0,0,0,64,64,48,48,0,0,0,0,
0,0,0,0,3051,32,64,80,0,0,0,0,0,0,0,0,0,0,48,3886,3452,16,0,0,0,0,0,0,0,0,16,64,64,48,0,0,0,0,0,0,0,0,80,96,4095,4078,3870,0,80,80,0,0,0,0,176,3581,224,3870,3950,3982,192,3950,3870,0,0,0,48,3613,112,3854,16,64,3918,3982,224,3597,16,0,64,64,0,64,3934,16,64,256,4095,3870,16,96,0,3886,3982,80,273,3982,321,4078,4078,3982,3693,256,3725,16,144,4046,3934,3934,3966,3982,4078,3468,0,80,4078,3950,0,0,3677,0,0,0,80,3918,16,0,64,4078,3452,0,0,0,48,0,0,48,3709,64,64,208,3966,0,0,0,0,3709,48,0,0,48,3966,3998,4095,3950,0,0,0,0,0,0,0,64,64,48,48,0,0,0,0,
0,0,0,0,3051,32,64,80,0,0,0,0,0,0,0,0,0,0,48,3886,3452,16,0,0,0,0,0,0,0,0,16,64,64,48,0,0,0,0,0,0,0,0,80,96,4095,4078,3870,0,80,80,0,0,0,0,176,3581,224,3870,3950,3982,192,3950,3870,0,0,0,48,3613,112,3854,16,64,3918,3982,224,3597,16,0,64,64,0,64,3918,16,64,256,4095,3870,16,96,0,3886,3982,80,273,3982,321,4078,4078,3982,3693,256,3725,16,144,4046,3934,3934,3966,3982,4078,3468,0,80,4078,3950,0,0,3677,0,0,0,80,3918,16,0,64,4078,3452,0,0,0,48,0,0,48,3709,64,64,208,3966,0,0,0,0,3709,48,0,0,48,3966,3998,4095,3950,0,0,0,0,0,0,0,64,64,48,48,0,0,0,0,
0,0,0,0,3051,32,64,80,0,0,0,0,0,0,0,0,0,0,48,3886,3452,16,0,0,0,0,0,0,0,0,16,64,64,48,0,0,0,0,0,0,0,0,80,96,4095,4078,3870,0,80,80,0,0,0,0,176,3581,224,3870,3950,3982,192,3950,3870,0,0,0,48,3613,112,3854,16,64,3918,3982,224,3597,16,0,64,64,0,64,3918,16,64,256,4095,3870,16,96,0,3886,3982,80,273,3982,321,4078,4078,3982,3693,256,3725,16,144,4046,3934,3934,3966,3982,4078,3468,0,80,4078,3950,0,0,3677,0,0,0,80,3918,16,0,64,4078,3452,0,0,0,48,0,0,48,3709,64,64,208,3966,0,0,0,0,3709,48,0,0,48,3966,3998,4095,3950,0,0,0,0,0,0,0,64,64,48,48,0,0,0,0,
0,0,0,0,16,48,3902,3870,0,0,0,0,0,0,0,0,0,0,0,80,3436,16,0,0,0,0,0,0,0,0,0,0,16,0,64,0,0,0,0,0,0,0,0,0,64,80,289,3902,0,0,64,0,0,0,0,0,176,3982,3966,3934,3982,64,208,3292,0,0,0,0,80,3870,16,0,64,4078,3966,3870,0,0,16,0,0,80,3934,0,16,224,3982,224,3934,16,112,48,0,0,64,3581,80,256,4062,3934,3982,3950,64,3918,3468,0,64,64,208,3918,4062,3693,0,80,3902,80,3854,0,48,3982,3950,3581,96,3902,0,0,64,3982,48,0,0,0,0,0,0,48,3677,64,64,176,3613,0,0,0,0,0,0,0,0,48,3950,3950,3677,0,0,0,0,0,0,0,0,0,0,0,0,0,0,0,0,
0,0,0,0,16,48,3902,3870,0,0,0,0,0,0,0,0,0,0,0,80,3436,16,0,0,0,0,0,0,0,0,0,0,16,0,64,0,0,0,0,0,0,0,0,0,64,80,289,3902,0,0,64,0,0,0,0,0,176,3982,3966,3934,3982,64,208,3292,0,0,0,0,80,3870,16,0,64,4078,3966,3870,0,0,16,0,0,80,3934,0,16,224,3982,224,3934,16,112,48,0,0,64,3581,80,256,4062,3934,3982,3950,64,3918,3468,0,64,64,208,3918,4062,3693,0,80,3902,80,3854,0,48,3982,3950,3581,96,3902,0,0,64,3982,48,0,0,0,0,0,0,48,3677,64,64,176,3613,0,0,0,0,0,0,0,0,48,3966,3950,3677,0,0,0,0,0,0,0,0,0,0,0,0,0,0,0,0,
0,0,0,0,16,48,3902,3870,0,0,0,0,0,0,0,0,0,0,0,80,3436,16,0,0,0,0,0,0,0,0,16,64,80,64,48,0,0,0,0,0,0,0,16,208,3934,3870,3998,3966,0,0,64,0,0,0,0,208,3436,0,16,64,3982,64,208,3292,0,0,0,80,3902,0,0,0,80,4095,4078,3870,0,0,16,0,96,3902,0,0,0,256,4095,4095,3918,16,112,48,0,80,3532,80,0,192,3934,4078,3934,3950,64,3918,3468,0,64,289,3886,224,3998,176,3549,80,3902,80,3838,0,48,3934,3982,3966,3998,4078,3677,0,64,3982,48,0,0,0,0,0,0,48,3677,64,64,176,3613,0,0,0,0,0,0,0,0,48,3950,3950,3677,0,0,0,0,0,0,0,0,0,0,0,0,0,0,0,0,
0,0,0,0,16,48,3902,3870,0,0,0,0,0,0,0,0,0,0,0,80,3436,16,0,0,0,0,0,0,0,0,16,64,80,64,48,0,0,0,0,0,0,0,16,208,3934,3870,3998,3966,0,0,64,0,0,0,0,208,3436,0,16,64,3982,64,208,3292,0,0,0,80,3902,0,0,0,80,4095,4078,3870,0,0,16,0,96,3902,0,0,0,256,4095,4095,3918,16,112,48,0,80,3532,80,0,192,3934,4078,3934,3950,64,3918,3468,0,64,289,3886,224,3998,176,3549,80,3902,80,3838,0,48,3934,3982,3966,3998,4078,3677,0,64,3982,48,0,0,0,0,0,0,48,3677,64,64,176,3613,0,0,0,0,0,0,0,0,48,3950,3950,3677,0,0,0,0,0,0,0,0,0,0,0,0,0,0,0,0,
0,0,0,0,16,48,3870,3838,0,0,0,0,0,0,0,0,0,0,0,64,3452,16,0,0,0,0,0,0,0,0,0,64,64,64,48,0,0,0,0,0,0,0,16,208,3934,3870,3982,3870,0,16,80,0,0,0,0,273,3324,0,16,64,3998,80,273,3099,0,0,0,80,3934,0,0,0,96,4095,4078,3902,16,0,0,0,96,3934,16,0,0,208,4095,4078,3918,16,80,64,0,48,3645,48,16,192,3950,4078,3934,3452,48,3854,3452,16,64,240,3854,273,3982,192,3372,16,0,64,3870,0,48,3950,3950,3950,3918,3934,3677,0,0,0,80,0,0,0,0,0,0,0,0,0,0,0,0,0,0,0,0,0,0,0,0,0,0,0,0,0,0,0,0,0,0,0,0,0,0,0,0,0,0,0,0,
0,0,0,0,16,48,3870,3838,0,0,0,0,0,0,0,0,0,0,0,64,3452,16,0,0,0,0,0,0,0,0,0,64,64,64,48,0,0,0,0,0,0,0,16,208,3934,3870,3982,3870,0,16,80,0,0,0,0,273,3324,0,16,64,3998,80,273,3099,0,0,0,80,3934,0,0,0,96,4095,4078,3902,16,0,0,0,96,3934,16,0,0,208,4095,4078,3918,16,80,64,0,48,3645,48,16,192,3950,4078,3934,3452,48,3854,3452,16,64,240,3854,273,3982,192,3372,16,0,64,3870,0,48,3950,3950,3950,3918,3934,3677,0,0,0,80,0,0,0,0,0,0,0,0,0,0,0,0,0,0,0,0,0,0,0,0,0,0,0,0,0,0,0,0,0,0,0,0,0,0,0,0,0,0,0,0,
0,0,0,0,0,0,48,3500,64,0,0,0,0,0,0,0,0,0,0,0,80,3468,16,0,0,0,0,0,0,0,0,96,64,48,16,64,0,0,0,0,0,0,0,160,3982,3902,3645,224,3902,96,48,0,0,16,0,273,3372,16,16,256,3934,4078,3918,3902,16,0,0,80,3886,0,0,64,3902,112,3838,80,3918,0,0,0,64,3950,0,0,80,3918,289,3950,64,3902,80,0,0,48,3629,64,0,48,3966,4078,3998,240,3918,3918,80,0,0,48,3741,64,80,176,3934,3950,3468,144,3789,0,16,64,80,192,3902,3934,3581,0,16,16,48,0,0,48,3982,3966,3645,0,0,0,0,0,0,0,0,0,0,0,0,0,0,0,0,0,0,0,0,0,0,0,0,0,0,0,0,0,0,0,0,0,0,
0,0,0,0,0,0,48,3500,64,0,0,0,0,0,0,0,0,0,0,0,80,3468,16,0,0,0,0,0,0,0,0,96,64,48,16,64,0,0,0,0,0,0,0,160,3982,3902,3645,224,3902,96,48,0,0,16,0,273,3372,16,16,256,3934,4078,3918,3902,16,0,0,80,3886,0,0,64,3902,112,3838,80,3918,0,0,0,64,3950,0,0,80,3918,289,3950,64,3902,80,0,0,48,3629,64,0,48,3966,4078,3998,240,3918,3918,80,0,0,48,3741,64,80,176,3934,3950,3468,144,3789,0,16,64,80,192,3902,3934,3581,0,16,16,48,0,0,48,3982,3966,3645,0,0,0,0,0,0,0,0,0,0,0,0,0,0,0,0,0,0,0,0,0,0,0,0,0,0,0,0,0,0,0,0,0,0,
0,0,0,0,0,0,96,3452,64,0,0,0,0,0,0,0,0,16,96,64,240,3372,16,0,0,0,0,0,0,48,64,3870,3966,3532,16,48,0,0,0,0,0,64,3532,0,0,0,0,64,3886,16,96,0,0,16,64,0,16,0,0,0,64,3998,240,3372,0,16,64,3950,0,0,16,0,0,80,3950,3902,16,0,0,64,3950,0,0,0,0,0,64,80,3934,16,64,0,64,3677,0,0,0,0,64,3436,64,3372,80,3838,80,0,16,48,16,16,64,0,0,64,0,48,3886,0,0,192,3966,64,208,3982,48,64,3645,0,48,0,0,48,3982,3982,3982,3982,3966,3645,0,0,0,0,0,0,0,0,0,0,0,0,0,0,0,0,0,0,0,0,0,0,0,0,0,0,0,0,0,0,0,
0,0,0,0,0,0,96,3452,64,0,0,0,0,0,0,0,0,16,96,64,240,3372,16,0,0,0,0,0,0,48,64,3870,3966,3532,16,48,0,0,0,0,0,64,3532,0,0,0,0,64,3902,0,96,0,0,16,64,0,16,0,0,0,64,3998,240,3372,0,16,64,3950,0,0,16,0,0,80,3950,3902,16,0,0,64,3950,0,0,0,0,0,64,80,3934,16,64,0,64,3677,0,0,0,0,64,3436,64,3372,80,3838,80,0,16,48,16,16,64,0,0,64,0,48,3886,0,0,192,3966,64,208,3982,48,64,3645,0,48,0,0,48,3982,3982,3982,3982,3966,3645,0,0,0,0,0,0,0,0,0,0,0,0,0,0,0,0,0,0,0,0,0,0,0,0,0,0,0,0,0,0,0,
0,0,0,0,0,0,0,0,64,0,0,0,0,0,0,0,0,16,64,64,192,3404,0,0,0,0,0,0,0,48,64,3950,3918,3581,16,48,0,0,0,0,0,64,3532,0,16,0,16,64,3934,0,0,0,0,0,48,0,0,0,0,0,64,3982,80,0,0,0,48,3950,0,0,0,0,0,64,3966,3918,0,0,0,64,3982,0,0,0,0,0,64,80,3886,0,0,0,48,3645,0,0,0,0,96,3436,48,3404,16,0,80,0,0,48,0,0,96,0,0,64,16,0,0,0,16,224,3982,64,224,3982,48,48,3597,0,0,0,0,48,3982,3982,3982,3982,3982,3645,0,0,0,0,0,0,0,0,0,0,0,0,0,0,0,0,0,0,0,0,0,0,0,0,0,0,0,0,0,0,0,
0,0,0,0,0,0,0,0,64,0,0,0,0,0,0,0,0,16,64,64,192,3404,0,0,0,0,0,0,0,48,64,3950,3918,3581,16,48,0,0,0,0,0,64,3532,0,16,0,16,64,3934,0,0,0,0,0,48,0,0,0,0,0,64,3982,80,0,0,0,48,3950,0,0,0,0,0,64,3966,3918,0,0,0,64,3982,0,0,0,0,0,64,80,3886,0,0,0,48,3645,0,0,0,0,96,3436,48,3404,16,0,80,0,0,48,0,0,96,0,0,64,16,0,0,0,16,224,3982,64,224,3982,48,48,3597,0,0,0,0,48,3982,3982,3982,3982,3982,3645,0,0,0,0,0,0,0,0,0,0,0,0,0,0,0,0,0,0,0,0,0,0,0,0,0,0,0,0,0,0,0,
0,0,0,0,0,0,0,0,64,0,0,0,0,0,0,0,0,16,80,64,192,3404,0,0,0,0,0,0,0,48,64,3966,3934,3532,16,48,0,0,0,0,0,48,3452,0,0,0,0,80,3902,0,0,0,0,0,64,16,0,0,0,0,64,3950,80,0,0,0,48,3950,16,0,0,0,0,80,3950,3918,0,0,0,64,3982,0,0,0,16,0,80,64,3886,0,0,0,48,3645,0,0,16,0,64,3468,48,3404,16,0,80,0,16,48,0,16,64,48,0,64,16,0,0,0,16,192,3966,80,208,4095,3902,64,3645,0,0,0,0,48,3982,3982,3982,3982,3982,3645,0,0,0,0,0,0,0,0,0,0,0,0,0,0,0,0,0,0,0,0,0,0,0,0,0,0,0,0,0,0,0,
0,0,0,0,0,0,0,0,64,0,0,0,0,0,0,0,0,16,80,64,192,3404,0,0,0,0,0,0,0,48,64,3966,3934,3532,16,48,0,0,0,0,0,48,3452,0,0,0,0,80,3902,0,0,0,0,0,64,16,0,0,0,0,64,3950,80,0,0,0,48,3950,16,0,0,0,0,80,3950,3918,0,0,0,64,3982,0,0,0,16,0,80,64,3886,0,0,0,48,3645,0,0,16,0,64,3468,48,3404,16,0,80,0,16,48,0,16,64,48,0,64,16,0,0,0,16,192,3966,80,208,4095,3902,64,3645,0,0,0,0,48,3982,3982,3982,3982,3982,3645,0,0,0,0,0,0,0,0,0,0,0,0,0,0,0,0,0,0,0,0,0,0,0,0,0,0,0,0,0,0,0,
0,0,0,0,0,0,0,0,64,0,0,0,0,0,0,0,0,0,64,64,48,0,0,0,0,0,0,0,16,48,48,3966,3934,3645,16,80,64,0,0,0,0,64,3468,0,0,0,0,64,3934,3886,16,0,0,16,64,0,16,0,0,0,0,48,3854,0,0,0,64,3918,0,0,0,0,0,0,64,3934,0,0,0,64,3950,0,0,0,0,0,0,64,3950,0,0,0,64,3597,0,0,80,64,48,0,224,3452,0,0,0,0,0,80,80,4078,3982,3918,256,3854,16,0,0,0,0,48,3468,80,3998,273,4078,3934,3645,0,0,0,0,0,64,64,176,3966,3982,3645,0,0,0,0,0,0,0,3966,3982,3645,0,0,0,0,0,0,0,0,0,0,0,0,0,0,0,0,0,0,0,0,0,
0,0,0,0,0,0,0,0,64,0,0,0,0,0,0,0,0,0,64,64,48,0,0,0,0,0,0,0,16,48,48,3966,3934,3645,16,80,64,0,0,0,0,64,3468,0,0,0,0,64,3934,3886,16,0,0,16,64,0,16,0,0,0,0,48,3854,0,0,0,64,3918,0,0,0,0,0,0,64,3934,0,0,0,64,3950,0,0,0,0,0,0,64,3950,0,0,0,64,3597,0,0,80,64,48,0,224,3452,0,0,0,0,0,80,80,4078,3982,3918,256,3854,16,0,0,0,0,48,3468,80,3998,273,4078,3934,3645,0,0,0,0,0,64,64,176,3966,3982,3645,0,0,0,0,0,0,0,3966,3982,3645,0,0,0,0,0,0,0,0,0,0,0,0,0,0,0,0,0,0,0,0,0,
0,0,0,0,0,80,64,48,80,0,0,0,0,0,0,16,48,80,3918,3950,3532,16,48,0,0,0,0,0,176,3629,16,0,0,0,48,3677,48,0,0,0,48,3549,16,0,16,0,0,0,48,3870,16,0,0,64,0,0,0,0,0,0,0,64,3934,64,0,80,3886,0,0,0,0,16,0,0,64,3982,3902,16,80,3966,0,0,0,0,0,0,0,0,64,3934,0,64,3532,0,16,16,80,64,64,0,48,64,3372,0,0,16,48,0,96,4062,3950,3950,208,3581,80,16,0,0,48,3549,64,64,3982,240,4078,3613,208,3645,0,0,0,0,208,3998,224,4095,4095,3982,48,3645,0,0,0,0,0,3966,3982,3966,3982,3982,3645,0,0,0,0,0,0,0,0,0,0,0,0,0,0,0,0,0,0,
0,0,0,0,0,80,64,48,80,0,0,0,0,0,0,16,48,80,3918,3950,3532,16,48,0,0,0,0,0,176,3629,0,0,0,0,48,3677,48,0,0,0,48,3549,16,0,16,0,0,0,48,3870,16,0,0,64,0,0,0,0,0,0,0,64,3934,64,0,80,3886,0,0,0,0,16,0,0,64,3982,3902,16,80,3966,0,0,0,0,0,0,0,0,64,3934,0,64,3532,0,16,16,80,64,64,0,48,64,3372,0,0,16,48,0,96,4062,3950,3950,208,3581,80,16,0,0,48,3549,64,64,3982,240,4078,3613,208,3645,0,0,0,0,208,3998,224,4095,4095,3982,48,3645,0,0,0,0,0,3966,3982,3966,3982,3982,3645,0,0,0,0,0,0,0,0,0,0,0,0,0,0,0,0,0,0,
0,0,0,0,0,64,80,64,0,0,0,0,0,0,0,0,48,64,3918,3918,3452,16,48,0,0,0,0,0,192,3597,0,0,0,0,48,3693,64,0,0,0,48,3581,16,0,0,0,0,0,48,3468,16,0,0,64,0,0,0,0,0,0,0,0,0,48,0,64,3934,0,0,0,0,0,0,0,0,64,3886,0,64,3934,0,0,0,0,0,0,0,0,64,3950,0,64,3500,0,0,0,80,64,64,48,0,64,3532,0,0,16,64,0,64,4078,4095,4095,3918,0,48,0,0,0,48,3693,64,80,4095,4095,4095,3998,176,3581,0,0,0,0,48,3645,64,4095,4095,4095,3982,3645,0,0,0,0,0,0,0,48,3966,3982,3645,0,0,0,0,0,0,0,0,0,0,0,0,0,0,0,0,0,0,
0,0,0,0,0,64,80,64,0,0,0,0,0,0,0,0,48,64,3918,3918,3452,16,48,0,0,0,0,0,192,3597,0,0,0,0,48,3693,64,0,0,0,48,3581,16,0,0,0,0,0,48,3468,16,0,0,64,0,0,0,0,0,0,0,0,0,48,0,64,3934,0,0,0,0,0,0,0,0,64,3886,0,64,3934,0,0,0,0,0,0,0,0,64,3950,0,64,3532,0,0,0,80,64,64,48,0,64,3532,0,0,16,64,0,64,4078,4095,4095,3918,0,48,0,0,0,48,3677,64,80,4095,4095,4095,3998,176,3581,0,0,0,0,48,3645,64,4095,4095,4095,3982,3645,0,0,0,0,0,0,0,48,3966,3982,3645,0,0,0,0,0,0,0,0,0,0,0,0,0,0,0,0,0,0,
0,0,0,0,0,64,80,64,0,0,0,0,0,0,0,0,48,64,3918,3918,3452,16,48,0,0,0,0,0,208,3613,16,0,0,0,64,3709,64,0,0,0,48,3581,16,0,0,0,0,0,64,3468,16,0,0,64,0,0,0,0,0,0,0,0,0,48,0,64,3934,0,0,0,0,0,0,0,0,64,3886,0,64,3934,0,0,0,0,0,0,0,0,64,3950,0,64,3500,0,0,64,64,64,64,48,0,64,3532,0,0,16,48,48,3982,4095,4095,4095,3918,16,48,0,0,0,48,3677,64,80,4095,4095,4095,3982,176,3581,0,0,0,0,48,3645,64,4095,4095,4095,3982,3645,0,0,0,0,0,0,0,48,3966,3982,3645,0,0,0,0,0,0,0,0,0,0,0,0,0,0,0,0,0,0,
0,0,0,0,0,64,80,64,0,0,0,0,0,0,0,0,48,64,3918,3918,3452,16,48,0,0,0,0,0,208,3613,16,0,0,0,64,3709,64,0,0,0,48,3581,16,0,0,0,0,0,64,3468,16,0,0,64,0,0,0,0,0,0,0,0,0,48,0,64,3934,0,0,0,0,0,0,0,0,64,3886,0,64,3934,0,0,0,0,0,0,0,0,64,3950,0,64,3500,0,0,64,64,64,64,48,0,64,3532,0,0,16,48,48,3982,4095,4095,4095,3918,16,48,0,0,0,48,3677,64,80,4095,4095,4095,3982,176,3581,0,0,0,0,48,3645,64,4095,4095,4095,3982,3645,0,0,0,0,0,0,0,48,3966,3982,3645,0,0,0,0,0,0,0,0,0,0,0,0,0,0,0,0,0,0,
0,0,0,0,64,3870,3966,3468,0,0,0,0,0,0,0,64,3532,0,0,0,16,48,3629,0,0,0,0,64,0,0,0,0,0,0,0,0,0,64,0,0,3549,0,0,0,0,0,0,0,0,48,3468,0,64,0,0,0,0,0,0,0,0,0,0,0,64,3870,0,0,0,0,0,0,0,0,0,0,64,3870,3950,0,0,0,0,0,0,0,0,0,0,64,3966,3452,16,0,0,64,80,64,64,64,0,0,64,3500,16,48,0,64,3918,4095,4095,4095,3902,0,0,48,0,0,3629,0,0,96,4095,4095,4095,3934,0,48,3549,0,0,0,0,48,48,3982,3982,3982,3725,48,0,0,0,0,0,48,3645,0,64,64,48,48,3645,0,0,0,0,0,0,0,48,3966,3982,3645,0,0,0,0,0,
0,0,0,0,64,3870,3966,3468,0,0,0,0,0,0,0,64,3532,0,0,0,16,48,3629,0,0,0,0,64,0,0,0,0,0,0,0,0,0,64,0,0,3549,0,0,0,0,0,0,0,0,48,3468,0,64,0,0,0,0,0,0,0,0,0,0,0,64,3870,0,0,0,0,0,0,0,0,0,0,64,3870,3950,0,0,0,0,0,0,0,0,0,0,64,3966,3452,16,0,0,64,80,64,64,64,0,0,64,3500,16,48,0,64,3918,4095,4095,4095,3902,0,0,48,0,0,3629,0,0,96,4095,4095,4095,3934,0,48,3549,0,0,0,0,48,48,3982,3982,3982,3725,48,0,0,0,0,0,48,3645,0,64,64,48,48,3645,0,0,0,0,0,0,0,48,3966,3982,3645,0,0,0,0,0,
0,0,0,0,64,3870,3966,3468,0,0,0,0,0,0,0,64,3532,0,0,0,16,48,3629,0,0,0,0,64,0,0,0,0,0,0,0,0,0,64,0,0,3549,0,0,0,0,0,0,0,0,48,3468,0,64,0,0,0,0,0,0,0,0,0,0,0,64,3870,0,0,0,0,0,0,0,0,0,0,64,3870,3950,0,0,0,0,0,0,0,0,0,0,64,3966,3452,16,0,0,64,80,64,64,64,0,0,64,3500,16,48,0,64,3918,4095,4095,4095,3902,0,0,48,0,0,3629,0,0,96,4095,4095,4095,3934,0,48,3549,0,0,0,0,48,48,3982,3982,3982,3725,48,0,0,0,0,0,48,3645,0,64,64,48,48,3645,0,0,0,0,0,0,0,48,3966,3982,3645,0,0,0,0,0,
0,0,0,0,64,3870,3966,3468,0,0,0,0,0,0,0,64,3532,0,0,0,16,48,3629,0,0,0,0,64,0,0,0,0,0,0,0,0,0,64,0,0,3549,0,0,0,0,0,0,0,0,48,3468,0,64,0,0,0,0,0,0,0,0,0,0,0,64,3870,0,0,0,0,0,0,0,0,0,0,64,3870,3950,0,0,0,0,0,0,0,0,0,0,64,3966,3452,16,0,0,64,80,64,64,64,0,0,64,3500,16,48,0,64,3918,4095,4095,4095,3902,0,0,48,0,0,3629,0,0,96,4095,4095,4095,3934,0,48,3549,0,0,0,0,48,48,3982,3982,3982,3725,48,0,0,0,0,0,48,3645,0,64,64,48,48,3645,0,0,0,0,0,0,0,48,3966,3982,3645,0,0,0,0,0,
0,0,0,0,64,3870,3966,3468,0,0,0,0,0,0,0,64,3532,0,0,0,16,48,3629,0,0,0,0,64,0,0,0,0,0,0,0,0,0,64,0,0,3549,0,0,0,0,0,0,0,0,48,3468,0,64,0,0,0,0,0,0,0,0,0,0,0,64,3870,0,0,0,0,0,0,0,0,0,0,64,3870,3950,0,0,0,0,16,64,64,64,0,0,64,3966,3452,16,0,0,80,208,4078,3918,3597,48,0,64,3500,16,48,0,48,3950,4078,3629,64,96,3918,0,48,0,0,3629,0,0,64,3950,240,3532,64,3950,48,3549,0,0,0,0,48,48,3998,3998,64,208,3982,0,0,0,0,0,48,3645,0,208,4095,4095,3966,3645,0,0,0,0,0,0,0,48,3982,3982,3645,0,0,0,0,0,
0,0,0,0,64,3870,3966,3468,0,0,0,0,0,0,0,64,3532,0,0,0,16,48,3629,0,0,0,0,64,0,0,0,0,0,0,0,0,0,64,0,0,3549,0,0,0,0,0,0,0,0,48,3468,0,64,0,0,0,0,0,0,0,0,0,0,0,64,3870,0,0,0,0,0,0,0,0,0,0,64,3870,3950,0,0,0,0,16,64,64,64,0,0,64,3966,3452,16,0,0,80,208,4078,3918,3597,48,0,64,3500,16,48,0,48,3950,4078,3629,64,96,3918,0,48,0,0,3629,0,0,64,3950,240,3532,64,3950,48,3549,0,0,0,0,48,48,3998,3998,64,208,3982,0,0,0,0,0,48,3645,0,208,4095,4095,3966,3645,0,0,0,0,0,0,0,48,3982,3982,3645,0,0,0,0,0,
0,0,0,0,0,0,0,0,16,0,0,0,0,0,0,0,0,0,0,0,0,0,0,96,0,0,0,0,0,0,0,0,0,0,0,0,0,48,0,0,0,0,0,0,0,0,0,0,0,0,0,0,0,0,0,16,0,0,16,0,0,0,0,0,48,0,0,0,0,0,0,0,16,0,0,0,0,64,0,0,0,0,16,0,96,64,96,0,0,0,64,0,16,16,0,64,224,3854,3950,3549,64,0,16,64,16,0,0,80,3950,3870,16,0,80,3902,0,0,96,0,0,0,0,64,3886,0,0,64,3950,0,0,0,0,64,0,0,48,3709,64,64,192,3629,0,176,0,0,0,48,0,0,48,3934,3982,3629,0,176,0,0,0,0,0,0,64,64,64,64,48,0,0,0,0,
0,0,0,0,0,0,0,0,16,0,0,0,0,0,0,0,0,0,0,0,0,0,0,96,0,0,0,0,0,0,0,0,0,0,0,0,0,48,0,0,0,0,0,0,0,0,0,0,0,0,0,0,0,0,0,16,0,0,16,0,0,0,0,0,48,0,0,0,0,0,0,0,16,0,0,0,0,64,0,0,0,0,16,0,96,64,96,0,0,0,64,0,16,16,0,64,224,3854,3950,3549,64,0,16,64,16,0,0,80,3950,3870,16,0,80,3902,0,0,96,0,0,0,0,64,3886,0,0,64,3950,0,0,0,0,64,0,0,48,3709,64,64,192,3629,0,176,0,0,0,48,0,0,48,3934,3982,3629,0,176,0,0,0,0,0,0,64,64,64,64,48,0,0,0,0,
0,0,0,0,0,0,0,0,0,0,0,0,0,0,0,0,0,0,0,0,0,0,0,96,0,0,0,0,0,0,0,0,0,0,0,0,0,48,0,0,0,0,0,16,0,0,0,0,0,0,0,0,0,0,16,0,0,0,0,0,16,0,0,0,0,0,0,0,0,0,0,0,0,0,0,0,0,64,0,0,0,64,64,80,64,64,64,0,0,0,80,0,0,64,4062,3982,4078,3918,3918,3581,96,0,0,48,0,0,96,3870,353,3902,0,0,112,3902,0,0,16,0,0,48,3950,3950,3934,0,0,96,3966,0,0,0,0,48,0,0,48,3709,64,64,192,3629,0,176,0,0,0,48,0,0,48,3982,3966,3629,0,176,0,0,0,0,0,0,0,64,64,48,0,0,0,0,0,
0,0,0,0,0,0,0,0,0,0,0,0,0,0,0,0,0,0,0,0,0,0,0,96,0,0,0,0,0,0,0,0,0,0,0,0,0,48,0,0,0,0,0,16,0,0,0,0,0,0,0,0,0,0,16,0,0,0,0,0,16,0,0,0,0,0,0,0,0,0,0,0,0,0,0,0,0,64,0,0,0,64,64,80,64,64,64,0,0,0,80,0,0,64,4062,3982,4078,3918,3918,3581,96,0,0,48,0,0,96,3870,353,3902,0,0,112,3902,0,0,16,0,0,48,3950,3950,3934,0,0,96,3966,0,0,0,0,48,0,0,48,3709,64,64,192,3629,0,176,0,0,0,48,0,0,48,3982,3966,3629,0,176,0,0,0,0,0,0,0,64,64,48,0,0,0,0,0,
0,0,0,0,0,0,0,0,0,0,0,0,0,0,0,0,0,0,0,0,0,0,0,96,0,0,0,0,0,0,0,0,0,0,0,0,0,48,0,0,0,0,0,0,0,0,0,0,16,0,0,0,0,0,0,0,0,0,0,0,16,0,0,0,0,0,0,0,16,0,16,64,64,64,0,0,0,64,0,0,0,64,64,224,3838,3950,3613,64,0,0,64,0,0,64,4078,4095,3934,16,0,96,3532,48,0,64,0,0,80,4078,4095,3902,16,0,0,64,3822,0,0,0,0,64,3934,4078,3629,0,0,0,80,3918,0,0,0,48,0,48,3677,48,0,0,0,176,3693,176,0,0,0,48,0,64,3645,64,64,176,3693,176,0,0,0,0,0,0,0,192,4095,4078,3645,0,0,0,0,
0,0,0,0,0,0,0,0,0,0,0,0,0,0,0,0,0,0,0,0,0,0,0,96,0,0,0,0,0,0,0,0,0,0,0,0,0,48,0,0,0,0,0,0,0,0,0,0,16,0,0,0,0,0,0,0,0,0,0,0,16,0,0,0,0,0,0,0,16,0,16,64,64,64,0,0,0,64,0,0,0,64,64,224,3838,3950,3613,64,0,0,64,0,0,64,4078,4095,3934,16,0,96,3532,48,0,64,0,0,80,4078,4095,3902,16,0,0,64,3822,0,0,0,0,64,3934,4078,3629,0,0,0,80,3918,0,0,0,48,0,48,3677,48,0,0,0,176,3693,176,0,0,0,48,0,64,3645,64,64,176,3693,176,0,0,0,0,0,0,0,192,4095,4078,3645,0,0,0,0,
0,0,0,0,0,0,0,0,0,0,0,0,0,0,0,0,0,0,0,0,0,0,0,16,0,0,0,0,0,0,0,0,0,0,0,0,0,0,0,0,0,0,0,0,0,0,0,0,0,0,16,0,0,0,0,0,0,0,0,0,0,0,0,0,16,0,0,0,0,16,0,80,64,64,0,0,0,0,0,0,0,64,64,208,3838,3950,3372,80,0,0,0,16,0,64,4062,4095,3934,0,0,96,3436,64,0,16,0,0,96,4095,4095,3982,0,0,0,96,3870,16,0,0,0,96,3902,4078,3581,0,16,0,80,3950,0,0,0,0,0,48,3677,48,0,0,0,176,3629,0,0,0,0,0,0,48,3693,64,64,176,3645,0,0,0,0,0,0,0,0,48,3950,3950,3645,0,0,0,0,
0,0,0,0,0,0,0,0,0,0,0,0,0,0,0,0,0,0,0,0,0,0,0,16,0,0,0,0,0,0,0,0,0,0,0,0,0,0,0,0,0,0,0,0,0,0,0,0,0,0,16,0,0,0,0,0,0,0,0,0,0,0,0,0,16,0,0,0,0,16,0,80,64,64,0,0,0,0,0,0,0,64,64,208,3838,3950,3372,80,0,0,0,16,0,64,4062,4095,3934,0,0,96,3436,64,0,16,0,0,96,4095,4095,3982,0,0,0,96,3870,16,0,0,0,96,3902,4078,3581,0,16,0,80,3950,0,0,0,0,0,48,3677,48,0,0,0,176,3629,0,0,0,0,0,0,48,3693,64,64,176,3645,0,0,0,0,0,0,0,0,48,3950,3950,3645,0,0,0,0,
0,0,0,0,0,0,0,0,0,0,0,0,0,0,0,0,0,0,0,0,0,0,0,0,0,0,0,0,0,0,0,0,0,16,0,0,0,0,0,0,0,0,0,0,0,16,0,0,0,0,16,0,0,0,0,16,0,0,0,0,0,0,0,0,16,0,0,0,0,0,0,64,64,96,0,0,0,0,0,0,0,0,64,176,3741,3950,3532,96,0,0,0,16,0,0,289,4062,3918,16,0,80,3629,48,0,16,0,0,48,3902,4078,3500,0,0,0,80,3838,16,0,0,0,0,96,3741,16,0,0,0,80,3934,0,0,0,0,0,64,3677,48,0,0,0,176,3629,0,0,0,0,0,0,48,3693,64,64,176,3645,0,0,0,0,0,0,0,0,48,3950,3950,3645,0,0,0,0,
0,0,0,0,0,0,0,0,0,0,0,0,0,0,0,0,0,0,0,0,0,0,0,0,0,0,0,0,0,0,0,0,0,16,0,0,0,0,0,0,0,0,0,0,0,16,0,0,0,0,16,0,0,0,0,16,0,0,0,0,0,0,0,0,16,0,0,0,0,0,0,64,64,96,0,0,0,0,0,0,0,0,64,176,3741,3950,3532,96,0,0,0,16,0,0,289,4062,3918,16,0,80,3629,48,0,16,0,0,48,3902,4078,3500,0,0,0,80,3838,16,0,0,0,0,96,3741,16,0,0,0,80,3934,0,0,0,0,0,64,3677,48,0,0,0,176,3629,0,0,0,0,0,0,48,3693,64,64,176,3645,0,0,0,0,0,0,0,0,48,3950,3950,3645,0,0,0,0,
0,0,0,0,0,0,0,0,0,0,0,0,0,0,0,0,0,0,0,0,0,0,0,0,0,0,0,0,0,0,0,0,0,0,0,0,0,0,0,0,0,0,0,0,0,16,0,0,0,0,16,0,0,0,0,16,0,0,0,0,0,0,0,0,16,0,0,0,0,0,0,64,64,96,0,0,0,0,0,0,0,0,64,176,3741,3950,3532,96,0,0,0,16,0,0,289,4062,3918,16,0,80,3629,48,0,16,0,0,48,3902,4078,3500,0,0,0,80,3838,16,0,0,0,0,96,3741,16,0,0,0,80,3934,0,0,0,0,0,48,3677,48,0,0,0,176,3629,0,0,0,0,0,0,48,3693,64,64,176,3645,0,0,0,0,0,0,0,0,48,3950,3950,3645,0,0,0,0,
0,0,0,0,0,0,0,0,0,0,0,0,0,0,0,0,0,0,0,0,0,0,0,0,0,0,0,0,0,0,0,0,0,16,0,0,0,0,0,0,0,0,0,0,0,16,0,0,0,0,16,0,0,0,0,16,0,0,0,0,0,0,0,0,16,0,0,0,0,0,0,64,64,96,0,0,0,0,0,0,0,0,64,176,3741,3950,3532,96,0,0,0,16,0,0,289,4062,3918,16,0,80,3629,48,0,16,0,0,48,3902,4078,3500,0,0,0,80,3838,16,0,0,0,0,96,3741,16,0,0,0,80,3934,0,0,0,0,0,48,3677,48,0,0,0,176,3629,0,0,0,0,0,0,48,3693,64,64,176,3645,0,0,0,0,0,0,0,0,48,3950,3950,3645,0,0,0,0,
0,0,0,0,0,0,0,0,0,0,0,0,0,0,0,0,0,0,0,0,0,0,0,0,0,0,0,0,0,0,0,0,0,0,0,16,0,16,0,0,0,0,0,0,0,0,0,0,0,0,16,0,0,0,0,0,0,0,64,64,80,0,0,0,0,0,0,16,64,64,224,3870,3902,3645,64,64,0,0,0,0,192,3934,4078,3372,80,0,80,3950,3902,0,0,0,48,3934,289,3549,64,3870,0,0,48,3532,96,0,0,64,4095,3902,16,96,3918,16,0,0,64,3773,16,0,48,3950,3982,80,176,3532,0,16,0,96,3934,0,0,0,48,3982,4078,3645,0,0,0,0,176,3629,0,0,0,0,64,3982,48,0,0,0,208,3966,0,0,0,0,0,0,3950,3677,64,64,176,0,0,0,0,
0,0,0,0,0,0,0,0,0,0,0,0,0,0,0,0,0,0,0,0,0,0,0,0,0,0,0,0,0,0,0,0,0,0,0,16,0,16,0,0,0,0,0,0,0,0,0,0,0,0,16,0,0,0,0,0,0,0,64,64,80,0,0,0,0,0,0,16,64,64,224,3870,3902,3645,64,64,0,0,0,0,192,3934,4078,3372,80,0,80,3950,3902,0,0,0,48,3934,289,3549,64,3870,0,0,48,3532,96,0,0,64,4095,3902,16,96,3918,16,0,0,64,3773,16,0,48,3950,3982,80,176,3532,0,16,0,96,3934,0,0,0,48,3982,4078,3645,0,0,0,0,176,3629,0,0,0,0,64,3982,48,0,0,0,208,3966,0,0,0,0,0,0,3950,3677,64,64,176,0,0,0,0,
0,0,0,0,0,0,0,0,0,0,0,0,0,0,0,0,0,0,0,0,0,0,0,0,0,0,0,0,0,0,0,0,0,0,0,0,0,0,0,0,0,0,0,0,0,0,0,0,0,0,0,0,0,0,0,0,0,16,64,64,48,0,0,0,0,0,0,16,64,64,160,3934,3950,3597,16,80,0,0,0,0,192,3950,3950,3645,64,0,0,48,3532,0,0,0,64,3950,96,0,64,3934,0,0,0,0,64,0,0,64,4095,3870,0,80,3870,16,0,0,80,3918,0,0,48,3982,3982,80,208,3549,0,0,0,64,3934,0,0,0,48,3950,3982,3645,0,0,0,0,48,3629,0,0,0,0,0,48,0,0,0,0,0,48,0,0,0,0,0,0,3613,0,64,64,48,0,0,0,0,
0,0,0,0,0,0,0,0,0,0,0,0,0,0,0,0,0,0,0,0,0,0,0,0,0,0,0,0,0,0,0,0,0,0,0,0,0,0,0,0,0,0,0,0,0,0,0,0,0,0,0,0,0,0,0,0,0,16,64,64,48,0,0,0,0,0,0,16,64,64,160,3934,3950,3597,16,80,0,0,0,0,192,3966,3950,3645,64,0,0,48,3532,0,0,0,64,3950,96,0,64,3934,0,0,0,0,64,0,0,64,4095,3870,0,80,3870,16,0,0,80,3918,0,0,48,3982,3982,80,208,3549,0,0,0,64,3934,0,0,0,48,3950,3982,3645,0,0,0,0,48,3629,0,0,0,0,0,48,0,0,0,0,0,48,0,0,0,0,0,0,3613,0,64,64,48,0,0,0,0,
0,0,0,0,0,0,0,0,0,0,0,0,0,0,0,0,0,0,0,0,0,0,0,0,0,0,0,0,0,0,0,0,0,0,0,0,0,0,0,0,0,0,0,0,0,0,0,0,0,0,0,0,0,0,0,0,0,16,64,64,48,0,0,0,0,0,0,16,64,64,160,3934,3950,3597,16,80,0,0,0,0,192,3966,3950,3645,64,0,0,48,3532,0,0,0,64,3950,96,0,64,3934,0,0,0,0,64,0,0,64,4095,3870,0,80,3870,16,0,0,80,3918,0,0,48,3982,3982,80,208,3549,0,0,0,64,3934,0,0,0,48,3950,3982,3645,0,0,0,0,48,3629,0,0,0,0,0,48,0,0,0,0,0,48,0,0,0,0,0,0,3613,0,64,64,48,0,0,0,0,
0,0,0,0,0,0,0,0,0,0,0,0,0,0,0,0,0,0,0,0,0,0,0,0,0,0,0,0,0,0,0,0,0,0,0,0,0,0,0,0,0,0,0,0,0,0,0,0,0,0,0,0,0,0,0,0,0,16,64,64,48,0,0,0,0,0,0,16,64,64,160,3934,3950,3597,16,80,0,0,0,0,192,3966,3950,3645,64,0,0,48,3532,0,0,0,64,3950,96,0,64,3934,0,0,0,0,64,0,0,64,4095,3870,0,80,3870,16,0,0,80,3918,0,0,48,3982,3982,80,208,3549,0,0,0,64,3934,0,0,0,48,3950,3982,3645,0,0,0,0,48,3629,0,0,0,0,0,48,0,0,0,0,0,48,0,0,0,0,0,0,3613,0,64,64,48,0,0,0,0,
0,0,0,0,0,0,0,0,0,0,0,0,0,0,0,0,0,0,0,0,16,0,0,0,0,0,0,0,0,0,0,0,0,0,16,0,0,0,0,0,0,0,0,0,0,80,64,48,0,16,0,0,0,0,0,0,48,48,3870,3886,3629,16,64,16,0,0,0,0,353,3934,48,0,0,0,48,3372,96,0,0,16,176,3870,3934,3532,80,0,0,16,64,3436,16,16,80,3918,0,0,64,3902,0,0,0,0,16,64,0,64,3918,16,0,96,3950,0,0,0,0,64,3838,0,96,3950,64,80,192,3532,0,0,0,0,64,0,0,48,3966,3982,3966,3597,0,0,0,0,0,48,0,0,0,0,48,0,0,0,0,0,0,0,0,0,0,0,0,0,64,0,0,0,0,0,0,0,0,
0,0,0,0,0,0,0,0,0,0,0,0,0,0,0,0,0,0,0,0,16,0,0,0,0,0,0,0,0,0,0,0,0,0,16,0,0,0,0,0,0,0,0,0,0,80,64,48,0,16,0,0,0,0,0,0,48,48,3870,3886,3629,16,64,16,0,0,0,0,353,3934,48,0,0,0,48,3372,96,0,0,16,176,3870,3934,3532,80,0,0,16,64,3436,16,16,80,3918,0,0,64,3902,0,0,0,0,16,64,0,64,3918,16,0,96,3950,0,0,0,0,64,3838,0,96,3950,64,80,192,3532,0,0,0,0,64,0,0,48,3966,3982,3966,3597,0,0,0,0,0,48,0,0,0,0,48,0,0,0,0,0,0,0,0,0,0,0,0,0,64,0,0,0,0,0,0,0,0,
0,0,0,0,0,0,0,0,0,0,0,0,0,0,0,0,0,0,0,0,16,0,0,0,0,0,0,0,0,0,16,0,0,0,0,0,0,0,0,0,0,16,0,0,16,64,96,80,0,0,0,0,0,0,0,0,64,48,3822,3886,3677,16,64,0,16,0,0,0,256,3805,0,0,0,16,48,3549,64,0,0,16,80,3886,3645,16,0,0,0,0,64,3372,0,0,16,48,0,0,0,48,0,0,0,0,16,48,0,64,3870,16,0,48,3532,0,0,0,0,64,3854,0,64,3918,16,48,0,0,0,0,0,0,96,0,0,48,3645,48,3629,0,0,0,0,0,0,48,0,0,0,0,48,0,0,0,0,0,0,0,0,0,0,0,0,0,48,0,0,0,0,0,0,0,0,
0,0,0,0,0,0,0,0,0,0,0,0,0,0,0,0,0,0,16,0,0,0,0,0,0,0,0,0,0,0,0,16,0,0,0,0,0,0,0,0,16,0,0,0,0,64,80,64,16,16,0,0,0,0,0,64,64,240,3805,3934,3549,16,64,0,0,0,0,96,4062,3950,3259,16,0,0,48,3372,64,0,0,64,48,3372,16,16,0,64,0,0,64,3372,0,80,3870,64,16,0,0,80,3805,16,0,0,16,48,64,4078,3902,0,0,0,80,3982,0,0,0,48,3805,0,3902,3918,0,0,0,64,3597,0,0,0,64,0,0,48,3677,64,64,48,0,0,0,0,0,48,0,0,0,64,4078,3966,3677,0,0,0,0,0,0,0,0,0,0,0,64,0,0,0,0,0,0,0,0,
0,0,0,0,0,0,0,0,0,0,0,0,0,0,0,0,0,0,16,0,0,0,0,0,0,0,0,0,0,0,0,16,0,0,0,0,0,0,0,0,16,0,0,0,0,64,80,64,16,16,0,0,0,0,0,64,64,240,3805,3934,3549,16,64,0,0,0,0,96,4062,3950,3259,16,0,0,48,3372,64,0,0,80,48,3372,16,16,0,64,0,0,64,3372,0,80,3870,64,16,0,0,80,3805,16,0,0,16,48,64,4078,3902,0,0,0,80,3982,0,0,0,48,3805,0,3902,3918,0,0,0,64,3597,0,0,0,64,0,0,48,3677,64,64,48,0,0,0,0,0,48,0,0,0,64,4078,3966,3677,0,0,0,0,0,0,0,0,0,0,0,64,0,0,0,0,0,0,0,0,
0,0,0,0,0,0,0,0,0,0,0,0,0,0,0,0,0,0,0,0,0,0,0,0,0,0,0,0,0,0,0,0,0,0,0,0,0,0,0,0,0,0,0,0,0,0,0,0,0,0,0,0,0,0,0,0,48,0,0,0,0,0,0,0,0,0,0,0,48,3532,0,0,0,0,0,0,0,0,0,0,0,0,0,0,0,0,0,0,0,0,0,0,48,0,0,0,0,0,64,0,0,0,0,0,64,3532,0,0,0,0,48,3452,0,0,0,0,0,0,0,0,0,0,0,0,0,0,0,0,0,0,0,0,0,0,48,0,0,0,0,0,0,0,0,0,0,0,48,3645,0,0,0,0,0,0,0,0,0,0,0,0,0,0,0,0,0,0,0,0,0,
0,0,0,0,0,0,0,0,0,0,0,0,0,0,0,0,0,0,0,0,0,0,0,0,0,0,0,0,0,0,0,0,0,0,0,0,0,0,0,0,0,0,0,0,0,0,0,0,0,0,0,0,0,0,0,0,48,0,0,0,0,0,0,0,0,0,0,0,48,3500,0,0,0,0,0,0,0,0,0,0,0,0,0,0,0,0,0,0,0,0,0,0,48,0,0,0,0,0,64,0,0,0,0,0,64,3532,0,0,0,0,48,3452,0,0,0,0,0,0,0,0,0,0,0,0,0,0,0,0,0,0,0,0,0,0,48,0,0,0,0,0,0,0,0,0,0,0,48,3645,0,0,0,0,0,0,0,0,0,0,0,0,0,0,0,0,0,0,0,0,0,
0,0,0,0,0,0,0,0,0,0,0,0,0,0,0,0,0,0,0,0,0,0,0,0,0,0,0,0,0,0,0,0,0,0,0,0,0,0,0,0,0,0,0,0,0,0,0,0,0,0,0,0,0,0,0,0,48,0,0,0,0,0,0,0,0,0,0,0,48,3645,0,0,0,0,0,0,0,0,0,0,0,0,0,0,0,0,0,0,0,0,0,0,48,0,0,0,0,0,48,0,0,0,0,0,48,3645,0,0,0,0,48,3645,0,0,0,0,0,0,0,0,0,0,0,0,0,0,0,0,0,0,0,0,0,0,48,0,0,0,0,0,0,0,0,0,0,0,48,3645,0,0,0,0,0,0,0,0,0,0,0,0,0,0,0,0,0,0,0,0,0,
0,0,0,0,0,0,0,0,0,0,0,0,0,0,0,0,0,0,0,0,0,0,0,0,0,0,0,0,0,0,0,0,0,0,0,0,0,0,0,0,0,0,0,0,0,0,0,0,0,0,0,0,0,0,0,0,48,0,0,0,0,0,0,0,0,0,0,0,48,3645,0,0,0,0,0,0,0,0,0,0,0,0,0,0,0,0,0,0,0,0,0,0,48,0,0,0,0,0,48,0,0,0,0,0,48,3645,0,0,0,0,48,3645,0,0,0,0,0,0,0,0,0,0,0,0,0,0,0,0,0,0,0,0,0,0,48,0,0,0,0,0,0,0,0,0,0,0,48,3645,0,0,0,0,0,0,0,0,0,0,0,0,0,0,0,0,0,0,0,0,0,
0,0,0,0,0,0,0,0,0,0,0,0,0,0,0,0,0,0,0,0,0,0,0,0,0,0,0,0,0,0,0,0,0,0,0,0,0,0,0,0,0,0,0,48,0,0,0,0,0,0,0,0,0,0,0,48,3645,0,0,0,0,0,0,0,0,0,0,0,0,0,0,0,0,0,0,0,0,0,0,0,0,0,0,0,0,0,0,0,0,0,0,48,0,0,0,0,0,0,0,48,0,0,0,0,3645,0,0,0,0,0,0,48,3645,0,0,0,0,0,0,0,0,0,0,0,0,0,0,0,0,0,0,0,0,0,0,0,0,0,0,0,0,0,0,0,0,0,0,48,0,0,0,0,0,0,0,0,0,0,0,0,3645,0,0,0,0,0,0,0,0,
0,0,0,0,0,0,0,0,0,0,0,0,0,0,0,0,0,0,0,0,0,0,0,0,0,0,0,0,0,0,0,0,0,0,0,0,0,0,0,0,0,0,0,48,0,0,0,0,0,0,0,0,0,0,0,48,3645,0,0,0,0,0,0,0,0,0,0,0,0,0,0,0,0,0,0,0,0,0,0,0,0,0,0,0,0,0,0,0,0,0,0,48,0,0,0,0,0,0,0,48,0,0,0,0,3645,0,0,0,0,0,0,48,3645,0,0,0,0,0,0,0,0,0,0,0,0,0,0,0,0,0,0,0,0,0,0,0,0,0,0,0,0,0,0,0,0,0,0,48,0,0,0,0,0,0,0,0,0,0,0,0,3645,0,0,0,0,0,0,0,0,
0,0,0,0,0,0,0,0,0,0,0,0,0,0,0,0,0,0,0,0,0,0,0,0,0,0,0,0,0,0,0,0,0,0,0,0,0,0,0,0,0,0,0,48,0,0,0,0,0,0,0,0,0,0,0,48,3645,0,0,0,0,0,0,0,0,0,0,0,0,0,0,0,0,0,0,0,0,0,0,0,0,0,0,0,0,0,0,0,0,0,0,48,0,0,0,0,0,0,0,48,0,0,0,0,3645,0,0,0,0,0,0,48,3645,0,0,0,0,0,0,0,0,0,0,0,0,0,0,0,0,0,0,0,0,0,0,0,0,0,0,0,0,0,0,0,0,0,0,48,0,0,0,0,0,0,0,0,0,0,0,0,3645,0,0,0,0,0,0,0,0,
0,0,0,0,0,0,0,0,0,0,0,0,0,0,0,0,0,0,0,0,0,0,0,0,0,0,0,0,0,0,0,0,0,0,0,0,0,0,0,0,0,0,0,48,0,0,0,0,0,0,0,0,0,0,0,48,3645,0,0,0,0,0,0,0,0,0,0,0,0,0,0,0,0,0,0,0,0,0,0,0,0,0,0,0,0,0,0,0,0,0,0,48,0,0,0,0,0,0,0,48,0,0,0,0,3645,0,0,0,0,0,0,48,3645,0,0,0,0,0,0,0,0,0,0,0,0,0,0,0,0,0,0,0,0,0,0,0,0,0,0,0,0,0,0,0,0,0,0,48,0,0,0,0,0,0,0,0,0,0,0,0,3645,0,0,0,0,0,0,0,0,
0,0,0,0,0,0,0,0,0,0,0,0,0,0,0,0,0,0,0,0,0,0,0,0,0,0,0,0,0,0,0,0,0,0,0,0,0,0,0,0,0,0,0,0,0,0,0,0,0,0,0,0,0,0,0,0,0,0,0,0,0,0,0,0,0,0,0,0,0,0,0,0,0,0,0,0,0,0,0,0,0,0,0,0,0,0,0,0,0,0,0,0,0,0,0,0,0,0,0,0,0,0,0,0,0,0,0,0,0,0,0,0,0,0,0,0,0,0,0,0,0,0,0,0,0,0,0,0,0,0,0,0,0,0,0,0,0,0,0,0,0,0,0,0,0,0,0,0,0,0,0,0,0,0,0,0,0,0,0,0,0,0,0,0,0,0,0,0,0,
0,0,0,0,0,0,0,0,0,0,0,0,0,0,0,0,0,0,0,0,0,0,0,0,0,0,0,0,0,0,0,0,0,0,0,0,0,0,0,0,0,0,0,0,0,0,0,0,0,0,0,0,0,0,0,0,0,0,0,0,0,0,0,0,0,0,0,0,0,0,0,0,0,0,0,0,0,0,0,0,0,0,0,0,0,0,0,0,0,0,0,0,0,0,0,0,0,0,0,0,0,0,0,0,0,0,0,0,0,0,0,0,0,0,0,0,0,0,0,0,0,0,0,0,0,0,0,0,0,0,0,0,0,0,0,0,0,0,0,0,0,0,0,0,0,0,0,0,0,0,0,0,0,0,0,0,0,0,0,0,0,0,0,0,0,0,0,0,0,
0,0,0,0,0,0,0,0,0,0,0,0,0,0,0,0,0,0,0,0,0,0,0,0,0,0,0,0,0,0,0,0,0,0,0,0,0,0,0,0,0,0,0,0,0,0,0,0,0,0,0,0,0,0,0,0,0,0,0,0,0,0,0,0,0,0,0,0,0,0,0,0,0,0,0,0,0,0,0,0,0,0,0,0,0,0,0,0,0,0,0,0,0,0,0,0,0,0,0,0,0,0,0,0,0,0,0,0,0,0,0,0,0,0,0,0,0,0,0,0,0,0,0,0,0,0,0,0,0,0,0,0,0,0,0,0,0,0,0,0,0,0,0,0,0,0,0,0,0,0,0,0,0,0,0,0,0,0,0,0,0,0,0,0,0,0,0,0,0,
0,0,0,0,0,0,0,0,0,0,0,0,0,0,0,0,0,0,0,0,0,0,0,0,0,0,0,0,0,0,0,0,0,0,0,0,0,0,0,0,0,0,0,0,0,0,0,0,0,0,0,0,0,0,0,0,0,0,0,0,0,0,0,0,0,0,0,0,0,0,0,0,0,0,0,0,0,0,0,0,0,0,0,0,0,0,0,0,0,0,0,0,0,0,0,0,0,0,0,0,0,0,0,0,0,0,0,0,0,0,0,0,0,0,0,0,0,0,0,0,0,0,0,0,0,0,0,0,0,0,0,0,0,0,0,0,0,0,0,0,0,0,0,0,0,0,0,0,0,0,0,0,0,0,0,0,0,0,0,0,0,0,0,0,0,0,0,0,0,
0,0,0,0,0,0,0,0,0,0,0,0,0,0,0,0,0,0,0,0,0,0,0,0,0,0,0,0,0,0,0,0,0,0,0,0,0,0,0,0,0,0,0,0,0,0,0,0,0,0,0,0,0,0,0,0,0,0,0,0,0,0,0,0,0,0,0,0,0,0,0,0,0,0,0,0,0,0,0,0,0,0,0,0,0,0,0,0,0,0,0,0,0,0,0,0,0,0,0,0,0,0,0,0,0,0,0,0,0,0,0,0,0,0,0,0,0,0,0,0,0,0,0,0,0,0,0,0,0,0,0,0,0,0,0,0,0,0,0,0,0,0,0,0,0,0,0,0,0,0,0,0,0,0,0,0,0,0,0,0,0,0,0,0,0,0,0,0,0,
0,0,0,0,0,0,0,0,0,0,0,0,0,0,0,0,0,0,0,0,0,0,0,0,0,0,0,0,0,0,0,0,0,0,0,0,0,0,0,0,0,0,0,0,0,0,0,0,0,0,0,0,0,0,0,0,0,0,0,0,0,0,0,0,0,0,0,0,0,0,0,0,0,0,0,0,0,0,0,0,0,0,0,0,0,0,0,0,0,0,0,0,0,0,0,0,0,0,0,0,0,0,0,0,0,0,0,0,0,0,0,0,0,0,0,0,0,0,0,0,0,0,0,0,0,0,0,0,0,0,0,0,0,0,0,0,0,0,0,0,0,0,0,0,0,0,0,0,0,0,0,0,0,0,0,0,0,0,0,0,0,0,0,0,0,0,0,0,0,
0,0,0,0,0,0,0,0,0,0,0,0,0,0,0,0,0,0,0,0,0,0,0,0,0,0,0,0,0,0,0,0,0,0,0,0,0,0,0,0,0,0,0,0,0,0,0,0,0,0,0,0,0,0,0,0,0,0,0,0,0,0,0,0,0,0,0,0,0,0,0,0,0,0,0,0,0,0,0,0,0,0,0,0,0,0,0,0,0,0,0,0,0,0,0,0,0,0,0,0,0,0,0,0,0,0,0,0,0,0,0,0,0,0,0,0,0,0,0,0,0,0,0,0,0,0,0,0,0,0,0,0,0,0,0,0,0,0,0,0,0,0,0,0,0,0,0,0,0,0,0,0,0,0,0,0,0,0,0,0,0,0,0,0,0,0,0,0,0,
0,0,0,0,0,0,0,0,0,0,0,0,0,0,0,0,0,0,0,0,0,0,0,0,0,0,0,0,0,0,0,0,0,0,0,0,0,0,0,0,0,0,0,0,0,0,0,0,0,0,0,0,0,0,0,0,0,0,0,0,0,0,0,0,0,0,0,0,0,0,0,0,0,0,0,0,0,0,0,0,0,0,0,0,0,0,0,0,0,0,0,0,0,0,0,0,0,0,0,0,0,0,0,0,0,0,0,0,0,0,0,0,0,0,0,0,0,0,0,0,0,0,0,0,0,0,0,0,0,0,0,0,0,0,0,0,0,0,0,0,0,0,0,0,0,0,0,0,0,0,0,0,0,0,0,0,0,0,0,0,0,0,0,0,0,0,0,0,0,
0,0,0,0,0,0,0,0,0,0,0,0,0,0,0,0,0,0,0,0,0,0,0,0,0,0,0,0,0,0,0,0,0,0,0,0,0,0,0,0,0,0,0,0,0,0,0,0,0,0,0,0,0,0,0,0,0,0,0,0,0,0,0,0,0,0,0,0,0,0,0,0,0,0,0,0,0,0,0,0,0,0,0,0,0,0,0,0,0,0,0,0,0,0,0,0,0,0,0,0,0,0,0,0,0,0,0,0,0,0,0,0,0,0,0,0,0,0,0,0,0,0,0,0,0,0,0,0,0,0,0,0,0,0,0,0,0,0,0,0,0,0,0,0,0,0,0,0,0,0,0,0,0,0,0,0,0,0,0,0,0,0,0,0,0,0,0,0,0,
0,0,0,0,0,0,0,0,0,0,0,0,0,0,0,0,0,0,0,0,0,0,0,0,0,0,0,0,0,0,0,0,0,0,0,0,0,0,0,0,0,0,0,0,0,0,0,0,0,0,0,0,0,0,0,0,0,0,0,0,0,0,0,0,0,0,0,0,0,0,0,0,0,0,0,0,0,0,0,0,0,0,0,0,0,0,0,0,0,0,0,0,0,0,0,0,0,0,0,0,0,0,0,0,0,0,0,0,0,0,0,0,0,0,0,0,0,0,0,0,0,0,0,0,0,0,0,0,0,0,0,0,0,0,0,0,0,0,0,0,0,0,0,0,0,0,0,0,0,0,0,0,0,0,0,0,0,0,0,0,0,0,0,0,0,0,0,0,0,
0,0,0,0,0,0,0,0,0,0,0,0,0,0,0,0,0,0,0,0,0,0,0,0,0,0,0,0,0,0,0,0,0,0,0,0,0,0,0,0,0,0,0,0,0,0,0,0,0,0,0,0,0,0,0,0,0,0,0,0,0,0,0,0,0,0,0,0,0,0,0,0,0,0,0,0,0,0,0,0,0,0,0,0,0,0,0,0,0,0,0,0,0,0,0,0,0,0,0,0,0,0,0,0,0,0,0,0,0,0,0,0,0,0,0,0,0,0,0,0,0,0,0,0,0,0,0,0,0,0,0,0,0,0,0,0,0,0,0,0,0,0,0,0,0,0,0,0,0,0,0,0,0,0,0,0,0,0,0,0,0,0,0,0,0,0,0,0,0,
0,0,0,0,0,0,0,0,0,0,0,0,0,0,0,0,0,0,0,0,0,0,0,0,0,0,0,0,0,0,0,0,0,0,0,0,0,0,0,0,0,0,0,0,0,0,0,0,0,0,0,0,0,0,0,0,0,0,0,0,0,0,0,0,0,0,0,0,0,0,0,0,0,0,0,0,0,0,0,0,0,0,0,0,0,0,0,0,0,0,0,0,0,0,0,0,0,0,0,0,0,0,0,0,0,0,0,0,0,0,0,0,0,0,0,0,0,0,0,0,0,0,0,0,0,0,0,0,0,0,0,0,0,0,0,0,0,0,0,0,0,0,0,0,0,0,0,0,0,0,0,0,0,0,0,0,0,0,0,0,0,0,0,0,0,0,0,0,0,
0,0,0,0,0,0,0,0,0,0,0,0,0,0,0,0,0,0,0,0,0,0,0,0,0,0,0,0,0,0,0,0,0,0,0,0,0,0,0,0,0,0,0,0,0,0,0,0,0,0,0,0,0,0,0,0,0,0,0,0,0,0,0,0,0,0,0,0,0,0,0,0,0,0,0,0,0,0,0,0,0,0,0,0,0,0,0,0,0,0,0,0,0,0,0,0,0,0,0,0,0,0,0,0,0,0,0,0,0,0,0,0,0,0,0,0,0,0,0,0,0,0,0,0,0,0,0,0,0,0,0,0,0,0,0,0,0,0,0,0,0,0,0,0,0,0,0,0,0,0,0,0,0,0,0,0,0,0,0,0,0,0,0,0,0,0,0,0,0,
0,0,0,0,0,0,0,0,0,0,0,0,0,0,0,0,0,0,0,0,0,0,0,0,0,0,0,0,0,0,0,0,0,0,0,0,0,0,0,0,0,0,0,0,0,0,0,0,0,0,0,0,0,0,0,0,0,0,0,0,0,0,0,0,0,0,0,0,0,0,0,0,0,0,0,0,0,0,0,0,0,0,0,0,0,0,0,0,0,0,0,0,0,0,0,0,0,0,0,0,0,0,0,0,0,0,0,0,0,0,0,0,0,0,0,0,0,0,0,0,0,0,0,0,0,0,0,0,0,0,0,0,0,0,0,0,0,0,0,0,0,0,0,0,0,0,0,0,0,0,0,0,0,0,0,0,0,0,0,0,0,0,0,0,0,0,0,0,0,
0,0,0,0,0,0,0,0,0,0,0,0,0,0,0,0,0,0,0,0,0,0,0,0,0,0,0,0,0,0,0,0,0,0,0,0,0,0,0,0,0,0,0,0,0,0,0,0,0,0,0,0,0,0,0,0,0,0,0,0,0,0,0,0,0,0,0,0,0,0,0,0,0,0,0,0,0,0,0,0,0,0,0,0,0,0,0,0,0,0,0,0,0,0,0,0,0,0,0,0,0,0,0,0,0,0,0,0,0,0,0,0,0,0,0,0,0,0,0,0,0,0,0,0,0,0,0,0,0,0,0,0,0,0,0,0,0,0,0,0,0,0,0,0,0,0,0,0,0,0,0,0,0,0,0,0,0,0,0,0,0,0,0,0,0,0,0,0,0,
0,0,0,0,0,0,0,0,0,0,0,0,0,0,0,0,0,0,0,0,0,0,0,0,0,0,0,0,0,0,0,0,0,0,0,0,0,0,0,0,0,0,0,0,0,0,0,0,0,0,0,0,0,0,0,0,0,0,0,0,0,0,0,0,0,0,0,0,0,0,0,0,0,0,0,0,0,0,0,0,0,0,0,0,0,0,0,0,0,0,0,0,0,0,0,0,0,0,0,0,0,0,0,0,0,0,0,0,0,0,0,0,0,0,0,0,0,0,0,0,0,0,0,0,0,0,0,0,0,0,0,0,0,0,0,0,0,0,0,0,0,0,0,0,0,0,0,0,0,0,0,0,0,0,0,0,0,0,0,0,0,0,0,0,0,0,0,0,0,
0,0,0,0,0,0,0,0,0,0,0,0,0,0,0,0,0,0,0,0,0,0,0,0,0,0,0,0,0,0,0,0,0,0,0,0,0,0,0,0,0,0,0,0,0,0,0,0,0,0,0,0,0,0,0,0,0,0,0,0,0,0,0,0,0,0,0,0,0,0,0,0,0,0,0,0,0,0,0,0,0,0,0,0,0,0,0,0,0,0,0,0,0,0,0,0,0,0,0,0,0,0,0,0,0,0,0,0,0,0,0,0,0,0,0,0,0,0,0,0,0,0,0,0,0,0,0,0,0,0,0,0,0,0,0,0,0,0,0,0,0,0,0,0,0,0,0,0,0,0,0,0,0,0,0,0,0,0,0,0,0,0,0,0,0,0,0,0,0,
0,0,0,0,0,0,0,0,0,0,0,0,0,0,0,0,0,0,0,0,0,0,0,0,0,0,0,0,0,0,0,0,0,0,0,0,0,0,0,0,0,0,0,0,0,0,0,0,0,0,0,0,0,0,0,0,0,0,0,0,0,0,0,0,0,0,0,0,0,0,0,0,0,0,0,0,0,0,0,0,0,0,0,0,0,0,0,0,0,0,0,0,0,0,0,0,0,0,0,0,0,0,0,0,0,0,0,0,0,0,0,0,0,0,0,0,0,0,0,0,0,0,0,0,0,0,0,0,0,0,0,0,0,0,0,0,0,0,0,0,0,0,0,0,0,0,0,0,0,0,0,0,0,0,0,0,0,0,0,0,0,0,0,0,0,0,0,0,0,
0,0,0,0,0,0,0,0,0,0,0,0,0,0,0,0,0,0,0,0,0,0,0,0,0,0,0,0,0,0,0,0,0,0,0,0,0,0,0,0,0,0,0,0,0,0,0,0,0,0,0,0,0,0,0,0,0,0,0,0,0,0,0,0,0,0,0,0,0,0,0,0,0,0,0,0,0,0,0,0,0,0,0,0,0,0,0,0,0,0,0,0,0,0,0,0,0,0,0,0,0,0,0,0,0,0,0,0,0,0,0,0,0,0,0,0,0,0,0,0,0,0,0,0,0,0,0,0,0,0,0,0,0,0,0,0,0,0,0,0,0,0,0,0,0,0,0,0,0,0,0,0,0,0,0,0,0,0,0,0,0,0,0,0,0,0,0,0,0,
0,0,0,0,0,0,0,0,0,0,0,0,0,0,0,0,0,0,0,0,0,0,0,0,0,0,0,0,0,0,0,0,0,0,0,0,0,0,0,0,0,0,0,0,0,0,0,0,0,0,0,0,0,0,0,0,0,0,0,0,0,0,0,0,0,0,0,0,0,0,0,0,0,0,0,0,0,0,0,0,0,0,0,0,0,0,0,0,0,0,0,0,0,0,0,0,0,0,0,0,0,0,0,0,0,0,0,0,0,0,0,0,0,0,0,0,0,0,0,0,0,0,0,0,0,0,0,0,0,0,0,0,0,0,0,0,0,0,0,0,0,0,0,0,0,0,0,0,0,0,0,0,0,0,0,0,0,0,0,0,0,0,0,0,0,0,0,0,0,
0,0,0,0,0,0,0,0,0,0,0,0,0,0,0,0,0,0,0,0,0,0,0,0,0,0,0,0,0,0,0,0,0,0,0,0,0,0,0,0,0,0,0,0,0,0,0,0,0,0,0,0,0,0,0,0,0,0,0,0,0,0,0,0,0,0,0,0,0,0,0,0,0,0,0,0,0,0,0,0,0,0,0,0,0,0,0,0,0,0,0,0,0,0,0,0,0,0,0,0,0,0,0,0,0,0,0,0,0,0,0,0,0,0,0,0,0,0,0,0,0,0,0,0,0,0,0,0,0,0,0,0,0,0,0,0,0,0,0,0,0,0,0,0,0,0,0,0,0,0,0,0,0,0,0,0,0,0,0,0,0,0,0,0,0,0,0,0,0,
0,0,0,0,0,0,0,0,0,0,0,0,0,0,0,0,0,0,0,0,0,0,0,0,0,0,0,0,0,0,0,0,0,0,0,0,0,0,0,0,0,0,0,0,0,0,0,0,0,0,0,0,0,0,0,0,0,0,0,0,0,0,0,0,0,0,0,0,0,0,0,0,0,0,0,0,0,0,0,0,0,0,0,0,0,0,0,0,0,0,0,0,0,0,0,0,0,0,0,0,0,0,0,0,0,0,0,0,0,0,0,0,0,0,0,0,0,0,0,0,0,0,0,0,0,0,0,0,0,0,0,0,0,0,0,0,0,0,0,0,0,0,0,0,0,0,0,0,0,0,0,0,0,0,0,0,0,0,0,0,0,0,0,0,0,0,0,0,0,
0,0,0,0,0,0,0,0,0,0,0,0,0,0,0,0,0,0,0,0,0,0,0,0,0,0,0,0,0,0,0,0,0,0,0,0,0,0,0,0,0,0,0,0,0,0,0,0,0,0,0,0,0,0,0,0,0,0,0,0,0,0,0,0,0,0,0,0,0,0,0,0,0,0,0,0,0,0,0,0,0,0,0,0,0,0,0,0,0,0,0,0,0,0,0,0,0,0,0,0,0,0,0,0,0,0,0,0,0,0,0,0,0,0,0,0,0,0,0,0,0,0,0,0,0,0,0,0,0,0,0,0,0,0,0,0,0,0,0,0,0,0,0,0,0,0,0,0,0,0,0,0,0,0,0,0,0,0,0,0,0,0,0,0,0,0,0,0,0,
0,0,0,0,0,0,0,0,0,0,0,0,0,0,0,0,0,0,0,0,0,0,0,0,0,0,0,0,0,0,0,0,0,0,0,0,0,0,0,0,0,0,0,0,0,0,0,0,0,0,0,0,0,0,0,0,0,0,0,0,0,0,0,0,0,0,0,0,0,0,0,0,0,0,0,0,0,0,0,0,0,0,0,0,0,0,0,0,0,0,0,0,0,0,0,0,0,0,0,0,0,0,0,0,0,0,0,0,0,0,0,0,0,0,0,0,0,0,0,0,0,0,0,0,0,0,0,0,0,0,0,0,0,0,0,0,0,0,0,0,0,0,0,0,0,0,0,0,0,0,0,0,0,0,0,0,0,0,0,0,0,0,0,0,0,0,0,0,0,
0,0,0,0,0,0,0,0,0,0,0,0,0,0,0,0,0,0,0,0,0,0,0,0,0,0,0,0,0,0,0,0,0,0,0,0,0,0,0,0,0,0,0,0,0,0,0,0,0,0,0,0,0,0,0,0,0,0,0,0,0,0,0,0,0,0,0,0,0,0,0,0,0,0,0,0,0,0,0,0,0,0,0,0,0,0,0,0,0,0,0,0,0,0,0,0,0,0,0,0,0,0,0,0,0,0,0,0,0,0,0,0,0,0,0,0,0,0,0,0,0,0,0,0,0,0,0,0,0,0,0,0,0,0,0,0,0,0,0,0,0,0,0,0,0,0,0,0,0,0,0,0,0,0,0,0,0,0,0,0,0,0,0,0,0,0,0,0,0,
0,0,0,0,0,0,0,0,0,0,0,0,0,0,0,0,0,0,0,0,0,0,0,0,0,0,0,0,0,0,0,0,0,0,0,0,0,0,0,0,0,0,0,0,0,0,0,0,0,0,0,0,0,0,0,0,0,0,0,0,0,0,0,0,0,0,0,0,0,0,0,0,0,0,0,0,0,0,0,0,0,0,0,0,0,0,0,0,0,0,0,0,0,0,0,0,0,0,0,0,0,0,0,0,0,0,0,0,0,0,0,0,0,0,0,0,0,0,0,0,0,0,0,0,0,0,0,0,0,0,0,0,0,0,0,0,0,0,0,0,0,0,0,0,0,0,0,0,0,0,0,0,0,0,0,0,0,0,0,0,0,0,0,0,0,0,0,0,0,
0,0,0,0,0,0,0,0,0,0,0,0,0,0,0,0,0,0,0,0,0,0,0,0,0,0,0,0,0,0,0,0,0,0,0,0,0,0,0,0,0,0,0,0,0,0,0,0,0,0,0,0,0,0,0,0,0,0,0,0,0,0,0,0,0,0,0,0,0,0,0,0,0,0,0,0,0,0,0,0,0,0,0,0,0,0,0,0,0,0,0,0,0,0,0,0,0,0,0,0,0,0,0,0,0,0,0,0,0,0,0,0,0,0,0,0,0,0,0,0,0,0,0,0,0,0,0,0,0,0,0,0,0,0,0,0,0,0,0,0,0,0,0,0,0,0,0,0,0,0,0,0,0,0,0,0,0,0,0,0,0,0,0,0,0,0,0,0,0,
0,0,0,0,0,0,0,0,0,0,0,0,0,0,0,0,0,0,0,0,0,0,0,0,0,0,0,0,0,0,0,0,0,0,0,0,0,0,0,0,0,0,0,0,0,0,0,0,0,0,0,0,0,0,0,0,0,0,0,0,0,0,0,0,0,0,0,0,0,0,0,0,0,0,0,0,0,0,0,0,0,0,0,0,0,0,0,0,0,0,0,0,0,0,0,0,0,0,0,0,0,0,0,0,0,0,0,0,0,0,0,0,0,0,0,0,0,0,0,0,0,0,0,0,0,0,0,0,0,0,0,0,0,0,0,0,0,0,0,0,0,0,0,0,0,0,0,0,0,0,0,0,0,0,0,0,0,0,0,0,0,0,0,0,0,0,0,0,0,
0,0,0,0,0,0,0,0,0,0,0,0,0,0,0,0,0,0,0,0,0,0,0,0,0,0,0,0,0,0,0,0,0,0,0,0,0,0,0,0,0,0,0,0,0,0,0,0,0,0,0,0,0,0,0,0,0,0,0,0,0,0,0,0,0,0,0,0,0,0,0,0,0,0,0,0,0,0,0,0,0,0,0,0,0,0,0,0,0,0,0,0,0,0,0,0,0,0,0,0,0,0,0,0,0,0,0,0,0,0,0,0,0,0,0,0,0,0,0,0,0,0,0,0,0,0,0,0,0,0,0,0,0,0,0,0,0,0,0,0,0,0,0,0,0,0,0,0,0,0,0,0,0,0,0,0,0,0,0,0,0,0,0,0,0,0,0,0,0,
0,0,0,0,0,0,0,0,0,0,0,0,0,0,0,0,0,0,0,0,0,0,0,0,0,0,0,0,0,0,0,0,0,0,0,0,0,0,0,0,0,0,0,0,0,0,0,0,0,0,0,0,0,0,0,0,0,0,0,0,0,0,0,0,0,0,0,0,0,0,0,0,0,0,0,0,0,0,0,0,0,0,0,0,0,0,0,0,0,0,0,0,0,0,0,0,0,0,0,0,0,0,0,0,0,0,0,0,0,0,0,0,0,0,0,0,0,0,0,0,0,0,0,0,0,0,0,0,0,0,0,0,0,0,0,0,0,0,0,0,0,0,0,0,0,0,0,0,0,0,0,0,0,0,0,0,0,0,0,0,0,0,0,0,0,0,0,0,0,
0,0,0,0,0,0,0,0,0,0,0,0,0,0,0,0,0,0,0,0,0,0,0,0,0,0,0,0,0,0,0,0,0,0,0,0,0,0,0,0,0,0,0,0,0,0,0,0,0,0,0,0,0,0,0,0,0,0,0,0,0,0,0,0,0,0,0,0,0,0,0,0,0,0,0,0,0,0,0,0,0,0,0,0,0,0,0,0,0,0,0,0,0,0,0,0,0,0,0,0,0,0,0,0,0,0,0,0,0,0,0,0,0,0,0,0,0,0,0,0,0,0,0,0,0,0,0,0,0,0,0,0,0,0,0,0,0,0,0,0,0,0,0,0,0,0,0,0,0,0,0,0,0,0,0,0,0,0,0,0,0,0,0,0,0,0,0,0,0,
0,0,0,0,0,0,0,0,0,0,0,0,0,0,0,0,0,0,0,0,0,0,0,0,0,0,0,0,0,0,0,0,0,0,0,0,0,0,0,0,0,0,0,0,0,0,0,0,0,0,0,0,0,0,0,0,0,0,0,0,0,0,0,0,0,0,0,0,0,0,0,0,0,0,0,0,0,0,0,0,0,0,0,0,0,0,0,0,0,0,0,0,0,0,0,0,0,0,0,0,0,0,0,0,0,0,0,0,0,0,0,0,0,0,0,0,0,0,0,0,0,0,0,0,0,0,0,0,0,0,0,0,0,0,0,0,0,0,0,0,0,0,0,0,0,0,0,0,0,0,0,0,0,0,0,0,0,0,0,0,0,0,0,0,0,0,0,0,0,
0,0,0,0,0,0,0,0,0,0,0,0,0,0,0,0,0,0,0,0,0,0,0,0,0,0,0,0,0,0,0,0,0,0,0,0,0,0,0,0,0,0,0,0,0,0,0,0,0,0,0,0,0,0,0,0,0,0,0,0,0,0,0,0,0,0,0,0,0,0,0,0,0,0,0,0,0,0,0,0,0,0,0,0,0,0,0,0,0,0,0,0,0,0,0,0,0,0,0,0,0,0,0,0,0,0,0,0,0,0,0,0,0,0,0,0,0,0,0,0,0,0,0,0,0,0,0,0,0,0,0,0,0,0,0,0,0,0,0,0,0,0,0,0,0,0,0,0,0,0,0,0,0,0,0,0,0,0,0,0,0,0,0,0,0,0,0,0,0,
0,0,0,0,0,0,0,0,0,0,0,0,0,0,0,0,0,0,0,0,0,0,0,0,0,0,0,0,0,0,0,0,0,0,0,0,0,0,0,0,0,0,0,0,0,0,0,0,0,0,0,0,0,0,0,0,0,0,0,0,0,0,0,0,0,0,0,0,0,0,0,0,0,0,0,0,0,0,0,0,0,0,0,0,0,0,0,0,0,0,0,0,0,0,0,0,0,0,0,0,0,0,0,0,0,0,0,0,0,0,0,0,0,0,0,0,0,0,0,0,0,0,0,0,0,0,0,0,0,0,0,0,0,0,0,0,0,0,0,0,0,0,0,0,0,0,0,0,0,0,0,0,0,0,0,0,0,0,0,0,0,0,0,0,0,0,0,0,0,
0,0,0,0,0,0,0,0,0,0,0,0,0,0,0,0,0,0,0,0,0,0,0,0,0,0,0,0,0,0,0,0,0,0,0,0,0,0,0,0,0,0,0,0,0,0,0,0,0,0,0,0,0,0,0,0,0,0,0,0,0,0,0,0,0,0,0,0,0,0,0,0,0,0,0,0,0,0,0,0,0,0,0,0,0,0,0,0,0,0,0,0,0,0,0,0,0,0,0,0,0,0,0,0,0,0,0,0,0,0,0,0,0,0,0,0,0,0,0,0,0,0,0,0,0,0,0,0,0,0,0,0,0,0,0,0,0,0,0,0,0,0,0,0,0,0,0,0,0,0,0,0,0,0,0,0,0,0,0,0,0,0,0,0,0,0,0,0,0,
0,0,0,0,0,0,0,0,0,0,0,0,0,0,0,0,0,0,0,0,0,0,0,0,0,0,0,0,0,0,0,0,0,0,0,0,0,0,0,0,0,0,0,0,0,0,0,0,0,0,0,0,0,0,0,0,0,0,0,0,0,0,0,0,0,0,0,0,0,0,0,0,0,0,0,0,0,0,0,0,0,0,0,0,0,0,0,0,0,0,0,0,0,0,0,0,0,0,0,0,0,0,0,0,0,0,0,0,0,0,0,0,0,0,0,0,0,0,0,0,0,0,0,0,0,0,0,0,0,0,0,0,0,0,0,0,0,0,0,0,0,0,0,0,0,0,0,0,0,0,0,0,0,0,0,0,0,0,0,0,0,0,0,0,0,0,0,0,0,
0,0,0,0,0,0,0,0,0,0,0,0,0,0,0,0,0,0,0,0,0,0,0,0,0,0,0,0,0,0,0,0,0,0,0,0,0,0,0,0,0,0,0,0,0,0,0,0,0,0,0,0,0,0,0,0,0,0,0,0,0,0,0,0,0,0,0,0,0,0,0,0,0,0,0,0,0,0,0,0,0,0,0,0,0,0,0,0,0,0,0,0,0,0,0,0,0,0,0,0,0,0,0,0,0,0,0,0,0,0,0,0,0,0,0,0,0,0,0,0,0,0,0,0,0,0,0,0,0,0,0,0,0,0,0,0,0,0,0,0,0,0,0,0,0,0,0,0,0,0,0,0,0,0,0,0,0,0,0,0,0,0,0,0,0,0,0,0,0,
0,0,0,0,0,0,0,0,0,0,0,0,0,0,0,0,0,0,0,0,0,0,0,0,0,0,0,0,0,0,0,0,0,0,0,0,0,0,0,0,0,0,0,0,0,0,0,0,0,0,0,0,0,0,0,0,0,0,0,0,0,0,0,0,0,0,0,0,0,0,0,0,0,0,0,0,0,0,0,0,0,0,0,0,0,0,0,0,0,0,0,0,0,0,0,0,0,0,0,0,0,0,0,0,0,0,0,0,0,0,0,0,0,0,0,0,0,0,0,0,0,0,0,0,0,0,0,0,0,0,0,0,0,0,0,0,0,0,0,0,0,0,0,0,0,0,0,0,0,0,0,0,0,0,0,0,0,0,0,0,0,0,0,0,0,0,0,0,0,
0,0,0,0,0,0,0,0,0,0,0,0,0,0,0,0,0,0,0,0,0,0,0,0,0,0,0,0,0,0,0,0,0,0,0,0,0,0,0,0,0,0,0,0,0,0,0,0,0,0,0,0,0,0,0,0,0,0,0,0,0,0,0,0,0,0,0,0,0,0,0,0,0,0,0,0,0,0,0,0,0,0,0,0,0,0,0,0,0,0,0,0,0,0,0,0,0,0,0,0,0,0,0,0,0,0,0,0,0,0,0,0,0,0,0,0,0,0,0,0,0,0,0,0,0,0,0,0,0,0,0,0,0,0,0,0,0,0,0,0,0,0,0,0,0,0,0,0,0,0,0,0,0,0,0,0,0,0,0,0,0,0,0,0,0,0,0,0,0,
0,0,0,0,0,0,0,0,0,0,0,0,0,0,0,0,0,0,0,0,0,0,0,0,0,0,0,0,0,0,0,0,0,0,0,0,0,0,0,0,0,0,0,0,0,0,0,0,0,0,0,0,0,0,0,0,0,0,0,0,0,0,0,0,0,0,0,0,0,0,0,0,0,0,0,0,0,0,0,0,0,0,0,0,0,0,0,0,0,0,0,0,0,0,0,0,0,0,0,0,0,0,0,0,0,0,0,0,0,0,0,0,0,0,0,0,0,0,0,0,0,0,0,0,0,0,0,0,0,0,0,0,0,0,0,0,0,0,0,0,0,0,0,0,0,0,0,0,0,0,0,0,0,0,0,0,0,0,0,0,0,0,0,0,0,0,0,0,0,
0,0,0,0,0,0,0,0,0,0,0,0,0,0,0,0,0,0,0,0,0,0,0,0,0,0,0,0,0,0,0,0,0,0,0,0,0,0,0,0,0,0,0,0,0,0,0,0,0,0,0,0,0,0,0,0,0,0,0,0,0,0,0,0,0,0,0,0,0,0,0,0,0,0,0,0,0,0,0,0,0,0,0,0,0,0,0,0,0,0,0,0,0,0,0,0,0,0,0,0,0,0,0,0,0,0,0,0,0,0,0,0,0,0,0,0,0,0,0,0,0,0,0,0,0,0,0,0,0,0,0,0,0,0,0,0,0,0,0,0,0,0,0,0,0,0,0,0,0,0,0,0,0,0,0,0,0,0,0,0,0,0,0,0,0,0,0,0,0,
0,0,0,0,0,0,0,0,0,0,0,0,0,0,0,0,0,0,0,0,0,0,0,0,0,0,0,0,0,0,0,0,0,0,0,0,0,0,0,0,0,0,0,0,0,0,0,0,0,0,0,0,0,0,0,0,0,0,0,0,0,0,0,0,0,0,0,0,0,0,0,0,0,0,0,0,0,0,0,0,0,0,0,0,0,0,0,0,0,0,0,0,0,0,0,0,0,0,0,0,0,0,0,0,0,0,0,0,0,0,0,0,0,0,0,0,0,0,0,0,0,0,0,0,0,0,0,0,0,0,0,0,0,0,0,0,0,0,0,0,0,0,0,0,0,0,0,0,0,0,0,0,0,0,0,0,0,0,0,0,0,0,0,0,0,0,0,0,0,
0,0,0,0,0,0,0,0,0,0,0,0,0,0,0,0,0,0,0,0,0,0,0,0,0,0,0,0,0,0,0,0,0,0,0,0,0,0,0,0,0,0,0,0,0,0,0,0,0,0,0,0,0,0,0,0,0,0,0,0,0,0,0,0,0,0,0,0,0,0,0,0,0,0,0,0,0,0,0,0,0,0,0,0,0,0,0,0,0,0,0,0,0,0,0,0,0,0,0,0,0,0,0,0,0,0,0,0,0,0,0,0,0,0,0,0,0,0,0,0,0,0,0,0,0,0,0,0,0,0,0,0,0,0,0,0,0,0,0,0,0,0,0,0,0,0,0,0,0,0,0,0,0,0,0,0,0,0,0,0,0,0,0,0,0,0,0,0,0,
0,0,0,0,0,0,0,0,0,0,0,0,0,0,0,0,0,0,0,0,0,0,0,0,0,0,0,0,0,0,0,0,0,0,0,0,0,0,0,0,0,0,0,0,0,0,0,0,0,0,0,0,0,0,0,0,0,0,0,0,0,0,0,0,0,0,0,0,0,0,0,0,0,0,0,0,0,0,0,0,0,0,0,0,0,0,0,0,0,0,0,0,0,0,0,0,0,0,0,0,0,0,0,0,0,0,0,0,0,0,0,0,0,0,0,0,0,0,0,0,0,0,0,0,0,0,0,0,0,0,0,0,0,0,0,0,0,0,0,0,0,0,0,0,0,0,0,0,0,0,0,0,0,0,0,0,0,0,0,0,0,0,0,0,0,0,0,0,0,
0,0,0,0,0,0,0,0,0,0,0,0,0,0,0,0,0,0,0,0,0,0,0,0,0,0,0,0,0,0,0,0,0,0,0,0,0,0,0,0,0,0,0,0,0,0,0,0,0,0,0,0,0,0,0,0,0,0,0,0,0,0,0,0,0,0,0,0,0,0,0,0,0,0,0,0,0,0,0,0,0,0,0,0,0,0,0,0,0,0,0,0,0,0,0,0,0,0,0,0,0,0,0,0,0,0,0,0,0,0,0,0,0,0,0,0,0,0,0,0,0,0,0,0,0,0,0,0,0,0,0,0,0,0,0,0,0,0,0,0,0,0,0,0,0,0,0,0,0,0,0,0,0,0,0,0,0,0,0,0,0,0,0,0,0,0,0,0,0,
0,0,0,0,0,0,0,0,0,0,0,0,0,0,0,0,0,0,0,0,0,0,0,0,0,0,0,0,0,0,0,0,0,0,0,0,0,0,0,0,0,0,0,0,0,0,0,0,0,0,0,0,0,0,0,0,0,0,0,0,0,0,0,0,0,0,0,0,0,0,0,0,0,0,0,0,0,0,0,0,0,0,0,0,0,0,0,0,0,0,0,0,0,0,0,0,0,0,0,0,0,0,0,0,0,0,0,0,0,0,0,0,0,0,0,0,0,0,0,0,0,0,0,0,0,0,0,0,0,0,0,0,0,0,0,0,0,0,0,0,0,0,0,0,0,0,0,0,0,0,0,0,0,0,0,0,0,0,0,0,0,0,0,0,0,0,0,0,0,
0,0,0,0,0,0,0,0,0,0,0,0,0,0,0,0,0,0,0,0,0,0,0,0,0,0,0,0,0,0,0,0,0,0,0,0,0,0,0,0,0,0,0,0,0,0,0,0,0,0,0,0,0,0,0,0,0,0,0,0,0,0,0,0,0,0,0,0,0,0,0,0,0,0,0,0,0,0,0,0,0,0,0,0,0,0,0,0,0,0,0,0,0,0,0,0,0,0,0,0,0,0,0,0,0,0,0,0,0,0,0,0,0,0,0,0,0,0,0,0,0,0,0,0,0,0,0,0,0,0,0,0,0,0,0,0,0,0,0,0,0,0,0,0,0,0,0,0,0,0,0,0,0,0,0,0,0,0,0,0,0,0,0,0,0,0,0,0,0,
0,0,0,0,0,0,0,0,0,0,0,0,0,0,0,0,0,0,0,0,0,0,0,0,0,0,0,0,0,0,0,0,0,0,0,0,0,0,0,0,0,0,0,0,0,0,0,0,0,0,0,0,0,0,0,0,0,0,0,0,0,0,0,0,0,0,0,0,0,0,0,0,0,0,0,0,0,0,0,0,0,0,0,0,0,0,0,0,0,0,0,0,0,0,0,0,0,0,0,0,0,0,0,0,0,0,0,0,0,0,0,0,0,0,0,0,0,0,0,0,0,0,0,0,0,0,0,0,0,0,0,0,0,0,0,0,0,0,0,0,0,0,0,0,0,0,0,0,0,0,0,0,0,0,0,0,0,0,0,0,0,0,0,0,0,0,0,0,0,
0,0,0,0,0,0,0,0,0,0,0,0,0,0,0,0,0,0,0,0,0,0,0,0,0,0,0,0,0,0,0,0,0,0,0,0,0,0,0,0,0,0,0,0,0,0,0,0,0,0,0,0,0,0,0,0,0,0,0,0,0,0,0,0,0,0,0,0,0,0,0,0,0,0,0,0,0,0,0,0,0,0,0,0,0,0,0,0,0,0,0,0,0,0,0,0,0,0,0,0,0,0,0,0,0,0,0,0,0,0,0,0,0,0,0,0,0,0,0,0,0,0,0,0,0,0,0,0,0,0,0,0,0,0,0,0,0,0,0,0,0,0,0,0,0,0,0,0,0,0,0,0,0,0,0,0,0,0,0,0,0,0,0,0,0,0,0,0,0,
0,0,0,0,0,0,0,0,0,0,0,0,0,0,0,0,0,0,0,0,0,0,0,0,0,0,0,0,0,0,0,0,0,0,0,0,0,0,0,0,0,0,0,0,0,0,0,0,0,0,0,0,0,0,0,0,0,0,0,0,0,0,0,0,0,0,0,0,0,0,0,0,0,0,0,0,0,0,0,0,0,0,0,0,0,0,0,0,0,0,0,0,0,0,0,0,0,0,0,0,0,0,0,0,0,0,0,0,0,0,0,0,0,0,0,0,0,0,0,0,0,0,0,0,0,0,0,0,0,0,0,0,0,0,0,0,0,0,0,0,0,0,0,0,0,0,0,0,0,0,0,0,0,0,0,0,0,0,0,0,0,0,0,0,0,0,0,0,0,
0,0,0,0,0,0,0,0,0,0,0,0,0,0,0,0,0,0,0,0,0,0,0,0,0,0,0,0,0,0,0,0,0,0,0,0,0,0,0,0,0,0,0,0,0,0,0,0,0,0,0,0,0,0,0,0,0,0,0,0,0,0,0,0,0,0,0,0,0,0,0,0,0,0,0,0,0,0,0,0,0,0,0,0,0,0,0,0,0,0,0,0,0,0,0,0,0,0,0,0,0,0,0,0,0,0,0,0,0,0,0,0,0,0,0,0,0,0,0,0,0,0,0,0,0,0,0,0,0,0,0,0,0,0,0,0,0,0,0,0,0,0,0,0,0,0,0,0,0,0,0,0,0,0,0,0,0,0,0,0,0,0,0,0,0,0,0,0,0,
0,0,0,0,0,0,0,0,0,0,0,0,0,0,0,0,0,0,0,0,0,0,0,0,0,0,0,0,0,0,0,0,0,0,0,0,0,0,0,0,0,0,0,0,0,0,0,0,0,0,0,0,0,0,0,0,0,0,0,0,0,0,0,0,0,0,0,0,0,0,0,0,0,0,0,0,0,0,0,0,0,0,0,0,0,0,0,0,0,0,0,0,0,0,0,0,0,0,0,0,0,0,0,0,0,0,0,0,0,0,0,0,0,0,0,0,0,0,0,0,0,0,0,0,0,0,0,0,0,0,0,0,0,0,0,0,0,0,0,0,0,0,0,0,0,0,0,0,0,0,0,0,0,0,0,0,0,0,0,0,0,0,0,0,0,0,0,0,0,
0,0,0,0,0,0,0,0,0,0,0,0,0,0,0,0,0,0,0,0,0,0,0,0,0,0,0,0,0,0,0,0,0,0,0,0,0,0,0,0,0,0,0,0,0,0,0,0,0,0,0,0,0,0,0,0,0,0,0,0,0,0,0,0,0,0,0,0,0,0,0,0,0,0,0,0,0,0,0,0,0,0,0,0,0,0,0,0,0,0,0,0,0,0,0,0,0,0,0,0,0,0,0,0,0,0,0,0,0,0,0,0,0,0,0,0,0,0,0,0,0,0,0,0,0,0,0,0,0,0,0,0,0,0,0,0,0,0,0,0,0,0,0,0,0,0,0,0,0,0,0,0,0,0,0,0,0,0,0,0,0,0,0,0,0,0,0,0,0,
0,0,0,0,0,0,0,0,0,0,0,0,0,0,0,0,0,0,0,0,0,0,0,0,0,0,0,0,0,0,0,0,0,0,0,0,0,0,0,0,0,0,0,0,0,0,0,0,0,0,0,0,0,0,0,0,0,0,0,0,0,0,0,0,0,0,0,0,0,0,0,0,0,0,0,0,0,0,0,0,0,0,0,0,0,0,0,0,0,0,0,0,0,0,0,0,0,0,0,0,0,0,0,0,0,0,0,0,0,0,0,0,0,0,0,0,0,0,0,0,0,0,0,0,0,0,0,0,0,0,0,0,0,0,0,0,0,0,0,0,0,0,0,0,0,0,0,0,0,0,0,0,0,0,0,0,0,0,0,0,0,0,0,0,0,0,0,0,0,
0,0,0,0,0,0,0,0,0,0,0,0,0,0,0,0,0,0,0,0,0,0,0,0,0,0,0,0,0,0,0,0,0,0,0,0,0,0,0,0,0,0,0,0,0,0,0,0,0,0,0,0,0,0,0,0,0,0,0,0,0,0,0,0,0,0,0,0,0,0,0,0,0,0,0,0,0,0,0,0,0,0,0,0,0,0,0,0,0,0,0,0,0,0,0,0,0,0,0,0,0,0,0,0,0,0,0,0,0,0,0,0,0,0,0,0,0,0,0,0,0,0,0,0,0,0,0,0,0,0,0,0,0,0,0,0,0,0,0,0,0,0,0,0,0,0,0,0,0,0,0,0,0,0,0,0,0,0,0,0,0,0,0,0,0,0,0,0,0,
0,0,0,0,0,0,0,0,0,0,0,0,0,0,0,0,0,0,0,0,0,0,0,0,0,0,0,0,0,0,0,0,0,0,0,0,0,0,0,0,0,0,0,0,0,0,0,0,0,0,0,0,0,0,0,0,0,0,0,0,0,0,0,0,0,0,0,0,0,0,0,0,0,0,0,0,0,0,0,0,0,0,0,0,0,0,0,0,0,0,0,0,0,0,0,0,0,0,0,0,0,0,0,0,0,0,0,0,0,0,0,0,0,0,0,0,0,0,0,0,0,0,0,0,0,0,0,0,0,0,0,0,0,0,0,0,0,0,0,0,0,0,0,0,0,0,0,0,0,0,0,0,0,0,0,0,0,0,0,0,0,0,0,0,0,0,0,0,0,
0,0,0,0,0,0,0,0,0,0,0,0,0,0,0,0,0,0,0,0,0,0,0,0,0,0,0,0,0,0,0,0,0,0,0,0,0,0,0,0,0,0,0,0,0,0,0,0,0,0,0,0,0,0,0,0,0,0,0,0,0,0,0,0,0,0,0,0,0,0,0,0,0,0,0,0,0,0,0,0,0,0,0,0,0,0,0,0,0,0,0,0,0,0,0,0,0,0,0,0,0,0,0,0,0,0,0,0,0,0,0,0,0,0,0,0,0,0,0,0,0,0,0,0,0,0,0,0,0,0,0,0,0,0,0,0,0,0,0,0,0,0,0,0,0,0,0,0,0,0,0,0,0,0,0,0,0,0,0,0,0,0,0,0,0,0,0,0,0,
